[
    {
        "case_id": "2954",
        "case_type": "字符串",
        "debugScore": 659.82,
        "firstConsScore": 65.45,
        "algorthmScore": 300.04
    },
    {
        "case_id": "2975",
        "case_type": "字符串",
        "debugScore": 82.68,
        "firstConsScore": 279.81,
        "algorthmScore": 355.93
    },
    {
        "case_id": "2942",
        "case_type": "字符串",
        "debugScore": 371.01,
        "firstConsScore": 132.71,
        "algorthmScore": 277.79
    },
    {
        "case_id": "2974",
        "case_type": "字符串",
        "debugScore": 97.32,
        "firstConsScore": 234.34,
        "algorthmScore": 263.62
    },
    {
        "case_id": "2963",
        "case_type": "字符串",
        "debugScore": 122.46,
        "firstConsScore": 301.49,
        "algorthmScore": 271.28
    },
    {
        "case_id": "2984",
        "case_type": "字符串",
        "debugScore": 175.58,
        "firstConsScore": 266.49,
        "algorthmScore": 188.08
    },
    {
        "case_id": "2961",
        "case_type": "字符串",
        "debugScore": 96.64,
        "firstConsScore": 447.26,
        "algorthmScore": 271.89
    },
    {
        "case_id": "2972",
        "case_type": "字符串",
        "debugScore": 109.77,
        "firstConsScore": 318.36,
        "algorthmScore": 287.05
    },
    {
        "case_id": "2981",
        "case_type": "字符串",
        "debugScore": 90.21,
        "firstConsScore": 317.78,
        "algorthmScore": 347.23
    },
    {
        "case_id": "2970",
        "case_type": "字符串",
        "debugScore": 111.67,
        "firstConsScore": 276.33,
        "algorthmScore": 350.82
    },
    {
        "case_id": "2969",
        "case_type": "字符串",
        "debugScore": 125.36,
        "firstConsScore": 287.42,
        "algorthmScore": 348.74
    },
    {
        "case_id": "2979",
        "case_type": "字符串",
        "debugScore": 93.76,
        "firstConsScore": 290.61,
        "algorthmScore": 361.32
    },
    {
        "case_id": "2946",
        "case_type": "字符串",
        "debugScore": 81.27,
        "firstConsScore": 372.41,
        "algorthmScore": 279.63
    },
    {
        "case_id": "2968",
        "case_type": "字符串",
        "debugScore": 107.61,
        "firstConsScore": 318.77,
        "algorthmScore": 368.38
    },
    {
        "case_id": "2957",
        "case_type": "字符串",
        "debugScore": 884.79,
        "firstConsScore": 108.28,
        "algorthmScore": 269.96
    },
    {
        "case_id": "2978",
        "case_type": "字符串",
        "debugScore": 67.14,
        "firstConsScore": 329.5,
        "algorthmScore": 301.09
    },
    {
        "case_id": "2945",
        "case_type": "字符串",
        "debugScore": 82.75,
        "firstConsScore": 290.15,
        "algorthmScore": 288.07
    },
    {
        "case_id": "2956",
        "case_type": "字符串",
        "debugScore": 106.37,
        "firstConsScore": 217.12,
        "algorthmScore": 305.73
    }
]