[
    {
        "case_id": "2525",
        "case_type": "排序算法",
        "debugScore": 85.29,
        "firstConsScore": 185.25,
        "algorthmScore": 200.81
    },
    {
        "case_id": "2523",
        "case_type": "排序算法",
        "debugScore": 90.36,
        "firstConsScore": 238.71,
        "algorthmScore": 254.62
    },
    {
        "case_id": "2521",
        "case_type": "排序算法",
        "debugScore": 93.94,
        "firstConsScore": 318.96,
        "algorthmScore": 265.53
    },
    {
        "case_id": "2532",
        "case_type": "排序算法",
        "debugScore": 90.95,
        "firstConsScore": 380.95,
        "algorthmScore": 317.56
    },
    {
        "case_id": "2531",
        "case_type": "排序算法",
        "debugScore": 79.16,
        "firstConsScore": 290.83,
        "algorthmScore": 281.22
    },
    {
        "case_id": "2530",
        "case_type": "排序算法",
        "debugScore": 72.8,
        "firstConsScore": 322.47,
        "algorthmScore": 278.37
    },
    {
        "case_id": "2497",
        "case_type": "排序算法",
        "debugScore": 82.11,
        "firstConsScore": 242.86,
        "algorthmScore": 248.88
    },
    {
        "case_id": "2519",
        "case_type": "排序算法",
        "debugScore": 78.91,
        "firstConsScore": 274.3,
        "algorthmScore": 309.83
    },
    {
        "case_id": "2529",
        "case_type": "排序算法",
        "debugScore": 80.16,
        "firstConsScore": 308.16,
        "algorthmScore": 306.26
    },
    {
        "case_id": "2528",
        "case_type": "排序算法",
        "debugScore": 31.89,
        "firstConsScore": 325.97,
        "algorthmScore": 239.98
    },
    {
        "case_id": "2527",
        "case_type": "排序算法",
        "debugScore": 92.8,
        "firstConsScore": 362.76,
        "algorthmScore": 254.85
    }
]