[
    {
        "case_id": "2650",
        "case_type": "树结构",
        "debugScore": 103.37,
        "firstConsScore": 418.52,
        "algorthmScore": 294.45
    },
    {
        "case_id": "2353",
        "case_type": "树结构",
        "debugScore": 95.88,
        "firstConsScore": 395.59,
        "algorthmScore": 276.88
    },
    {
        "case_id": "2397",
        "case_type": "树结构",
        "debugScore": 327.85,
        "firstConsScore": 210.72,
        "algorthmScore": 300.9
    },
    {
        "case_id": "2524",
        "case_type": "树结构",
        "debugScore": 601.35,
        "firstConsScore": 167.43,
        "algorthmScore": 384.58
    },
    {
        "case_id": "2600",
        "case_type": "树结构",
        "debugScore": 578.21,
        "firstConsScore": 334.21,
        "algorthmScore": 292.4
    },
    {
        "case_id": "2400",
        "case_type": "树结构",
        "debugScore": 964.92,
        "firstConsScore": 413.38,
        "algorthmScore": 277.83
    },
    {
        "case_id": "2509",
        "case_type": "树结构",
        "debugScore": 89.65,
        "firstConsScore": 409.11,
        "algorthmScore": 252.45
    },
    {
        "case_id": "2605",
        "case_type": "树结构",
        "debugScore": 170.79,
        "firstConsScore": 443.97,
        "algorthmScore": 212.19
    },
    {
        "case_id": "2549",
        "case_type": "树结构",
        "debugScore": 95.72,
        "firstConsScore": 397.58,
        "algorthmScore": 279.47
    },
    {
        "case_id": "2648",
        "case_type": "树结构",
        "debugScore": 597.81,
        "firstConsScore": 267.03,
        "algorthmScore": 348.44
    },
    {
        "case_id": "2540",
        "case_type": "树结构",
        "debugScore": 219.96,
        "firstConsScore": 210.08,
        "algorthmScore": 311.54
    },
    {
        "case_id": "2660",
        "case_type": "树结构",
        "debugScore": 107.68,
        "firstConsScore": 369.79,
        "algorthmScore": 296.22
    },
    {
        "case_id": "2382",
        "case_type": "树结构",
        "debugScore": 179.07,
        "firstConsScore": 367.38,
        "algorthmScore": 280.71
    },
    {
        "case_id": "2416",
        "case_type": "树结构",
        "debugScore": 229.09,
        "firstConsScore": 394.65,
        "algorthmScore": 289.27
    },
    {
        "case_id": "2636",
        "case_type": "树结构",
        "debugScore": 265.57,
        "firstConsScore": 495.38,
        "algorthmScore": 227.36
    },
    {
        "case_id": "2657",
        "case_type": "树结构",
        "debugScore": 100.79,
        "firstConsScore": 414.15,
        "algorthmScore": 337.55
    },
    {
        "case_id": "2633",
        "case_type": "树结构",
        "debugScore": 154.13,
        "firstConsScore": 412.62,
        "algorthmScore": 269.05
    },
    {
        "case_id": "2699",
        "case_type": "树结构",
        "debugScore": 597.1,
        "firstConsScore": 339.42,
        "algorthmScore": 361.44
    },
    {
        "case_id": "2599",
        "case_type": "树结构",
        "debugScore": 99.8,
        "firstConsScore": 444.64,
        "algorthmScore": 249.32
    },
    {
        "case_id": "2632",
        "case_type": "树结构",
        "debugScore": 482.27,
        "firstConsScore": 401.1,
        "algorthmScore": 271.45
    },
    {
        "case_id": "2654",
        "case_type": "树结构",
        "debugScore": 110.29,
        "firstConsScore": 367.47,
        "algorthmScore": 300.02
    },
    {
        "case_id": "2598",
        "case_type": "树结构",
        "debugScore": 79.47,
        "firstConsScore": 405.52,
        "algorthmScore": 240.21
    },
    {
        "case_id": "2631",
        "case_type": "树结构",
        "debugScore": 260.27,
        "firstConsScore": 400.82,
        "algorthmScore": 317.63
    },
    {
        "case_id": "2697",
        "case_type": "树结构",
        "debugScore": 96.64,
        "firstConsScore": 337.58,
        "algorthmScore": 275.99
    },
    {
        "case_id": "2696",
        "case_type": "树结构",
        "debugScore": 715.93,
        "firstConsScore": 343.62,
        "algorthmScore": 360.67
    },
    {
        "case_id": "2355",
        "case_type": "树结构",
        "debugScore": 658.34,
        "firstConsScore": 324.15,
        "algorthmScore": 304.67
    },
    {
        "case_id": "2695",
        "case_type": "树结构",
        "debugScore": 113.57,
        "firstConsScore": 403.48,
        "algorthmScore": 308.53
    },
    {
        "case_id": "2398",
        "case_type": "树结构",
        "debugScore": 267.31,
        "firstConsScore": 337.23,
        "algorthmScore": 246.66
    },
    {
        "case_id": "2638",
        "case_type": "树结构",
        "debugScore": 103.09,
        "firstConsScore": 402.19,
        "algorthmScore": 289.82
    }
]