[
    {
        "case_id": "2363",
        "case_type": "数字操作",
        "debugScore": 86.27,
        "firstConsScore": 166.26,
        "algorthmScore": 97.67
    },
    {
        "case_id": "2250",
        "case_type": "数字操作",
        "debugScore": 91.5,
        "firstConsScore": 144.19,
        "algorthmScore": 227.35
    },
    {
        "case_id": "2403",
        "case_type": "数字操作",
        "debugScore": 79.03,
        "firstConsScore": 182.28,
        "algorthmScore": 229.13
    },
    {
        "case_id": "2411",
        "case_type": "数字操作",
        "debugScore": 74.09,
        "firstConsScore": 186.62,
        "algorthmScore": 357.23
    },
    {
        "case_id": "2421",
        "case_type": "数字操作",
        "debugScore": 69.54,
        "firstConsScore": 154.16,
        "algorthmScore": 264.48
    },
    {
        "case_id": "2377",
        "case_type": "数字操作",
        "debugScore": 66.45,
        "firstConsScore": 151.92,
        "algorthmScore": 226.02
    },
    {
        "case_id": "2420",
        "case_type": "数字操作",
        "debugScore": 68.03,
        "firstConsScore": 164.0,
        "algorthmScore": 180.5
    },
    {
        "case_id": "2442",
        "case_type": "数字操作",
        "debugScore": 80.59,
        "firstConsScore": 178.78,
        "algorthmScore": 220.84
    },
    {
        "case_id": "2409",
        "case_type": "数字操作",
        "debugScore": 647.87,
        "firstConsScore": 51.6,
        "algorthmScore": 242.41
    },
    {
        "case_id": "2408",
        "case_type": "数字操作",
        "debugScore": 76.42,
        "firstConsScore": 148.05,
        "algorthmScore": 136.69
    },
    {
        "case_id": "2419",
        "case_type": "数字操作",
        "debugScore": 75.29,
        "firstConsScore": 160.61,
        "algorthmScore": 189.57
    },
    {
        "case_id": "2518",
        "case_type": "数字操作",
        "debugScore": 75.59,
        "firstConsScore": 131.69,
        "algorthmScore": 245.86
    },
    {
        "case_id": "2407",
        "case_type": "数字操作",
        "debugScore": 32.5,
        "firstConsScore": 87.74,
        "algorthmScore": 178.94
    }
]