[
    {
        "case_id": "2092",
        "case_type": "数字操作",
        "debugScore": 121.66,
        "firstConsScore": 535.88,
        "algorthmScore": 258.43
    },
    {
        "case_id": "2276",
        "case_type": "数字操作",
        "debugScore": 103.29,
        "firstConsScore": 417.45,
        "algorthmScore": 273.08
    },
    {
        "case_id": "2275",
        "case_type": "数字操作",
        "debugScore": 130.4,
        "firstConsScore": 475.38,
        "algorthmScore": 246.16
    },
    {
        "case_id": "2330",
        "case_type": "数字操作",
        "debugScore": 87.82,
        "firstConsScore": 388.57,
        "algorthmScore": 124.29
    },
    {
        "case_id": "2250",
        "case_type": "数字操作",
        "debugScore": 91.5,
        "firstConsScore": 246.85,
        "algorthmScore": 139.44
    },
    {
        "case_id": "2370",
        "case_type": "数字操作",
        "debugScore": 84.11,
        "firstConsScore": 347.62,
        "algorthmScore": 270.54
    },
    {
        "case_id": "2403",
        "case_type": "数字操作",
        "debugScore": 97.27,
        "firstConsScore": 287.27,
        "algorthmScore": 202.78
    },
    {
        "case_id": "2326",
        "case_type": "数字操作",
        "debugScore": 69.8,
        "firstConsScore": 428.22,
        "algorthmScore": 320.27
    },
    {
        "case_id": "2402",
        "case_type": "数字操作",
        "debugScore": 115.64,
        "firstConsScore": 340.8,
        "algorthmScore": 226.71
    },
    {
        "case_id": "2401",
        "case_type": "数字操作",
        "debugScore": 88.98,
        "firstConsScore": 333.92,
        "algorthmScore": 126.45
    },
    {
        "case_id": "2324",
        "case_type": "数字操作",
        "debugScore": 104.1,
        "firstConsScore": 405.51,
        "algorthmScore": 256.85
    },
    {
        "case_id": "2367",
        "case_type": "数字操作",
        "debugScore": 91.57,
        "firstConsScore": 323.86,
        "algorthmScore": 248.08
    },
    {
        "case_id": "2421",
        "case_type": "数字操作",
        "debugScore": 77.62,
        "firstConsScore": 314.83,
        "algorthmScore": 309.11
    },
    {
        "case_id": "2322",
        "case_type": "数字操作",
        "debugScore": 95.27,
        "firstConsScore": 420.99,
        "algorthmScore": 174.81
    },
    {
        "case_id": "2420",
        "case_type": "数字操作",
        "debugScore": 68.03,
        "firstConsScore": 303.97,
        "algorthmScore": 255.7
    },
    {
        "case_id": "2442",
        "case_type": "数字操作",
        "debugScore": 80.59,
        "firstConsScore": 294.12,
        "algorthmScore": 289.81
    },
    {
        "case_id": "2321",
        "case_type": "数字操作",
        "debugScore": 101.51,
        "firstConsScore": 406.59,
        "algorthmScore": 262.94
    },
    {
        "case_id": "2409",
        "case_type": "数字操作",
        "debugScore": 73.83,
        "firstConsScore": 294.07,
        "algorthmScore": 262.38
    },
    {
        "case_id": "2408",
        "case_type": "数字操作",
        "debugScore": 73.73,
        "firstConsScore": 289.38,
        "algorthmScore": 296.58
    },
    {
        "case_id": "2407",
        "case_type": "数字操作",
        "debugScore": 76.67,
        "firstConsScore": 309.67,
        "algorthmScore": 249.79
    },
    {
        "case_id": "2329",
        "case_type": "数字操作",
        "debugScore": 102.33,
        "firstConsScore": 412.51,
        "algorthmScore": 211.75
    },
    {
        "case_id": "2364",
        "case_type": "数字操作",
        "debugScore": 96.03,
        "firstConsScore": 400.94,
        "algorthmScore": 288.71
    },
    {
        "case_id": "2363",
        "case_type": "数字操作",
        "debugScore": 86.27,
        "firstConsScore": 310.5,
        "algorthmScore": 284.69
    },
    {
        "case_id": "2362",
        "case_type": "数字操作",
        "debugScore": 82.97,
        "firstConsScore": 302.51,
        "algorthmScore": 150.27
    },
    {
        "case_id": "2162",
        "case_type": "数字操作",
        "debugScore": 89.14,
        "firstConsScore": 375.44,
        "algorthmScore": 264.83
    },
    {
        "case_id": "2360",
        "case_type": "数字操作",
        "debugScore": 105.44,
        "firstConsScore": 366.11,
        "algorthmScore": 167.99
    },
    {
        "case_id": "2381",
        "case_type": "数字操作",
        "debugScore": 172.07,
        "firstConsScore": 338.49,
        "algorthmScore": 237.69
    },
    {
        "case_id": "2239",
        "case_type": "数字操作",
        "debugScore": 88.57,
        "firstConsScore": 277.92,
        "algorthmScore": 137.44
    },
    {
        "case_id": "2216",
        "case_type": "数字操作",
        "debugScore": 111.64,
        "firstConsScore": 333.57,
        "algorthmScore": 246.41
    },
    {
        "case_id": "2379",
        "case_type": "数字操作",
        "debugScore": 79.85,
        "firstConsScore": 389.21,
        "algorthmScore": 256.19
    },
    {
        "case_id": "2411",
        "case_type": "数字操作",
        "debugScore": 74.09,
        "firstConsScore": 303.31,
        "algorthmScore": 128.12
    },
    {
        "case_id": "2377",
        "case_type": "数字操作",
        "debugScore": 66.45,
        "firstConsScore": 303.06,
        "algorthmScore": 220.18
    },
    {
        "case_id": "2332",
        "case_type": "数字操作",
        "debugScore": 103.86,
        "firstConsScore": 484.01,
        "algorthmScore": 364.34
    },
    {
        "case_id": "2419",
        "case_type": "数字操作",
        "debugScore": 75.29,
        "firstConsScore": 317.93,
        "algorthmScore": 280.63
    },
    {
        "case_id": "2518",
        "case_type": "数字操作",
        "debugScore": 75.59,
        "firstConsScore": 315.88,
        "algorthmScore": 253.56
    }
]