[
    {
        "case_id": "2975",
        "case_type": "字符串",
        "debugScore": 82.68,
        "firstConsScore": 204.64,
        "algorthmScore": 267.56
    },
    {
        "case_id": "2984",
        "case_type": "字符串",
        "debugScore": 91.87,
        "firstConsScore": 168.28,
        "algorthmScore": 227.55
    },
    {
        "case_id": "2979",
        "case_type": "字符串",
        "debugScore": 93.76,
        "firstConsScore": 155.86,
        "algorthmScore": 267.93
    },
    {
        "case_id": "2978",
        "case_type": "字符串",
        "debugScore": 66.94,
        "firstConsScore": 196.46,
        "algorthmScore": 233.06
    }
]