[
    {
        "case_id": "2870",
        "case_type": "数组",
        "debugScore": 102.62,
        "firstConsScore": 255.29,
        "algorthmScore": 264.5
    },
    {
        "case_id": "2374",
        "case_type": "数组",
        "debugScore": 92.51,
        "firstConsScore": 346.46,
        "algorthmScore": 253.47
    },
    {
        "case_id": "2393",
        "case_type": "数组",
        "debugScore": 962.02,
        "firstConsScore": 137.33,
        "algorthmScore": 228.65
    },
    {
        "case_id": "2470",
        "case_type": "数组",
        "debugScore": 83.34,
        "firstConsScore": 296.8,
        "algorthmScore": 237.41
    },
    {
        "case_id": "2867",
        "case_type": "数组",
        "debugScore": 918.35,
        "firstConsScore": 164.19,
        "algorthmScore": 165.53
    },
    {
        "case_id": "2823",
        "case_type": "数组",
        "debugScore": 111.08,
        "firstConsScore": 408.68,
        "algorthmScore": 249.69
    },
    {
        "case_id": "2845",
        "case_type": "数组",
        "debugScore": 160.64,
        "firstConsScore": 209.7,
        "algorthmScore": 223.69
    },
    {
        "case_id": "2844",
        "case_type": "数组",
        "debugScore": 111.52,
        "firstConsScore": 223.74,
        "algorthmScore": 138.29
    },
    {
        "case_id": "2866",
        "case_type": "数组",
        "debugScore": 82.82,
        "firstConsScore": 275.3,
        "algorthmScore": 209.28
    },
    {
        "case_id": "2865",
        "case_type": "数组",
        "debugScore": 75.41,
        "firstConsScore": 268.48,
        "algorthmScore": 276.29
    },
    {
        "case_id": "2843",
        "case_type": "数组",
        "debugScore": 77.99,
        "firstConsScore": 234.51,
        "algorthmScore": 147.58
    },
    {
        "case_id": "2469",
        "case_type": "数组",
        "debugScore": 103.45,
        "firstConsScore": 228.08,
        "algorthmScore": 294.5
    },
    {
        "case_id": "2842",
        "case_type": "数组",
        "debugScore": 108.29,
        "firstConsScore": 354.89,
        "algorthmScore": 250.75
    },
    {
        "case_id": "2864",
        "case_type": "数组",
        "debugScore": 114.6,
        "firstConsScore": 339.65,
        "algorthmScore": 253.13
    },
    {
        "case_id": "2863",
        "case_type": "数组",
        "debugScore": 84.28,
        "firstConsScore": 185.6,
        "algorthmScore": 154.98
    },
    {
        "case_id": "2840",
        "case_type": "数组",
        "debugScore": 80.88,
        "firstConsScore": 202.51,
        "algorthmScore": 180.44
    },
    {
        "case_id": "2861",
        "case_type": "数组",
        "debugScore": 79.57,
        "firstConsScore": 197.21,
        "algorthmScore": 142.0
    },
    {
        "case_id": "2849",
        "case_type": "数组",
        "debugScore": 394.65,
        "firstConsScore": 164.96,
        "algorthmScore": 115.47
    },
    {
        "case_id": "2848",
        "case_type": "数组",
        "debugScore": 85.23,
        "firstConsScore": 218.73,
        "algorthmScore": 216.54
    },
    {
        "case_id": "2824",
        "case_type": "数组",
        "debugScore": 89.12,
        "firstConsScore": 223.24,
        "algorthmScore": 128.23
    },
    {
        "case_id": "2868",
        "case_type": "数组",
        "debugScore": 88.1,
        "firstConsScore": 272.29,
        "algorthmScore": 204.49
    },
    {
        "case_id": "2384",
        "case_type": "数组",
        "debugScore": 97.01,
        "firstConsScore": 219.92,
        "algorthmScore": 185.71
    },
    {
        "case_id": "2834",
        "case_type": "数组",
        "debugScore": 77.72,
        "firstConsScore": 268.34,
        "algorthmScore": 248.95
    },
    {
        "case_id": "2877",
        "case_type": "数组",
        "debugScore": 604.22,
        "firstConsScore": 228.38,
        "algorthmScore": 129.03
    },
    {
        "case_id": "2855",
        "case_type": "数组",
        "debugScore": 79.92,
        "firstConsScore": 280.39,
        "algorthmScore": 262.79
    },
    {
        "case_id": "2854",
        "case_type": "数组",
        "debugScore": 88.3,
        "firstConsScore": 227.93,
        "algorthmScore": 266.64
    },
    {
        "case_id": "2832",
        "case_type": "数组",
        "debugScore": 84.17,
        "firstConsScore": 210.94,
        "algorthmScore": 137.43
    },
    {
        "case_id": "2875",
        "case_type": "数组",
        "debugScore": 74.56,
        "firstConsScore": 258.67,
        "algorthmScore": 237.34
    },
    {
        "case_id": "2831",
        "case_type": "数组",
        "debugScore": 89.78,
        "firstConsScore": 208.35,
        "algorthmScore": 191.63
    },
    {
        "case_id": "2853",
        "case_type": "数组",
        "debugScore": 106.45,
        "firstConsScore": 214.85,
        "algorthmScore": 142.63
    },
    {
        "case_id": "2852",
        "case_type": "数组",
        "debugScore": 92.08,
        "firstConsScore": 296.3,
        "algorthmScore": 225.91
    },
    {
        "case_id": "2830",
        "case_type": "数组",
        "debugScore": 84.13,
        "firstConsScore": 237.56,
        "algorthmScore": 138.86
    },
    {
        "case_id": "2873",
        "case_type": "数组",
        "debugScore": 81.47,
        "firstConsScore": 232.26,
        "algorthmScore": 172.79
    },
    {
        "case_id": "2851",
        "case_type": "数组",
        "debugScore": 371.04,
        "firstConsScore": 184.13,
        "algorthmScore": 111.56
    },
    {
        "case_id": "2872",
        "case_type": "数组",
        "debugScore": 853.62,
        "firstConsScore": 142.73,
        "algorthmScore": 259.34
    },
    {
        "case_id": "2850",
        "case_type": "数组",
        "debugScore": 84.73,
        "firstConsScore": 293.05,
        "algorthmScore": 246.07
    },
    {
        "case_id": "2819",
        "case_type": "数组",
        "debugScore": 132.39,
        "firstConsScore": 259.69,
        "algorthmScore": 293.59
    },
    {
        "case_id": "2838",
        "case_type": "数组",
        "debugScore": 77.66,
        "firstConsScore": 229.94,
        "algorthmScore": 141.73
    },
    {
        "case_id": "2859",
        "case_type": "数组",
        "debugScore": 83.97,
        "firstConsScore": 262.59,
        "algorthmScore": 260.88
    },
    {
        "case_id": "2837",
        "case_type": "数组",
        "debugScore": 79.15,
        "firstConsScore": 205.86,
        "algorthmScore": 126.84
    },
    {
        "case_id": "2815",
        "case_type": "数组",
        "debugScore": 77.87,
        "firstConsScore": 250.94,
        "algorthmScore": 256.88
    },
    {
        "case_id": "2836",
        "case_type": "数组",
        "debugScore": 97.01,
        "firstConsScore": 237.92,
        "algorthmScore": 229.51
    },
    {
        "case_id": "2858",
        "case_type": "数组",
        "debugScore": 118.89,
        "firstConsScore": 205.71,
        "algorthmScore": 134.0
    },
    {
        "case_id": "2835",
        "case_type": "数组",
        "debugScore": 90.2,
        "firstConsScore": 213.19,
        "algorthmScore": 149.14
    },
    {
        "case_id": "2857",
        "case_type": "数组",
        "debugScore": 145.1,
        "firstConsScore": 504.67,
        "algorthmScore": 254.15
    }
]