[
    {
        "case_id": "2870",
        "case_type": "数组",
        "debugScore": 102.62,
        "firstConsScore": 172.91,
        "algorthmScore": 219.41
    },
    {
        "case_id": "2374",
        "case_type": "数组",
        "debugScore": 429.99,
        "firstConsScore": 85.28,
        "algorthmScore": 402.7
    },
    {
        "case_id": "2393",
        "case_type": "数组",
        "debugScore": 959.33,
        "firstConsScore": 112.04,
        "algorthmScore": 346.55
    },
    {
        "case_id": "2470",
        "case_type": "数组",
        "debugScore": 549.3,
        "firstConsScore": 0.0,
        "algorthmScore": 268.09
    },
    {
        "case_id": "2867",
        "case_type": "数组",
        "debugScore": 79.5,
        "firstConsScore": 169.49,
        "algorthmScore": 166.39
    },
    {
        "case_id": "2845",
        "case_type": "数组",
        "debugScore": 160.64,
        "firstConsScore": 176.4,
        "algorthmScore": 212.36
    },
    {
        "case_id": "2823",
        "case_type": "数组",
        "debugScore": 111.08,
        "firstConsScore": 274.08,
        "algorthmScore": 260.81
    },
    {
        "case_id": "2844",
        "case_type": "数组",
        "debugScore": 111.52,
        "firstConsScore": 215.7,
        "algorthmScore": 207.47
    },
    {
        "case_id": "2866",
        "case_type": "数组",
        "debugScore": 82.82,
        "firstConsScore": 178.81,
        "algorthmScore": 240.81
    },
    {
        "case_id": "2865",
        "case_type": "数组",
        "debugScore": 75.41,
        "firstConsScore": 214.19,
        "algorthmScore": 246.34
    },
    {
        "case_id": "2843",
        "case_type": "数组",
        "debugScore": 77.99,
        "firstConsScore": 199.71,
        "algorthmScore": 222.5
    },
    {
        "case_id": "2469",
        "case_type": "数组",
        "debugScore": 103.45,
        "firstConsScore": 191.7,
        "algorthmScore": 138.38
    },
    {
        "case_id": "2864",
        "case_type": "数组",
        "debugScore": 114.6,
        "firstConsScore": 234.58,
        "algorthmScore": 312.79
    },
    {
        "case_id": "2842",
        "case_type": "数组",
        "debugScore": 108.29,
        "firstConsScore": 227.09,
        "algorthmScore": 367.39
    },
    {
        "case_id": "2863",
        "case_type": "数组",
        "debugScore": 84.28,
        "firstConsScore": 141.61,
        "algorthmScore": 139.33
    },
    {
        "case_id": "2840",
        "case_type": "数组",
        "debugScore": 80.88,
        "firstConsScore": 152.96,
        "algorthmScore": 156.11
    },
    {
        "case_id": "2861",
        "case_type": "数组",
        "debugScore": 79.57,
        "firstConsScore": 184.79,
        "algorthmScore": 253.68
    },
    {
        "case_id": "2849",
        "case_type": "数组",
        "debugScore": 387.09,
        "firstConsScore": 262.68,
        "algorthmScore": 116.5
    },
    {
        "case_id": "2848",
        "case_type": "数组",
        "debugScore": 409.24,
        "firstConsScore": 248.28,
        "algorthmScore": 279.75
    },
    {
        "case_id": "2868",
        "case_type": "数组",
        "debugScore": 88.1,
        "firstConsScore": 198.8,
        "algorthmScore": 250.14
    },
    {
        "case_id": "2824",
        "case_type": "数组",
        "debugScore": 89.12,
        "firstConsScore": 172.94,
        "algorthmScore": 253.82
    },
    {
        "case_id": "2384",
        "case_type": "数组",
        "debugScore": 97.01,
        "firstConsScore": 200.38,
        "algorthmScore": 302.25
    },
    {
        "case_id": "2834",
        "case_type": "数组",
        "debugScore": 82.17,
        "firstConsScore": 155.0,
        "algorthmScore": 275.47
    },
    {
        "case_id": "2877",
        "case_type": "数组",
        "debugScore": 607.25,
        "firstConsScore": 128.83,
        "algorthmScore": 177.92
    },
    {
        "case_id": "2855",
        "case_type": "数组",
        "debugScore": 780.99,
        "firstConsScore": 140.5,
        "algorthmScore": 133.7
    },
    {
        "case_id": "2854",
        "case_type": "数组",
        "debugScore": 472.05,
        "firstConsScore": 309.46,
        "algorthmScore": 245.75
    },
    {
        "case_id": "2832",
        "case_type": "数组",
        "debugScore": 84.17,
        "firstConsScore": 217.18,
        "algorthmScore": 239.61
    },
    {
        "case_id": "2875",
        "case_type": "数组",
        "debugScore": 74.56,
        "firstConsScore": 163.36,
        "algorthmScore": 101.82
    },
    {
        "case_id": "2831",
        "case_type": "数组",
        "debugScore": 89.78,
        "firstConsScore": 181.72,
        "algorthmScore": 191.37
    },
    {
        "case_id": "2853",
        "case_type": "数组",
        "debugScore": 106.45,
        "firstConsScore": 184.36,
        "algorthmScore": 239.09
    },
    {
        "case_id": "2830",
        "case_type": "数组",
        "debugScore": 84.13,
        "firstConsScore": 166.88,
        "algorthmScore": 289.31
    },
    {
        "case_id": "2852",
        "case_type": "数组",
        "debugScore": 92.08,
        "firstConsScore": 183.17,
        "algorthmScore": 281.2
    },
    {
        "case_id": "2873",
        "case_type": "数组",
        "debugScore": 81.47,
        "firstConsScore": 212.58,
        "algorthmScore": 204.84
    },
    {
        "case_id": "2851",
        "case_type": "数组",
        "debugScore": 369.4,
        "firstConsScore": 156.03,
        "algorthmScore": 184.54
    },
    {
        "case_id": "2872",
        "case_type": "数组",
        "debugScore": 358.89,
        "firstConsScore": 144.35,
        "algorthmScore": 165.71
    },
    {
        "case_id": "2850",
        "case_type": "数组",
        "debugScore": 99.6,
        "firstConsScore": 230.47,
        "algorthmScore": 144.21
    },
    {
        "case_id": "2819",
        "case_type": "数组",
        "debugScore": 618.23,
        "firstConsScore": 117.08,
        "algorthmScore": 303.35
    },
    {
        "case_id": "2838",
        "case_type": "数组",
        "debugScore": 77.66,
        "firstConsScore": 186.85,
        "algorthmScore": 215.38
    },
    {
        "case_id": "2859",
        "case_type": "数组",
        "debugScore": 217.04,
        "firstConsScore": 184.69,
        "algorthmScore": 162.76
    },
    {
        "case_id": "2837",
        "case_type": "数组",
        "debugScore": 79.15,
        "firstConsScore": 193.03,
        "algorthmScore": 162.92
    },
    {
        "case_id": "2815",
        "case_type": "数组",
        "debugScore": 134.85,
        "firstConsScore": 146.54,
        "algorthmScore": 248.68
    },
    {
        "case_id": "2836",
        "case_type": "数组",
        "debugScore": 291.17,
        "firstConsScore": 180.74,
        "algorthmScore": 240.65
    },
    {
        "case_id": "2858",
        "case_type": "数组",
        "debugScore": 118.89,
        "firstConsScore": 194.16,
        "algorthmScore": 242.44
    },
    {
        "case_id": "2835",
        "case_type": "数组",
        "debugScore": 283.47,
        "firstConsScore": 221.95,
        "algorthmScore": 267.84
    },
    {
        "case_id": "2857",
        "case_type": "数组",
        "debugScore": 352.55,
        "firstConsScore": 100.39,
        "algorthmScore": 218.84
    }
]