[
    {
        "case_id": "2092",
        "case_type": "数字操作",
        "debugScore": 121.66,
        "firstConsScore": 542.39,
        "algorthmScore": 279.45
    },
    {
        "case_id": "2276",
        "case_type": "数字操作",
        "debugScore": 103.29,
        "firstConsScore": 379.09,
        "algorthmScore": 209.26
    },
    {
        "case_id": "2330",
        "case_type": "数字操作",
        "debugScore": 524.47,
        "firstConsScore": 129.3,
        "algorthmScore": 355.08
    },
    {
        "case_id": "2275",
        "case_type": "数字操作",
        "debugScore": 442.29,
        "firstConsScore": 142.51,
        "algorthmScore": 325.31
    },
    {
        "case_id": "2250",
        "case_type": "数字操作",
        "debugScore": 83.53,
        "firstConsScore": 315.03,
        "algorthmScore": 243.43
    },
    {
        "case_id": "2370",
        "case_type": "数字操作",
        "debugScore": 98.06,
        "firstConsScore": 318.36,
        "algorthmScore": 185.25
    },
    {
        "case_id": "2403",
        "case_type": "数字操作",
        "debugScore": 97.27,
        "firstConsScore": 320.76,
        "algorthmScore": 276.98
    },
    {
        "case_id": "2326",
        "case_type": "数字操作",
        "debugScore": 1089.51,
        "firstConsScore": 212.75,
        "algorthmScore": 327.82
    },
    {
        "case_id": "2402",
        "case_type": "数字操作",
        "debugScore": 1460.8,
        "firstConsScore": 237.13,
        "algorthmScore": 258.06
    },
    {
        "case_id": "2324",
        "case_type": "数字操作",
        "debugScore": 851.04,
        "firstConsScore": 274.02,
        "algorthmScore": 284.41
    },
    {
        "case_id": "2401",
        "case_type": "数字操作",
        "debugScore": 1151.05,
        "firstConsScore": 146.87,
        "algorthmScore": 293.49
    },
    {
        "case_id": "2367",
        "case_type": "数字操作",
        "debugScore": 91.57,
        "firstConsScore": 311.55,
        "algorthmScore": 218.1
    },
    {
        "case_id": "2421",
        "case_type": "数字操作",
        "debugScore": 77.62,
        "firstConsScore": 290.0,
        "algorthmScore": 262.22
    },
    {
        "case_id": "2322",
        "case_type": "数字操作",
        "debugScore": 755.74,
        "firstConsScore": 86.18,
        "algorthmScore": 445.74
    },
    {
        "case_id": "2420",
        "case_type": "数字操作",
        "debugScore": 68.03,
        "firstConsScore": 239.45,
        "algorthmScore": 134.93
    },
    {
        "case_id": "2442",
        "case_type": "数字操作",
        "debugScore": 80.59,
        "firstConsScore": 276.38,
        "algorthmScore": 250.57
    },
    {
        "case_id": "2321",
        "case_type": "数字操作",
        "debugScore": 637.96,
        "firstConsScore": 147.82,
        "algorthmScore": 327.51
    },
    {
        "case_id": "2409",
        "case_type": "数字操作",
        "debugScore": 73.83,
        "firstConsScore": 289.63,
        "algorthmScore": 248.25
    },
    {
        "case_id": "2408",
        "case_type": "数字操作",
        "debugScore": 73.73,
        "firstConsScore": 270.63,
        "algorthmScore": 275.05
    },
    {
        "case_id": "2407",
        "case_type": "数字操作",
        "debugScore": 76.67,
        "firstConsScore": 321.87,
        "algorthmScore": 267.16
    },
    {
        "case_id": "2329",
        "case_type": "数字操作",
        "debugScore": 657.99,
        "firstConsScore": 198.08,
        "algorthmScore": 408.83
    },
    {
        "case_id": "2364",
        "case_type": "数字操作",
        "debugScore": 1380.92,
        "firstConsScore": 98.18,
        "algorthmScore": 296.2
    },
    {
        "case_id": "2363",
        "case_type": "数字操作",
        "debugScore": 86.27,
        "firstConsScore": 334.5,
        "algorthmScore": 301.01
    },
    {
        "case_id": "2362",
        "case_type": "数字操作",
        "debugScore": 82.97,
        "firstConsScore": 338.32,
        "algorthmScore": 269.82
    },
    {
        "case_id": "2162",
        "case_type": "数字操作",
        "debugScore": 89.14,
        "firstConsScore": 380.74,
        "algorthmScore": 265.18
    },
    {
        "case_id": "2360",
        "case_type": "数字操作",
        "debugScore": 1125.58,
        "firstConsScore": 181.61,
        "algorthmScore": 414.26
    },
    {
        "case_id": "2381",
        "case_type": "数字操作",
        "debugScore": 621.57,
        "firstConsScore": 181.1,
        "algorthmScore": 220.75
    },
    {
        "case_id": "2239",
        "case_type": "数字操作",
        "debugScore": 840.65,
        "firstConsScore": 292.81,
        "algorthmScore": 483.19
    },
    {
        "case_id": "2216",
        "case_type": "数字操作",
        "debugScore": 111.64,
        "firstConsScore": 318.59,
        "algorthmScore": 307.01
    },
    {
        "case_id": "2379",
        "case_type": "数字操作",
        "debugScore": 1358.93,
        "firstConsScore": 230.42,
        "algorthmScore": 241.19
    },
    {
        "case_id": "2411",
        "case_type": "数字操作",
        "debugScore": 74.09,
        "firstConsScore": 291.25,
        "algorthmScore": 131.36
    },
    {
        "case_id": "2377",
        "case_type": "数字操作",
        "debugScore": 66.45,
        "firstConsScore": 307.4,
        "algorthmScore": 229.31
    },
    {
        "case_id": "2332",
        "case_type": "数字操作",
        "debugScore": 1221.52,
        "firstConsScore": 170.1,
        "algorthmScore": 386.34
    },
    {
        "case_id": "2419",
        "case_type": "数字操作",
        "debugScore": 75.29,
        "firstConsScore": 317.97,
        "algorthmScore": 270.71
    },
    {
        "case_id": "2518",
        "case_type": "数字操作",
        "debugScore": 75.59,
        "firstConsScore": 291.44,
        "algorthmScore": 207.47
    }
]