[
    {
        "case_id": "2525",
        "case_type": "排序算法",
        "debugScore": 85.29,
        "firstConsScore": 240.13,
        "algorthmScore": 323.44
    },
    {
        "case_id": "2523",
        "case_type": "排序算法",
        "debugScore": 90.36,
        "firstConsScore": 198.51,
        "algorthmScore": 225.61
    },
    {
        "case_id": "2521",
        "case_type": "排序算法",
        "debugScore": 93.94,
        "firstConsScore": 202.41,
        "algorthmScore": 190.71
    },
    {
        "case_id": "2532",
        "case_type": "排序算法",
        "debugScore": 90.95,
        "firstConsScore": 191.53,
        "algorthmScore": 258.66
    },
    {
        "case_id": "2531",
        "case_type": "排序算法",
        "debugScore": 79.16,
        "firstConsScore": 223.72,
        "algorthmScore": 237.69
    },
    {
        "case_id": "2530",
        "case_type": "排序算法",
        "debugScore": 72.8,
        "firstConsScore": 207.82,
        "algorthmScore": 243.06
    },
    {
        "case_id": "2497",
        "case_type": "排序算法",
        "debugScore": 82.11,
        "firstConsScore": 188.05,
        "algorthmScore": 242.86
    },
    {
        "case_id": "2519",
        "case_type": "排序算法",
        "debugScore": 78.91,
        "firstConsScore": 201.54,
        "algorthmScore": 280.74
    },
    {
        "case_id": "2529",
        "case_type": "排序算法",
        "debugScore": 80.16,
        "firstConsScore": 203.16,
        "algorthmScore": 263.9
    },
    {
        "case_id": "2528",
        "case_type": "排序算法",
        "debugScore": 75.97,
        "firstConsScore": 208.01,
        "algorthmScore": 248.8
    },
    {
        "case_id": "2527",
        "case_type": "排序算法",
        "debugScore": 92.8,
        "firstConsScore": 213.07,
        "algorthmScore": 243.51
    }
]