[
    {
        "case_id": "2473",
        "case_type": "线性表",
        "debugScore": 421.57,
        "firstConsScore": 283.77,
        "algorthmScore": 263.43
    },
    {
        "case_id": "2471",
        "case_type": "线性表",
        "debugScore": 863.23,
        "firstConsScore": 282.92,
        "algorthmScore": 196.64
    },
    {
        "case_id": "2691",
        "case_type": "线性表",
        "debugScore": 777.83,
        "firstConsScore": 240.25,
        "algorthmScore": 305.72
    },
    {
        "case_id": "2690",
        "case_type": "线性表",
        "debugScore": 139.87,
        "firstConsScore": 444.6,
        "algorthmScore": 295.33
    },
    {
        "case_id": "2590",
        "case_type": "线性表",
        "debugScore": 83.15,
        "firstConsScore": 345.77,
        "algorthmScore": 315.75
    },
    {
        "case_id": "2724",
        "case_type": "线性表",
        "debugScore": 96.42,
        "firstConsScore": 344.71,
        "algorthmScore": 287.8
    },
    {
        "case_id": "2646",
        "case_type": "线性表",
        "debugScore": 85.37,
        "firstConsScore": 336.01,
        "algorthmScore": 266.98
    },
    {
        "case_id": "2723",
        "case_type": "线性表",
        "debugScore": 610.99,
        "firstConsScore": 303.53,
        "algorthmScore": 297.45
    },
    {
        "case_id": "2722",
        "case_type": "线性表",
        "debugScore": 78.28,
        "firstConsScore": 337.25,
        "algorthmScore": 264.08
    },
    {
        "case_id": "2721",
        "case_type": "线性表",
        "debugScore": 82.94,
        "firstConsScore": 316.38,
        "algorthmScore": 224.12
    },
    {
        "case_id": "2487",
        "case_type": "线性表",
        "debugScore": 77.87,
        "firstConsScore": 312.84,
        "algorthmScore": 231.4
    },
    {
        "case_id": "2486",
        "case_type": "线性表",
        "debugScore": 91.37,
        "firstConsScore": 216.24,
        "algorthmScore": 231.54
    },
    {
        "case_id": "2761",
        "case_type": "线性表",
        "debugScore": 53.17,
        "firstConsScore": 341.46,
        "algorthmScore": 300.98
    },
    {
        "case_id": "2728",
        "case_type": "线性表",
        "debugScore": 772.25,
        "firstConsScore": 248.21,
        "algorthmScore": 298.82
    },
    {
        "case_id": "2727",
        "case_type": "线性表",
        "debugScore": 686.38,
        "firstConsScore": 263.22,
        "algorthmScore": 315.26
    },
    {
        "case_id": "2649",
        "case_type": "线性表",
        "debugScore": 84.85,
        "firstConsScore": 224.16,
        "algorthmScore": 134.49
    },
    {
        "case_id": "2485",
        "case_type": "线性表",
        "debugScore": 77.05,
        "firstConsScore": 345.44,
        "algorthmScore": 296.49
    },
    {
        "case_id": "2760",
        "case_type": "线性表",
        "debugScore": 786.52,
        "firstConsScore": 231.45,
        "algorthmScore": 286.92
    },
    {
        "case_id": "2484",
        "case_type": "线性表",
        "debugScore": 93.92,
        "firstConsScore": 303.8,
        "algorthmScore": 241.45
    },
    {
        "case_id": "2560",
        "case_type": "线性表",
        "debugScore": 94.09,
        "firstConsScore": 335.94,
        "algorthmScore": 280.22
    },
    {
        "case_id": "2483",
        "case_type": "线性表",
        "debugScore": 100.28,
        "firstConsScore": 295.25,
        "algorthmScore": 240.14
    },
    {
        "case_id": "2559",
        "case_type": "线性表",
        "debugScore": 85.53,
        "firstConsScore": 269.92,
        "algorthmScore": 148.93
    },
    {
        "case_id": "2557",
        "case_type": "线性表",
        "debugScore": 81.3,
        "firstConsScore": 325.81,
        "algorthmScore": 333.77
    },
    {
        "case_id": "2755",
        "case_type": "线性表",
        "debugScore": 582.96,
        "firstConsScore": 213.99,
        "algorthmScore": 307.96
    },
    {
        "case_id": "2732",
        "case_type": "线性表",
        "debugScore": 66.99,
        "firstConsScore": 331.68,
        "algorthmScore": 270.89
    },
    {
        "case_id": "2336",
        "case_type": "线性表",
        "debugScore": 451.89,
        "firstConsScore": 199.01,
        "algorthmScore": 261.97
    },
    {
        "case_id": "2731",
        "case_type": "线性表",
        "debugScore": 812.77,
        "firstConsScore": 252.5,
        "algorthmScore": 275.94
    },
    {
        "case_id": "2730",
        "case_type": "线性表",
        "debugScore": 77.3,
        "firstConsScore": 331.48,
        "algorthmScore": 244.54
    },
    {
        "case_id": "2759",
        "case_type": "线性表",
        "debugScore": 82.68,
        "firstConsScore": 343.21,
        "algorthmScore": 291.02
    }
]