[
    {
        "case_id": "2954",
        "case_type": "字符串",
        "debugScore": 119.33,
        "firstConsScore": 359.5,
        "algorthmScore": 300.0
    },
    {
        "case_id": "2975",
        "case_type": "字符串",
        "debugScore": 82.68,
        "firstConsScore": 281.78,
        "algorthmScore": 227.21
    },
    {
        "case_id": "2942",
        "case_type": "字符串",
        "debugScore": 371.01,
        "firstConsScore": 137.66,
        "algorthmScore": 143.19
    },
    {
        "case_id": "2963",
        "case_type": "字符串",
        "debugScore": 122.46,
        "firstConsScore": 408.5,
        "algorthmScore": 310.37
    },
    {
        "case_id": "2974",
        "case_type": "字符串",
        "debugScore": 97.32,
        "firstConsScore": 313.27,
        "algorthmScore": 257.25
    },
    {
        "case_id": "2984",
        "case_type": "字符串",
        "debugScore": 178.3,
        "firstConsScore": 277.66,
        "algorthmScore": 154.18
    },
    {
        "case_id": "2961",
        "case_type": "字符串",
        "debugScore": 483.38,
        "firstConsScore": 167.53,
        "algorthmScore": 304.4
    },
    {
        "case_id": "2972",
        "case_type": "字符串",
        "debugScore": 615.09,
        "firstConsScore": 172.18,
        "algorthmScore": 319.24
    },
    {
        "case_id": "2981",
        "case_type": "字符串",
        "debugScore": 90.21,
        "firstConsScore": 373.5,
        "algorthmScore": 203.62
    },
    {
        "case_id": "2970",
        "case_type": "字符串",
        "debugScore": 111.67,
        "firstConsScore": 254.73,
        "algorthmScore": 313.26
    },
    {
        "case_id": "2969",
        "case_type": "字符串",
        "debugScore": 125.36,
        "firstConsScore": 388.94,
        "algorthmScore": 216.38
    },
    {
        "case_id": "2979",
        "case_type": "字符串",
        "debugScore": 93.76,
        "firstConsScore": 294.48,
        "algorthmScore": 152.73
    },
    {
        "case_id": "2946",
        "case_type": "字符串",
        "debugScore": 74.75,
        "firstConsScore": 374.14,
        "algorthmScore": 312.4
    },
    {
        "case_id": "2968",
        "case_type": "字符串",
        "debugScore": 365.73,
        "firstConsScore": 337.11,
        "algorthmScore": 258.88
    },
    {
        "case_id": "2957",
        "case_type": "字符串",
        "debugScore": 122.3,
        "firstConsScore": 342.07,
        "algorthmScore": 241.72
    },
    {
        "case_id": "2978",
        "case_type": "字符串",
        "debugScore": 67.14,
        "firstConsScore": 237.67,
        "algorthmScore": 128.85
    },
    {
        "case_id": "2945",
        "case_type": "字符串",
        "debugScore": 82.75,
        "firstConsScore": 405.57,
        "algorthmScore": 308.35
    },
    {
        "case_id": "2956",
        "case_type": "字符串",
        "debugScore": 106.37,
        "firstConsScore": 335.51,
        "algorthmScore": 340.27
    }
]