[
    {
        "case_id": "2353",
        "case_type": "树结构",
        "debugScore": 469.23,
        "firstConsScore": 533.41,
        "algorthmScore": 333.57
    },
    {
        "case_id": "2397",
        "case_type": "树结构",
        "debugScore": 408.0,
        "firstConsScore": 389.99,
        "algorthmScore": 296.77
    },
    {
        "case_id": "2650",
        "case_type": "树结构",
        "debugScore": 103.37,
        "firstConsScore": 178.26,
        "algorthmScore": 285.63
    },
    {
        "case_id": "2524",
        "case_type": "树结构",
        "debugScore": 613.21,
        "firstConsScore": 233.98,
        "algorthmScore": 335.08
    },
    {
        "case_id": "2600",
        "case_type": "树结构",
        "debugScore": 114.11,
        "firstConsScore": 200.67,
        "algorthmScore": 292.76
    },
    {
        "case_id": "2400",
        "case_type": "树结构",
        "debugScore": 994.33,
        "firstConsScore": 373.64,
        "algorthmScore": 332.12
    },
    {
        "case_id": "2509",
        "case_type": "树结构",
        "debugScore": 1346.06,
        "firstConsScore": 302.26,
        "algorthmScore": 268.51
    },
    {
        "case_id": "2605",
        "case_type": "树结构",
        "debugScore": 596.58,
        "firstConsScore": 158.15,
        "algorthmScore": 243.79
    },
    {
        "case_id": "2549",
        "case_type": "树结构",
        "debugScore": 95.72,
        "firstConsScore": 156.67,
        "algorthmScore": 273.63
    },
    {
        "case_id": "2648",
        "case_type": "树结构",
        "debugScore": 101.08,
        "firstConsScore": 219.51,
        "algorthmScore": 165.89
    },
    {
        "case_id": "2540",
        "case_type": "树结构",
        "debugScore": 742.91,
        "firstConsScore": 342.6,
        "algorthmScore": 246.65
    },
    {
        "case_id": "2660",
        "case_type": "树结构",
        "debugScore": 107.68,
        "firstConsScore": 163.34,
        "algorthmScore": 291.34
    },
    {
        "case_id": "2382",
        "case_type": "树结构",
        "debugScore": 823.39,
        "firstConsScore": 260.69,
        "algorthmScore": 280.78
    },
    {
        "case_id": "2416",
        "case_type": "树结构",
        "debugScore": 660.57,
        "firstConsScore": 268.16,
        "algorthmScore": 209.89
    },
    {
        "case_id": "2636",
        "case_type": "树结构",
        "debugScore": 1258.66,
        "firstConsScore": 76.03,
        "algorthmScore": 317.14
    },
    {
        "case_id": "2657",
        "case_type": "树结构",
        "debugScore": 100.79,
        "firstConsScore": 225.58,
        "algorthmScore": 324.64
    },
    {
        "case_id": "2633",
        "case_type": "树结构",
        "debugScore": 154.13,
        "firstConsScore": 181.86,
        "algorthmScore": 271.3
    },
    {
        "case_id": "2699",
        "case_type": "树结构",
        "debugScore": 613.67,
        "firstConsScore": 76.81,
        "algorthmScore": 312.33
    },
    {
        "case_id": "2599",
        "case_type": "树结构",
        "debugScore": 99.8,
        "firstConsScore": 210.0,
        "algorthmScore": 323.74
    },
    {
        "case_id": "2632",
        "case_type": "树结构",
        "debugScore": 116.46,
        "firstConsScore": 200.52,
        "algorthmScore": 296.82
    },
    {
        "case_id": "2654",
        "case_type": "树结构",
        "debugScore": 110.29,
        "firstConsScore": 166.21,
        "algorthmScore": 161.64
    },
    {
        "case_id": "2697",
        "case_type": "树结构",
        "debugScore": 938.28,
        "firstConsScore": 388.91,
        "algorthmScore": 191.6
    },
    {
        "case_id": "2598",
        "case_type": "树结构",
        "debugScore": 95.29,
        "firstConsScore": 163.23,
        "algorthmScore": 283.81
    },
    {
        "case_id": "2631",
        "case_type": "树结构",
        "debugScore": 90.08,
        "firstConsScore": 221.68,
        "algorthmScore": 261.36
    },
    {
        "case_id": "2696",
        "case_type": "树结构",
        "debugScore": 95.8,
        "firstConsScore": 217.01,
        "algorthmScore": 234.89
    },
    {
        "case_id": "2355",
        "case_type": "树结构",
        "debugScore": 129.65,
        "firstConsScore": 260.2,
        "algorthmScore": 193.56
    },
    {
        "case_id": "2398",
        "case_type": "树结构",
        "debugScore": 381.05,
        "firstConsScore": 346.38,
        "algorthmScore": 186.51
    },
    {
        "case_id": "2695",
        "case_type": "树结构",
        "debugScore": 113.57,
        "firstConsScore": 206.35,
        "algorthmScore": 220.47
    },
    {
        "case_id": "2638",
        "case_type": "树结构",
        "debugScore": 103.09,
        "firstConsScore": 180.66,
        "algorthmScore": 139.77
    }
]