[
    {
        "case_id": "2870",
        "case_type": "数组",
        "debugScore": 102.62,
        "firstConsScore": 230.9,
        "algorthmScore": 249.34
    },
    {
        "case_id": "2374",
        "case_type": "数组",
        "debugScore": 457.42,
        "firstConsScore": 134.26,
        "algorthmScore": 347.57
    },
    {
        "case_id": "2393",
        "case_type": "数组",
        "debugScore": 98.88,
        "firstConsScore": 296.15,
        "algorthmScore": 352.53
    },
    {
        "case_id": "2470",
        "case_type": "数组",
        "debugScore": 554.45,
        "firstConsScore": 103.95,
        "algorthmScore": 238.17
    },
    {
        "case_id": "2867",
        "case_type": "数组",
        "debugScore": 79.5,
        "firstConsScore": 260.91,
        "algorthmScore": 288.82
    },
    {
        "case_id": "2845",
        "case_type": "数组",
        "debugScore": 92.86,
        "firstConsScore": 204.89,
        "algorthmScore": 207.61
    },
    {
        "case_id": "2844",
        "case_type": "数组",
        "debugScore": 661.27,
        "firstConsScore": 148.32,
        "algorthmScore": 290.37
    },
    {
        "case_id": "2866",
        "case_type": "数组",
        "debugScore": 82.82,
        "firstConsScore": 236.54,
        "algorthmScore": 237.76
    },
    {
        "case_id": "2865",
        "case_type": "数组",
        "debugScore": 1155.36,
        "firstConsScore": 158.64,
        "algorthmScore": 268.49
    },
    {
        "case_id": "2843",
        "case_type": "数组",
        "debugScore": 77.99,
        "firstConsScore": 235.22,
        "algorthmScore": 278.87
    },
    {
        "case_id": "2469",
        "case_type": "数组",
        "debugScore": 103.45,
        "firstConsScore": 261.15,
        "algorthmScore": 178.36
    },
    {
        "case_id": "2863",
        "case_type": "数组",
        "debugScore": 84.28,
        "firstConsScore": 223.27,
        "algorthmScore": 231.72
    },
    {
        "case_id": "2840",
        "case_type": "数组",
        "debugScore": 80.88,
        "firstConsScore": 203.54,
        "algorthmScore": 212.53
    },
    {
        "case_id": "2861",
        "case_type": "数组",
        "debugScore": 79.57,
        "firstConsScore": 218.74,
        "algorthmScore": 267.09
    },
    {
        "case_id": "2849",
        "case_type": "数组",
        "debugScore": 90.72,
        "firstConsScore": 272.42,
        "algorthmScore": 323.84
    },
    {
        "case_id": "2848",
        "case_type": "数组",
        "debugScore": 1021.19,
        "firstConsScore": 160.37,
        "algorthmScore": 257.52
    },
    {
        "case_id": "2868",
        "case_type": "数组",
        "debugScore": 914.63,
        "firstConsScore": 129.6,
        "algorthmScore": 257.41
    },
    {
        "case_id": "2824",
        "case_type": "数组",
        "debugScore": 89.12,
        "firstConsScore": 240.51,
        "algorthmScore": 287.25
    },
    {
        "case_id": "2384",
        "case_type": "数组",
        "debugScore": 97.01,
        "firstConsScore": 265.39,
        "algorthmScore": 336.53
    },
    {
        "case_id": "2834",
        "case_type": "数组",
        "debugScore": 82.17,
        "firstConsScore": 219.77,
        "algorthmScore": 276.95
    },
    {
        "case_id": "2877",
        "case_type": "数组",
        "debugScore": 81.19,
        "firstConsScore": 241.49,
        "algorthmScore": 260.73
    },
    {
        "case_id": "2855",
        "case_type": "数组",
        "debugScore": 789.03,
        "firstConsScore": 148.27,
        "algorthmScore": 290.4
    },
    {
        "case_id": "2854",
        "case_type": "数组",
        "debugScore": 122.45,
        "firstConsScore": 329.43,
        "algorthmScore": 355.9
    },
    {
        "case_id": "2832",
        "case_type": "数组",
        "debugScore": 84.17,
        "firstConsScore": 246.83,
        "algorthmScore": 258.4
    },
    {
        "case_id": "2875",
        "case_type": "数组",
        "debugScore": 957.19,
        "firstConsScore": 201.08,
        "algorthmScore": 370.63
    },
    {
        "case_id": "2831",
        "case_type": "数组",
        "debugScore": 929.39,
        "firstConsScore": 197.95,
        "algorthmScore": 265.09
    },
    {
        "case_id": "2853",
        "case_type": "数组",
        "debugScore": 610.43,
        "firstConsScore": 175.72,
        "algorthmScore": 272.9
    },
    {
        "case_id": "2830",
        "case_type": "数组",
        "debugScore": 609.33,
        "firstConsScore": 199.03,
        "algorthmScore": 289.37
    },
    {
        "case_id": "2852",
        "case_type": "数组",
        "debugScore": 92.08,
        "firstConsScore": 247.18,
        "algorthmScore": 289.98
    },
    {
        "case_id": "2873",
        "case_type": "数组",
        "debugScore": 779.93,
        "firstConsScore": 150.63,
        "algorthmScore": 285.75
    },
    {
        "case_id": "2851",
        "case_type": "数组",
        "debugScore": 96.63,
        "firstConsScore": 226.17,
        "algorthmScore": 306.37
    },
    {
        "case_id": "2872",
        "case_type": "数组",
        "debugScore": 705.43,
        "firstConsScore": 150.95,
        "algorthmScore": 265.51
    },
    {
        "case_id": "2850",
        "case_type": "数组",
        "debugScore": 511.55,
        "firstConsScore": 134.9,
        "algorthmScore": 214.24
    },
    {
        "case_id": "2819",
        "case_type": "数组",
        "debugScore": 701.36,
        "firstConsScore": 141.58,
        "algorthmScore": 266.67
    },
    {
        "case_id": "2838",
        "case_type": "数组",
        "debugScore": 77.66,
        "firstConsScore": 230.6,
        "algorthmScore": 270.62
    },
    {
        "case_id": "2859",
        "case_type": "数组",
        "debugScore": 215.83,
        "firstConsScore": 222.95,
        "algorthmScore": 187.9
    },
    {
        "case_id": "2837",
        "case_type": "数组",
        "debugScore": 901.95,
        "firstConsScore": 167.82,
        "algorthmScore": 287.06
    },
    {
        "case_id": "2815",
        "case_type": "数组",
        "debugScore": 132.1,
        "firstConsScore": 206.03,
        "algorthmScore": 256.75
    },
    {
        "case_id": "2836",
        "case_type": "数组",
        "debugScore": 167.73,
        "firstConsScore": 251.52,
        "algorthmScore": 284.0
    },
    {
        "case_id": "2858",
        "case_type": "数组",
        "debugScore": 118.89,
        "firstConsScore": 223.18,
        "algorthmScore": 251.23
    },
    {
        "case_id": "2835",
        "case_type": "数组",
        "debugScore": 545.9,
        "firstConsScore": 210.02,
        "algorthmScore": 217.16
    },
    {
        "case_id": "2857",
        "case_type": "数组",
        "debugScore": 328.17,
        "firstConsScore": 121.52,
        "algorthmScore": 312.83
    }
]