[
    {
        "case_id": "2316",
        "case_type": "图结构",
        "debugScore": 651.37,
        "firstConsScore": 283.14,
        "algorthmScore": 375.23
    },
    {
        "case_id": "2305",
        "case_type": "图结构",
        "debugScore": 151.47,
        "firstConsScore": 340.16,
        "algorthmScore": 434.64
    },
    {
        "case_id": "2536",
        "case_type": "图结构",
        "debugScore": 115.41,
        "firstConsScore": 301.19,
        "algorthmScore": 318.52
    },
    {
        "case_id": "2348",
        "case_type": "图结构",
        "debugScore": 125.51,
        "firstConsScore": 411.13,
        "algorthmScore": 426.21
    },
    {
        "case_id": "2347",
        "case_type": "图结构",
        "debugScore": 271.98,
        "firstConsScore": 310.46,
        "algorthmScore": 210.7
    },
    {
        "case_id": "2444",
        "case_type": "图结构",
        "debugScore": 99.71,
        "firstConsScore": 288.24,
        "algorthmScore": 345.2
    },
    {
        "case_id": "2235",
        "case_type": "图结构",
        "debugScore": 140.8,
        "firstConsScore": 339.56,
        "algorthmScore": 344.35
    },
    {
        "case_id": "2343",
        "case_type": "图结构",
        "debugScore": 159.91,
        "firstConsScore": 279.09,
        "algorthmScore": 337.84
    },
    {
        "case_id": "2354",
        "case_type": "图结构",
        "debugScore": 107.53,
        "firstConsScore": 362.54,
        "algorthmScore": 308.78
    },
    {
        "case_id": "2331",
        "case_type": "图结构",
        "debugScore": 130.47,
        "firstConsScore": 318.89,
        "algorthmScore": 345.72
    },
    {
        "case_id": "2352",
        "case_type": "图结构",
        "debugScore": 125.91,
        "firstConsScore": 278.27,
        "algorthmScore": 367.62
    },
    {
        "case_id": "2704",
        "case_type": "图结构",
        "debugScore": 115.53,
        "firstConsScore": 236.89,
        "algorthmScore": 308.1
    }
]