[
    {
        "case_id": "2473",
        "case_type": "线性表",
        "debugScore": 665.56,
        "firstConsScore": 43.16,
        "algorthmScore": 251.28
    },
    {
        "case_id": "2471",
        "case_type": "线性表",
        "debugScore": 863.14,
        "firstConsScore": 47.67,
        "algorthmScore": 258.05
    },
    {
        "case_id": "2691",
        "case_type": "线性表",
        "debugScore": 777.75,
        "firstConsScore": 101.97,
        "algorthmScore": 309.49
    },
    {
        "case_id": "2690",
        "case_type": "线性表",
        "debugScore": 450.2,
        "firstConsScore": 75.31,
        "algorthmScore": 305.91
    },
    {
        "case_id": "2590",
        "case_type": "线性表",
        "debugScore": 83.15,
        "firstConsScore": 221.0,
        "algorthmScore": 173.96
    },
    {
        "case_id": "2724",
        "case_type": "线性表",
        "debugScore": 96.42,
        "firstConsScore": 126.42,
        "algorthmScore": 215.48
    },
    {
        "case_id": "2646",
        "case_type": "线性表",
        "debugScore": 85.37,
        "firstConsScore": 193.15,
        "algorthmScore": 257.48
    },
    {
        "case_id": "2723",
        "case_type": "线性表",
        "debugScore": 85.66,
        "firstConsScore": 152.39,
        "algorthmScore": 195.54
    },
    {
        "case_id": "2722",
        "case_type": "线性表",
        "debugScore": 1711.6,
        "firstConsScore": 76.94,
        "algorthmScore": 253.44
    },
    {
        "case_id": "2721",
        "case_type": "线性表",
        "debugScore": 82.94,
        "firstConsScore": 155.97,
        "algorthmScore": 297.6
    },
    {
        "case_id": "2487",
        "case_type": "线性表",
        "debugScore": 77.87,
        "firstConsScore": 183.3,
        "algorthmScore": 313.8
    },
    {
        "case_id": "2486",
        "case_type": "线性表",
        "debugScore": 749.52,
        "firstConsScore": 44.68,
        "algorthmScore": 194.06
    },
    {
        "case_id": "2761",
        "case_type": "线性表",
        "debugScore": 84.71,
        "firstConsScore": 153.9,
        "algorthmScore": 255.74
    },
    {
        "case_id": "2728",
        "case_type": "线性表",
        "debugScore": 764.85,
        "firstConsScore": 69.55,
        "algorthmScore": 289.03
    },
    {
        "case_id": "2727",
        "case_type": "线性表",
        "debugScore": 691.74,
        "firstConsScore": 106.62,
        "algorthmScore": 243.06
    },
    {
        "case_id": "2649",
        "case_type": "线性表",
        "debugScore": 731.28,
        "firstConsScore": 127.93,
        "algorthmScore": 261.2
    },
    {
        "case_id": "2725",
        "case_type": "线性表",
        "debugScore": 881.05,
        "firstConsScore": 85.17,
        "algorthmScore": 229.96
    },
    {
        "case_id": "2485",
        "case_type": "线性表",
        "debugScore": 812.02,
        "firstConsScore": 90.95,
        "algorthmScore": 276.31
    },
    {
        "case_id": "2760",
        "case_type": "线性表",
        "debugScore": 785.62,
        "firstConsScore": 106.27,
        "algorthmScore": 291.03
    },
    {
        "case_id": "2484",
        "case_type": "线性表",
        "debugScore": 1456.69,
        "firstConsScore": 111.37,
        "algorthmScore": 312.24
    },
    {
        "case_id": "2560",
        "case_type": "线性表",
        "debugScore": 520.73,
        "firstConsScore": 136.8,
        "algorthmScore": 288.21
    },
    {
        "case_id": "2483",
        "case_type": "线性表",
        "debugScore": 100.28,
        "firstConsScore": 178.82,
        "algorthmScore": 277.36
    },
    {
        "case_id": "2559",
        "case_type": "线性表",
        "debugScore": 85.53,
        "firstConsScore": 168.18,
        "algorthmScore": 284.27
    },
    {
        "case_id": "2557",
        "case_type": "线性表",
        "debugScore": 828.96,
        "firstConsScore": 102.25,
        "algorthmScore": 271.53
    },
    {
        "case_id": "2755",
        "case_type": "线性表",
        "debugScore": 571.82,
        "firstConsScore": 94.35,
        "algorthmScore": 285.31
    },
    {
        "case_id": "2732",
        "case_type": "线性表",
        "debugScore": 1121.52,
        "firstConsScore": 95.23,
        "algorthmScore": 316.41
    },
    {
        "case_id": "2336",
        "case_type": "线性表",
        "debugScore": 446.26,
        "firstConsScore": 70.18,
        "algorthmScore": 263.75
    },
    {
        "case_id": "2731",
        "case_type": "线性表",
        "debugScore": 92.02,
        "firstConsScore": 189.86,
        "algorthmScore": 254.2
    },
    {
        "case_id": "2730",
        "case_type": "线性表",
        "debugScore": 1237.12,
        "firstConsScore": 85.11,
        "algorthmScore": 256.05
    },
    {
        "case_id": "2759",
        "case_type": "线性表",
        "debugScore": 82.68,
        "firstConsScore": 146.7,
        "algorthmScore": 283.08
    }
]