[
    {
        "case_id": "2650",
        "case_type": "树结构",
        "debugScore": 103.37,
        "firstConsScore": 176.3,
        "algorthmScore": 270.24
    },
    {
        "case_id": "2353",
        "case_type": "树结构",
        "debugScore": 95.88,
        "firstConsScore": 227.08,
        "algorthmScore": 338.9
    },
    {
        "case_id": "2660",
        "case_type": "树结构",
        "debugScore": 107.68,
        "firstConsScore": 158.04,
        "algorthmScore": 264.27
    },
    {
        "case_id": "2382",
        "case_type": "树结构",
        "debugScore": 94.56,
        "firstConsScore": 171.52,
        "algorthmScore": 182.23
    },
    {
        "case_id": "2416",
        "case_type": "树结构",
        "debugScore": 229.09,
        "firstConsScore": 145.21,
        "algorthmScore": 196.93
    },
    {
        "case_id": "2524",
        "case_type": "树结构",
        "debugScore": 120.48,
        "firstConsScore": 234.6,
        "algorthmScore": 355.75
    },
    {
        "case_id": "2633",
        "case_type": "树结构",
        "debugScore": 154.13,
        "firstConsScore": 180.22,
        "algorthmScore": 254.4
    },
    {
        "case_id": "2600",
        "case_type": "树结构",
        "debugScore": 114.11,
        "firstConsScore": 201.88,
        "algorthmScore": 296.84
    },
    {
        "case_id": "2699",
        "case_type": "树结构",
        "debugScore": 119.51,
        "firstConsScore": 236.83,
        "algorthmScore": 316.03
    },
    {
        "case_id": "2654",
        "case_type": "树结构",
        "debugScore": 110.29,
        "firstConsScore": 156.3,
        "algorthmScore": 293.8
    },
    {
        "case_id": "2598",
        "case_type": "树结构",
        "debugScore": 95.29,
        "firstConsScore": 159.99,
        "algorthmScore": 259.85
    },
    {
        "case_id": "2631",
        "case_type": "树结构",
        "debugScore": 152.26,
        "firstConsScore": 188.25,
        "algorthmScore": 217.63
    },
    {
        "case_id": "2697",
        "case_type": "树结构",
        "debugScore": 96.64,
        "firstConsScore": 191.21,
        "algorthmScore": 373.27
    },
    {
        "case_id": "2696",
        "case_type": "树结构",
        "debugScore": 95.8,
        "firstConsScore": 229.51,
        "algorthmScore": 365.5
    },
    {
        "case_id": "2355",
        "case_type": "树结构",
        "debugScore": 129.65,
        "firstConsScore": 258.92,
        "algorthmScore": 332.05
    },
    {
        "case_id": "2695",
        "case_type": "树结构",
        "debugScore": 212.05,
        "firstConsScore": 102.68,
        "algorthmScore": 258.49
    },
    {
        "case_id": "2398",
        "case_type": "树结构",
        "debugScore": 91.47,
        "firstConsScore": 230.83,
        "algorthmScore": 339.39
    },
    {
        "case_id": "2509",
        "case_type": "树结构",
        "debugScore": 89.65,
        "firstConsScore": 142.38,
        "algorthmScore": 257.02
    },
    {
        "case_id": "2638",
        "case_type": "树结构",
        "debugScore": 103.09,
        "firstConsScore": 176.86,
        "algorthmScore": 274.2
    },
    {
        "case_id": "2605",
        "case_type": "树结构",
        "debugScore": 86.96,
        "firstConsScore": 200.14,
        "algorthmScore": 199.76
    },
    {
        "case_id": "2549",
        "case_type": "树结构",
        "debugScore": 95.72,
        "firstConsScore": 154.11,
        "algorthmScore": 258.86
    },
    {
        "case_id": "2648",
        "case_type": "树结构",
        "debugScore": 101.08,
        "firstConsScore": 228.43,
        "algorthmScore": 298.99
    }
]