[
    {
        "case_id": "2694",
        "case_type": "查找算法",
        "debugScore": 1928.61,
        "firstConsScore": 226.33,
        "algorthmScore": 348.72
    },
    {
        "case_id": "2701",
        "case_type": "查找算法",
        "debugScore": 1040.25,
        "firstConsScore": 172.88,
        "algorthmScore": 261.11
    },
    {
        "case_id": "2711",
        "case_type": "查找算法",
        "debugScore": 1324.65,
        "firstConsScore": 146.54,
        "algorthmScore": 127.85
    },
    {
        "case_id": "2567",
        "case_type": "查找算法",
        "debugScore": 495.37,
        "firstConsScore": 80.95,
        "algorthmScore": 307.41
    },
    {
        "case_id": "2720",
        "case_type": "查找算法",
        "debugScore": 1247.17,
        "firstConsScore": 97.23,
        "algorthmScore": 308.2
    },
    {
        "case_id": "2729",
        "case_type": "查找算法",
        "debugScore": 76.48,
        "firstConsScore": 268.09,
        "algorthmScore": 234.88
    },
    {
        "case_id": "2707",
        "case_type": "查找算法",
        "debugScore": 541.86,
        "firstConsScore": 109.24,
        "algorthmScore": 169.8
    },
    {
        "case_id": "2718",
        "case_type": "查找算法",
        "debugScore": 114.84,
        "firstConsScore": 243.25,
        "algorthmScore": 311.16
    },
    {
        "case_id": "2717",
        "case_type": "查找算法",
        "debugScore": 847.46,
        "firstConsScore": 165.96,
        "algorthmScore": 239.64
    },
    {
        "case_id": "2706",
        "case_type": "查找算法",
        "debugScore": 605.62,
        "firstConsScore": 199.01,
        "algorthmScore": 295.53
    },
    {
        "case_id": "2606",
        "case_type": "查找算法",
        "debugScore": 388.06,
        "firstConsScore": 218.36,
        "algorthmScore": 230.43
    },
    {
        "case_id": "2639",
        "case_type": "查找算法",
        "debugScore": 80.58,
        "firstConsScore": 232.52,
        "algorthmScore": 284.23
    },
    {
        "case_id": "2705",
        "case_type": "查找算法",
        "debugScore": 86.41,
        "firstConsScore": 226.96,
        "algorthmScore": 267.82
    },
    {
        "case_id": "2716",
        "case_type": "查找算法",
        "debugScore": 119.54,
        "firstConsScore": 138.43,
        "algorthmScore": 222.65
    },
    {
        "case_id": "2737",
        "case_type": "查找算法",
        "debugScore": 77.12,
        "firstConsScore": 242.37,
        "algorthmScore": 258.47
    },
    {
        "case_id": "2715",
        "case_type": "查找算法",
        "debugScore": 169.82,
        "firstConsScore": 240.07,
        "algorthmScore": 312.53
    },
    {
        "case_id": "2726",
        "case_type": "查找算法",
        "debugScore": 1392.52,
        "firstConsScore": 88.41,
        "algorthmScore": 317.46
    },
    {
        "case_id": "2703",
        "case_type": "查找算法",
        "debugScore": 783.61,
        "firstConsScore": 99.89,
        "algorthmScore": 269.09
    }
]