[
    {
        "case_id": "2650",
        "case_type": "树结构",
        "debugScore": 103.37,
        "firstConsScore": 197.77,
        "algorthmScore": 304.54
    },
    {
        "case_id": "2382",
        "case_type": "树结构",
        "debugScore": 94.56,
        "firstConsScore": 198.7,
        "algorthmScore": 293.2
    },
    {
        "case_id": "2416",
        "case_type": "树结构",
        "debugScore": 136.26,
        "firstConsScore": 206.79,
        "algorthmScore": 302.86
    },
    {
        "case_id": "2633",
        "case_type": "树结构",
        "debugScore": 154.13,
        "firstConsScore": 200.2,
        "algorthmScore": 286.9
    },
    {
        "case_id": "2600",
        "case_type": "树结构",
        "debugScore": 114.11,
        "firstConsScore": 225.52,
        "algorthmScore": 315.73
    },
    {
        "case_id": "2599",
        "case_type": "树结构",
        "debugScore": 99.8,
        "firstConsScore": 222.5,
        "algorthmScore": 297.35
    },
    {
        "case_id": "2632",
        "case_type": "树结构",
        "debugScore": 116.46,
        "firstConsScore": 216.96,
        "algorthmScore": 305.31
    },
    {
        "case_id": "2654",
        "case_type": "树结构",
        "debugScore": 110.29,
        "firstConsScore": 178.51,
        "algorthmScore": 314.6
    },
    {
        "case_id": "2598",
        "case_type": "树结构",
        "debugScore": 95.29,
        "firstConsScore": 180.61,
        "algorthmScore": 302.83
    },
    {
        "case_id": "2631",
        "case_type": "树结构",
        "debugScore": 90.08,
        "firstConsScore": 209.17,
        "algorthmScore": 271.85
    },
    {
        "case_id": "2509",
        "case_type": "树结构",
        "debugScore": 89.65,
        "firstConsScore": 162.12,
        "algorthmScore": 275.63
    },
    {
        "case_id": "2638",
        "case_type": "树结构",
        "debugScore": 103.09,
        "firstConsScore": 198.42,
        "algorthmScore": 309.86
    },
    {
        "case_id": "2605",
        "case_type": "树结构",
        "debugScore": 86.96,
        "firstConsScore": 226.02,
        "algorthmScore": 304.59
    },
    {
        "case_id": "2549",
        "case_type": "树结构",
        "debugScore": 95.72,
        "firstConsScore": 175.94,
        "algorthmScore": 286.13
    },
    {
        "case_id": "2648",
        "case_type": "树结构",
        "debugScore": 101.08,
        "firstConsScore": 242.98,
        "algorthmScore": 282.4
    }
]