[
    {
        "case_id": "2694",
        "case_type": "查找算法",
        "debugScore": 106.82,
        "firstConsScore": 291.57,
        "algorthmScore": 295.24
    },
    {
        "case_id": "2570",
        "case_type": "查找算法",
        "debugScore": 1005.73,
        "firstConsScore": 234.52,
        "algorthmScore": 268.49
    },
    {
        "case_id": "2701",
        "case_type": "查找算法",
        "debugScore": 557.77,
        "firstConsScore": 219.76,
        "algorthmScore": 197.85
    },
    {
        "case_id": "2745",
        "case_type": "查找算法",
        "debugScore": 103.02,
        "firstConsScore": 183.46,
        "algorthmScore": 335.78
    },
    {
        "case_id": "2711",
        "case_type": "查找算法",
        "debugScore": 109.95,
        "firstConsScore": 257.57,
        "algorthmScore": 474.26
    },
    {
        "case_id": "2567",
        "case_type": "查找算法",
        "debugScore": 495.37,
        "firstConsScore": 163.38,
        "algorthmScore": 280.19
    },
    {
        "case_id": "2720",
        "case_type": "查找算法",
        "debugScore": 95.1,
        "firstConsScore": 183.03,
        "algorthmScore": 303.33
    },
    {
        "case_id": "2729",
        "case_type": "查找算法",
        "debugScore": 76.48,
        "firstConsScore": 290.83,
        "algorthmScore": 270.89
    },
    {
        "case_id": "2707",
        "case_type": "查找算法",
        "debugScore": 82.37,
        "firstConsScore": 237.9,
        "algorthmScore": 251.19
    },
    {
        "case_id": "2718",
        "case_type": "查找算法",
        "debugScore": 114.84,
        "firstConsScore": 206.76,
        "algorthmScore": 359.45
    },
    {
        "case_id": "2706",
        "case_type": "查找算法",
        "debugScore": 599.09,
        "firstConsScore": 197.96,
        "algorthmScore": 448.72
    },
    {
        "case_id": "2717",
        "case_type": "查找算法",
        "debugScore": 519.5,
        "firstConsScore": 193.1,
        "algorthmScore": 338.67
    },
    {
        "case_id": "2606",
        "case_type": "查找算法",
        "debugScore": 386.29,
        "firstConsScore": 186.43,
        "algorthmScore": 197.89
    },
    {
        "case_id": "2716",
        "case_type": "查找算法",
        "debugScore": 130.92,
        "firstConsScore": 283.24,
        "algorthmScore": 340.28
    },
    {
        "case_id": "2705",
        "case_type": "查找算法",
        "debugScore": 86.41,
        "firstConsScore": 195.09,
        "algorthmScore": 307.65
    },
    {
        "case_id": "2639",
        "case_type": "查找算法",
        "debugScore": 80.58,
        "firstConsScore": 173.03,
        "algorthmScore": 307.82
    },
    {
        "case_id": "2737",
        "case_type": "查找算法",
        "debugScore": 77.12,
        "firstConsScore": 203.63,
        "algorthmScore": 247.69
    },
    {
        "case_id": "2726",
        "case_type": "查找算法",
        "debugScore": 21.92,
        "firstConsScore": 268.09,
        "algorthmScore": 322.33
    },
    {
        "case_id": "2715",
        "case_type": "查找算法",
        "debugScore": 169.82,
        "firstConsScore": 192.91,
        "algorthmScore": 293.83
    },
    {
        "case_id": "2703",
        "case_type": "查找算法",
        "debugScore": 719.26,
        "firstConsScore": 131.42,
        "algorthmScore": 271.96
    }
]