[
    {
        "case_id": "2650",
        "case_type": "树结构",
        "debugScore": 1334.64,
        "firstConsScore": 284.21,
        "algorthmScore": 313.67
    },
    {
        "case_id": "2353",
        "case_type": "树结构",
        "debugScore": 95.88,
        "firstConsScore": 255.56,
        "algorthmScore": 310.5
    },
    {
        "case_id": "2397",
        "case_type": "树结构",
        "debugScore": 238.1,
        "firstConsScore": 253.62,
        "algorthmScore": 334.76
    },
    {
        "case_id": "2524",
        "case_type": "树结构",
        "debugScore": 611.87,
        "firstConsScore": 368.56,
        "algorthmScore": 333.99
    },
    {
        "case_id": "2600",
        "case_type": "树结构",
        "debugScore": 915.48,
        "firstConsScore": 309.96,
        "algorthmScore": 323.42
    },
    {
        "case_id": "2400",
        "case_type": "树结构",
        "debugScore": 221.75,
        "firstConsScore": 277.35,
        "algorthmScore": 381.03
    },
    {
        "case_id": "2509",
        "case_type": "树结构",
        "debugScore": 1346.06,
        "firstConsScore": 345.69,
        "algorthmScore": 282.52
    },
    {
        "case_id": "2605",
        "case_type": "树结构",
        "debugScore": 679.3,
        "firstConsScore": 331.84,
        "algorthmScore": 223.24
    },
    {
        "case_id": "2549",
        "case_type": "树结构",
        "debugScore": 1284.97,
        "firstConsScore": 363.47,
        "algorthmScore": 298.03
    },
    {
        "case_id": "2648",
        "case_type": "树结构",
        "debugScore": 628.4,
        "firstConsScore": 264.45,
        "algorthmScore": 306.8
    },
    {
        "case_id": "2540",
        "case_type": "树结构",
        "debugScore": 139.08,
        "firstConsScore": 418.07,
        "algorthmScore": 365.5
    },
    {
        "case_id": "2660",
        "case_type": "树结构",
        "debugScore": 107.68,
        "firstConsScore": 372.07,
        "algorthmScore": 304.6
    },
    {
        "case_id": "2382",
        "case_type": "树结构",
        "debugScore": 758.57,
        "firstConsScore": 277.49,
        "algorthmScore": 293.37
    },
    {
        "case_id": "2416",
        "case_type": "树结构",
        "debugScore": 740.58,
        "firstConsScore": 322.52,
        "algorthmScore": 302.55
    },
    {
        "case_id": "2636",
        "case_type": "树结构",
        "debugScore": 109.29,
        "firstConsScore": 211.64,
        "algorthmScore": 294.57
    },
    {
        "case_id": "2657",
        "case_type": "树结构",
        "debugScore": 920.47,
        "firstConsScore": 278.26,
        "algorthmScore": 188.84
    },
    {
        "case_id": "2633",
        "case_type": "树结构",
        "debugScore": 590.98,
        "firstConsScore": 343.86,
        "algorthmScore": 284.15
    },
    {
        "case_id": "2699",
        "case_type": "树结构",
        "debugScore": 260.03,
        "firstConsScore": 344.99,
        "algorthmScore": 284.36
    },
    {
        "case_id": "2599",
        "case_type": "树结构",
        "debugScore": 718.47,
        "firstConsScore": 312.62,
        "algorthmScore": 337.41
    },
    {
        "case_id": "2632",
        "case_type": "树结构",
        "debugScore": 705.32,
        "firstConsScore": 309.62,
        "algorthmScore": 283.55
    },
    {
        "case_id": "2654",
        "case_type": "树结构",
        "debugScore": 1351.11,
        "firstConsScore": 333.77,
        "algorthmScore": 302.91
    },
    {
        "case_id": "2598",
        "case_type": "树结构",
        "debugScore": 1198.88,
        "firstConsScore": 294.66,
        "algorthmScore": 319.56
    },
    {
        "case_id": "2631",
        "case_type": "树结构",
        "debugScore": 558.75,
        "firstConsScore": 269.12,
        "algorthmScore": 244.69
    },
    {
        "case_id": "2697",
        "case_type": "树结构",
        "debugScore": 514.3,
        "firstConsScore": 347.83,
        "algorthmScore": 281.52
    },
    {
        "case_id": "2355",
        "case_type": "树结构",
        "debugScore": 129.65,
        "firstConsScore": 429.09,
        "algorthmScore": 331.63
    },
    {
        "case_id": "2696",
        "case_type": "树结构",
        "debugScore": 95.8,
        "firstConsScore": 365.2,
        "algorthmScore": 317.87
    },
    {
        "case_id": "2695",
        "case_type": "树结构",
        "debugScore": 884.82,
        "firstConsScore": 300.59,
        "algorthmScore": 229.63
    },
    {
        "case_id": "2398",
        "case_type": "树结构",
        "debugScore": 759.65,
        "firstConsScore": 287.88,
        "algorthmScore": 223.19
    },
    {
        "case_id": "2638",
        "case_type": "树结构",
        "debugScore": 973.1,
        "firstConsScore": 335.21,
        "algorthmScore": 133.85
    }
]