[
    {
        "case_id": "2473",
        "case_type": "线性表",
        "debugScore": 86.76,
        "firstConsScore": 281.55,
        "algorthmScore": 266.7
    },
    {
        "case_id": "2471",
        "case_type": "线性表",
        "debugScore": 75.55,
        "firstConsScore": 267.79,
        "algorthmScore": 190.34
    },
    {
        "case_id": "2691",
        "case_type": "线性表",
        "debugScore": 100.02,
        "firstConsScore": 293.18,
        "algorthmScore": 279.34
    },
    {
        "case_id": "2690",
        "case_type": "线性表",
        "debugScore": 487.83,
        "firstConsScore": 173.91,
        "algorthmScore": 222.67
    },
    {
        "case_id": "2590",
        "case_type": "线性表",
        "debugScore": 83.15,
        "firstConsScore": 294.26,
        "algorthmScore": 286.92
    },
    {
        "case_id": "2724",
        "case_type": "线性表",
        "debugScore": 96.42,
        "firstConsScore": 220.22,
        "algorthmScore": 136.28
    },
    {
        "case_id": "2646",
        "case_type": "线性表",
        "debugScore": 85.37,
        "firstConsScore": 257.78,
        "algorthmScore": 254.61
    },
    {
        "case_id": "2723",
        "case_type": "线性表",
        "debugScore": 85.66,
        "firstConsScore": 238.45,
        "algorthmScore": 208.48
    },
    {
        "case_id": "2722",
        "case_type": "线性表",
        "debugScore": 78.28,
        "firstConsScore": 224.18,
        "algorthmScore": 242.31
    },
    {
        "case_id": "2721",
        "case_type": "线性表",
        "debugScore": 82.94,
        "firstConsScore": 238.01,
        "algorthmScore": 267.57
    },
    {
        "case_id": "2487",
        "case_type": "线性表",
        "debugScore": 988.26,
        "firstConsScore": 158.9,
        "algorthmScore": 241.19
    },
    {
        "case_id": "2486",
        "case_type": "线性表",
        "debugScore": 91.37,
        "firstConsScore": 298.18,
        "algorthmScore": 270.6
    },
    {
        "case_id": "2761",
        "case_type": "线性表",
        "debugScore": 1120.28,
        "firstConsScore": 186.48,
        "algorthmScore": 276.47
    },
    {
        "case_id": "2728",
        "case_type": "线性表",
        "debugScore": 772.25,
        "firstConsScore": 172.89,
        "algorthmScore": 274.31
    },
    {
        "case_id": "2727",
        "case_type": "线性表",
        "debugScore": 702.59,
        "firstConsScore": 192.68,
        "algorthmScore": 301.4
    },
    {
        "case_id": "2649",
        "case_type": "线性表",
        "debugScore": 84.85,
        "firstConsScore": 333.48,
        "algorthmScore": 404.69
    },
    {
        "case_id": "2725",
        "case_type": "线性表",
        "debugScore": 85.38,
        "firstConsScore": 290.89,
        "algorthmScore": 281.13
    },
    {
        "case_id": "2485",
        "case_type": "线性表",
        "debugScore": 815.14,
        "firstConsScore": 156.08,
        "algorthmScore": 296.05
    },
    {
        "case_id": "2760",
        "case_type": "线性表",
        "debugScore": 788.98,
        "firstConsScore": 173.81,
        "algorthmScore": 171.09
    },
    {
        "case_id": "2484",
        "case_type": "线性表",
        "debugScore": 377.46,
        "firstConsScore": 231.3,
        "algorthmScore": 266.93
    },
    {
        "case_id": "2560",
        "case_type": "线性表",
        "debugScore": 94.09,
        "firstConsScore": 272.33,
        "algorthmScore": 302.58
    },
    {
        "case_id": "2483",
        "case_type": "线性表",
        "debugScore": 100.28,
        "firstConsScore": 211.33,
        "algorthmScore": 194.93
    },
    {
        "case_id": "2559",
        "case_type": "线性表",
        "debugScore": 1519.68,
        "firstConsScore": 189.81,
        "algorthmScore": 203.0
    },
    {
        "case_id": "2557",
        "case_type": "线性表",
        "debugScore": 809.7,
        "firstConsScore": 183.57,
        "algorthmScore": 202.31
    },
    {
        "case_id": "2755",
        "case_type": "线性表",
        "debugScore": 105.5,
        "firstConsScore": 292.21,
        "algorthmScore": 299.19
    },
    {
        "case_id": "2732",
        "case_type": "线性表",
        "debugScore": 77.69,
        "firstConsScore": 246.1,
        "algorthmScore": 152.71
    },
    {
        "case_id": "2336",
        "case_type": "线性表",
        "debugScore": 424.75,
        "firstConsScore": 144.56,
        "algorthmScore": 230.28
    },
    {
        "case_id": "2731",
        "case_type": "线性表",
        "debugScore": 812.77,
        "firstConsScore": 183.92,
        "algorthmScore": 155.04
    },
    {
        "case_id": "2730",
        "case_type": "线性表",
        "debugScore": 77.3,
        "firstConsScore": 243.48,
        "algorthmScore": 266.44
    },
    {
        "case_id": "2759",
        "case_type": "线性表",
        "debugScore": 82.68,
        "firstConsScore": 239.51,
        "algorthmScore": 266.97
    }
]