[
    {
        "case_id": "2473",
        "case_type": "线性表",
        "debugScore": 282.91,
        "firstConsScore": 324.76,
        "algorthmScore": 277.44
    },
    {
        "case_id": "2471",
        "case_type": "线性表",
        "debugScore": 358.5,
        "firstConsScore": 311.14,
        "algorthmScore": 264.46
    },
    {
        "case_id": "2691",
        "case_type": "线性表",
        "debugScore": 100.02,
        "firstConsScore": 230.03,
        "algorthmScore": 309.53
    },
    {
        "case_id": "2690",
        "case_type": "线性表",
        "debugScore": 473.05,
        "firstConsScore": 241.37,
        "algorthmScore": 235.5
    },
    {
        "case_id": "2590",
        "case_type": "线性表",
        "debugScore": 552.7,
        "firstConsScore": 201.73,
        "algorthmScore": 194.24
    },
    {
        "case_id": "2724",
        "case_type": "线性表",
        "debugScore": 96.42,
        "firstConsScore": 336.21,
        "algorthmScore": 292.36
    },
    {
        "case_id": "2646",
        "case_type": "线性表",
        "debugScore": 85.37,
        "firstConsScore": 345.34,
        "algorthmScore": 264.22
    },
    {
        "case_id": "2723",
        "case_type": "线性表",
        "debugScore": 85.66,
        "firstConsScore": 334.35,
        "algorthmScore": 299.06
    },
    {
        "case_id": "2722",
        "case_type": "线性表",
        "debugScore": 78.28,
        "firstConsScore": 330.57,
        "algorthmScore": 261.85
    },
    {
        "case_id": "2721",
        "case_type": "线性表",
        "debugScore": 82.94,
        "firstConsScore": 333.13,
        "algorthmScore": 279.16
    },
    {
        "case_id": "2487",
        "case_type": "线性表",
        "debugScore": 77.87,
        "firstConsScore": 320.2,
        "algorthmScore": 271.49
    },
    {
        "case_id": "2486",
        "case_type": "线性表",
        "debugScore": 91.37,
        "firstConsScore": 373.79,
        "algorthmScore": 285.41
    },
    {
        "case_id": "2761",
        "case_type": "线性表",
        "debugScore": 84.71,
        "firstConsScore": 343.96,
        "algorthmScore": 245.21
    },
    {
        "case_id": "2728",
        "case_type": "线性表",
        "debugScore": 86.84,
        "firstConsScore": 386.0,
        "algorthmScore": 279.68
    },
    {
        "case_id": "2727",
        "case_type": "线性表",
        "debugScore": 657.55,
        "firstConsScore": 267.21,
        "algorthmScore": 302.86
    },
    {
        "case_id": "2649",
        "case_type": "线性表",
        "debugScore": 84.85,
        "firstConsScore": 345.84,
        "algorthmScore": 354.91
    },
    {
        "case_id": "2725",
        "case_type": "线性表",
        "debugScore": 360.78,
        "firstConsScore": 327.13,
        "algorthmScore": 151.38
    },
    {
        "case_id": "2485",
        "case_type": "线性表",
        "debugScore": 77.05,
        "firstConsScore": 343.98,
        "algorthmScore": 299.74
    },
    {
        "case_id": "2760",
        "case_type": "线性表",
        "debugScore": 94.78,
        "firstConsScore": 337.64,
        "algorthmScore": 269.17
    },
    {
        "case_id": "2484",
        "case_type": "线性表",
        "debugScore": 93.92,
        "firstConsScore": 357.07,
        "algorthmScore": 320.94
    },
    {
        "case_id": "2560",
        "case_type": "线性表",
        "debugScore": 94.09,
        "firstConsScore": 296.86,
        "algorthmScore": 190.44
    },
    {
        "case_id": "2483",
        "case_type": "线性表",
        "debugScore": 100.28,
        "firstConsScore": 339.16,
        "algorthmScore": 304.98
    },
    {
        "case_id": "2559",
        "case_type": "线性表",
        "debugScore": 85.53,
        "firstConsScore": 281.73,
        "algorthmScore": 181.51
    },
    {
        "case_id": "2557",
        "case_type": "线性表",
        "debugScore": 81.3,
        "firstConsScore": 253.7,
        "algorthmScore": 188.88
    },
    {
        "case_id": "2755",
        "case_type": "线性表",
        "debugScore": 105.5,
        "firstConsScore": 368.6,
        "algorthmScore": 303.33
    },
    {
        "case_id": "2732",
        "case_type": "线性表",
        "debugScore": 77.69,
        "firstConsScore": 343.85,
        "algorthmScore": 285.64
    },
    {
        "case_id": "2336",
        "case_type": "线性表",
        "debugScore": 90.11,
        "firstConsScore": 473.27,
        "algorthmScore": 300.51
    },
    {
        "case_id": "2731",
        "case_type": "线性表",
        "debugScore": 92.02,
        "firstConsScore": 385.02,
        "algorthmScore": 326.56
    },
    {
        "case_id": "2730",
        "case_type": "线性表",
        "debugScore": 77.3,
        "firstConsScore": 347.7,
        "algorthmScore": 274.84
    },
    {
        "case_id": "2759",
        "case_type": "线性表",
        "debugScore": 82.68,
        "firstConsScore": 354.0,
        "algorthmScore": 284.9
    }
]