[
    {
        "case_id": "2092",
        "case_type": "数字操作",
        "debugScore": 121.66,
        "firstConsScore": 45.26,
        "algorthmScore": 153.68
    },
    {
        "case_id": "2276",
        "case_type": "数字操作",
        "debugScore": 103.29,
        "firstConsScore": 192.27,
        "algorthmScore": 322.78
    },
    {
        "case_id": "2275",
        "case_type": "数字操作",
        "debugScore": 192.24,
        "firstConsScore": 226.54,
        "algorthmScore": 317.45
    },
    {
        "case_id": "2250",
        "case_type": "数字操作",
        "debugScore": 91.5,
        "firstConsScore": 248.2,
        "algorthmScore": 258.42
    },
    {
        "case_id": "2370",
        "case_type": "数字操作",
        "debugScore": 98.06,
        "firstConsScore": 218.79,
        "algorthmScore": 167.59
    },
    {
        "case_id": "2403",
        "case_type": "数字操作",
        "debugScore": 97.27,
        "firstConsScore": 210.33,
        "algorthmScore": 194.51
    },
    {
        "case_id": "2326",
        "case_type": "数字操作",
        "debugScore": 95.77,
        "firstConsScore": 224.91,
        "algorthmScore": 351.73
    },
    {
        "case_id": "2402",
        "case_type": "数字操作",
        "debugScore": 115.64,
        "firstConsScore": 134.85,
        "algorthmScore": 173.29
    },
    {
        "case_id": "2324",
        "case_type": "数字操作",
        "debugScore": 235.83,
        "firstConsScore": 113.74,
        "algorthmScore": 136.49
    },
    {
        "case_id": "2401",
        "case_type": "数字操作",
        "debugScore": 88.98,
        "firstConsScore": 165.72,
        "algorthmScore": 293.52
    },
    {
        "case_id": "2367",
        "case_type": "数字操作",
        "debugScore": 91.57,
        "firstConsScore": 198.77,
        "algorthmScore": 218.54
    },
    {
        "case_id": "2421",
        "case_type": "数字操作",
        "debugScore": 77.62,
        "firstConsScore": 202.92,
        "algorthmScore": 276.15
    },
    {
        "case_id": "2322",
        "case_type": "数字操作",
        "debugScore": 95.27,
        "firstConsScore": 185.87,
        "algorthmScore": 152.2
    },
    {
        "case_id": "2420",
        "case_type": "数字操作",
        "debugScore": 68.03,
        "firstConsScore": 191.95,
        "algorthmScore": 151.44
    },
    {
        "case_id": "2442",
        "case_type": "数字操作",
        "debugScore": 80.59,
        "firstConsScore": 216.46,
        "algorthmScore": 222.11
    },
    {
        "case_id": "2321",
        "case_type": "数字操作",
        "debugScore": 101.51,
        "firstConsScore": 211.18,
        "algorthmScore": 185.3
    },
    {
        "case_id": "2409",
        "case_type": "数字操作",
        "debugScore": 73.83,
        "firstConsScore": 249.21,
        "algorthmScore": 245.68
    },
    {
        "case_id": "2408",
        "case_type": "数字操作",
        "debugScore": 225.29,
        "firstConsScore": 157.05,
        "algorthmScore": 152.68
    },
    {
        "case_id": "2407",
        "case_type": "数字操作",
        "debugScore": 76.67,
        "firstConsScore": 216.9,
        "algorthmScore": 232.93
    },
    {
        "case_id": "2364",
        "case_type": "数字操作",
        "debugScore": 96.03,
        "firstConsScore": 145.97,
        "algorthmScore": 280.11
    },
    {
        "case_id": "2363",
        "case_type": "数字操作",
        "debugScore": 86.27,
        "firstConsScore": 169.89,
        "algorthmScore": 154.2
    },
    {
        "case_id": "2362",
        "case_type": "数字操作",
        "debugScore": 82.97,
        "firstConsScore": 194.97,
        "algorthmScore": 226.8
    },
    {
        "case_id": "2162",
        "case_type": "数字操作",
        "debugScore": 89.14,
        "firstConsScore": 265.15,
        "algorthmScore": 250.99
    },
    {
        "case_id": "2360",
        "case_type": "数字操作",
        "debugScore": 105.44,
        "firstConsScore": 193.82,
        "algorthmScore": 372.39
    },
    {
        "case_id": "2381",
        "case_type": "数字操作",
        "debugScore": 77.8,
        "firstConsScore": 260.46,
        "algorthmScore": 244.69
    },
    {
        "case_id": "2239",
        "case_type": "数字操作",
        "debugScore": 88.57,
        "firstConsScore": 173.79,
        "algorthmScore": 176.89
    },
    {
        "case_id": "2216",
        "case_type": "数字操作",
        "debugScore": 111.64,
        "firstConsScore": 195.14,
        "algorthmScore": 242.21
    },
    {
        "case_id": "2379",
        "case_type": "数字操作",
        "debugScore": 79.85,
        "firstConsScore": 146.23,
        "algorthmScore": 287.83
    },
    {
        "case_id": "2411",
        "case_type": "数字操作",
        "debugScore": 74.09,
        "firstConsScore": 229.42,
        "algorthmScore": 224.28
    },
    {
        "case_id": "2377",
        "case_type": "数字操作",
        "debugScore": 66.45,
        "firstConsScore": 235.51,
        "algorthmScore": 257.68
    },
    {
        "case_id": "2332",
        "case_type": "数字操作",
        "debugScore": 103.86,
        "firstConsScore": 185.45,
        "algorthmScore": 385.26
    },
    {
        "case_id": "2419",
        "case_type": "数字操作",
        "debugScore": 75.29,
        "firstConsScore": 212.56,
        "algorthmScore": 235.04
    },
    {
        "case_id": "2518",
        "case_type": "数字操作",
        "debugScore": 166.97,
        "firstConsScore": 202.27,
        "algorthmScore": 173.33
    }
]