[
    {
        "case_id": "2694",
        "case_type": "查找算法",
        "debugScore": 106.82,
        "firstConsScore": 219.45,
        "algorthmScore": 412.75
    },
    {
        "case_id": "2570",
        "case_type": "查找算法",
        "debugScore": 106.26,
        "firstConsScore": 184.36,
        "algorthmScore": 279.57
    },
    {
        "case_id": "2701",
        "case_type": "查找算法",
        "debugScore": 98.47,
        "firstConsScore": 309.43,
        "algorthmScore": 228.08
    },
    {
        "case_id": "2745",
        "case_type": "查找算法",
        "debugScore": 103.02,
        "firstConsScore": 173.37,
        "algorthmScore": 351.07
    },
    {
        "case_id": "2711",
        "case_type": "查找算法",
        "debugScore": 109.95,
        "firstConsScore": 251.12,
        "algorthmScore": 500.01
    },
    {
        "case_id": "2567",
        "case_type": "查找算法",
        "debugScore": 124.58,
        "firstConsScore": 229.79,
        "algorthmScore": 275.68
    },
    {
        "case_id": "2720",
        "case_type": "查找算法",
        "debugScore": 95.1,
        "firstConsScore": 150.55,
        "algorthmScore": 264.48
    },
    {
        "case_id": "2729",
        "case_type": "查找算法",
        "debugScore": 76.48,
        "firstConsScore": 233.58,
        "algorthmScore": 211.7
    },
    {
        "case_id": "2707",
        "case_type": "查找算法",
        "debugScore": 541.0,
        "firstConsScore": 214.42,
        "algorthmScore": 179.36
    },
    {
        "case_id": "2718",
        "case_type": "查找算法",
        "debugScore": 114.84,
        "firstConsScore": 178.8,
        "algorthmScore": 310.87
    },
    {
        "case_id": "2706",
        "case_type": "查找算法",
        "debugScore": 98.66,
        "firstConsScore": 272.73,
        "algorthmScore": 466.21
    },
    {
        "case_id": "2717",
        "case_type": "查找算法",
        "debugScore": 89.71,
        "firstConsScore": 196.59,
        "algorthmScore": 271.74
    },
    {
        "case_id": "2606",
        "case_type": "查找算法",
        "debugScore": 387.75,
        "firstConsScore": 191.16,
        "algorthmScore": 111.03
    },
    {
        "case_id": "2716",
        "case_type": "查找算法",
        "debugScore": 687.86,
        "firstConsScore": 236.47,
        "algorthmScore": 239.94
    },
    {
        "case_id": "2639",
        "case_type": "查找算法",
        "debugScore": 80.58,
        "firstConsScore": 295.85,
        "algorthmScore": 219.57
    },
    {
        "case_id": "2705",
        "case_type": "查找算法",
        "debugScore": 1076.46,
        "firstConsScore": 157.99,
        "algorthmScore": 267.54
    },
    {
        "case_id": "2737",
        "case_type": "查找算法",
        "debugScore": 77.12,
        "firstConsScore": 175.51,
        "algorthmScore": 176.96
    },
    {
        "case_id": "2715",
        "case_type": "查找算法",
        "debugScore": 169.82,
        "firstConsScore": 296.45,
        "algorthmScore": 220.73
    },
    {
        "case_id": "2726",
        "case_type": "查找算法",
        "debugScore": 101.13,
        "firstConsScore": 164.03,
        "algorthmScore": 357.98
    },
    {
        "case_id": "2703",
        "case_type": "查找算法",
        "debugScore": 92.62,
        "firstConsScore": 318.23,
        "algorthmScore": 249.69
    }
]