[
    {
        "case_id": "2536",
        "case_type": "图结构",
        "debugScore": 88.17,
        "firstConsScore": 208.62,
        "algorthmScore": 304.29
    },
    {
        "case_id": "2347",
        "case_type": "图结构",
        "debugScore": 586.69,
        "firstConsScore": 95.99,
        "algorthmScore": 342.03
    },
    {
        "case_id": "2444",
        "case_type": "图结构",
        "debugScore": 99.71,
        "firstConsScore": 215.74,
        "algorthmScore": 357.44
    },
    {
        "case_id": "2235",
        "case_type": "图结构",
        "debugScore": 153.84,
        "firstConsScore": 231.6,
        "algorthmScore": 312.83
    },
    {
        "case_id": "2331",
        "case_type": "图结构",
        "debugScore": 130.47,
        "firstConsScore": 167.89,
        "algorthmScore": 326.58
    }
]