[
    {
        "case_id": "2701",
        "case_type": "查找算法",
        "debugScore": 98.47,
        "firstConsScore": 368.63,
        "algorthmScore": 200.43
    },
    {
        "case_id": "2729",
        "case_type": "查找算法",
        "debugScore": 69.98,
        "firstConsScore": 260.94,
        "algorthmScore": 209.64
    },
    {
        "case_id": "2707",
        "case_type": "查找算法",
        "debugScore": 82.37,
        "firstConsScore": 261.05,
        "algorthmScore": 146.79
    },
    {
        "case_id": "2606",
        "case_type": "查找算法",
        "debugScore": 70.86,
        "firstConsScore": 257.17,
        "algorthmScore": 205.48
    },
    {
        "case_id": "2716",
        "case_type": "查找算法",
        "debugScore": 130.92,
        "firstConsScore": 428.73,
        "algorthmScore": 258.79
    },
    {
        "case_id": "2639",
        "case_type": "查找算法",
        "debugScore": 80.58,
        "firstConsScore": 354.41,
        "algorthmScore": 170.45
    },
    {
        "case_id": "2737",
        "case_type": "查找算法",
        "debugScore": 77.12,
        "firstConsScore": 235.92,
        "algorthmScore": 250.84
    },
    {
        "case_id": "2715",
        "case_type": "查找算法",
        "debugScore": 169.82,
        "firstConsScore": 304.34,
        "algorthmScore": 222.59
    },
    {
        "case_id": "2703",
        "case_type": "查找算法",
        "debugScore": 92.62,
        "firstConsScore": 334.44,
        "algorthmScore": 238.56
    }
]