[
    {
        "case_id": "2092",
        "case_type": "数字操作",
        "debugScore": 421.07,
        "firstConsScore": 156.41,
        "algorthmScore": 263.37
    },
    {
        "case_id": "2276",
        "case_type": "数字操作",
        "debugScore": 1007.2,
        "firstConsScore": 327.06,
        "algorthmScore": 277.71
    },
    {
        "case_id": "2330",
        "case_type": "数字操作",
        "debugScore": 547.06,
        "firstConsScore": 240.36,
        "algorthmScore": 292.02
    },
    {
        "case_id": "2275",
        "case_type": "数字操作",
        "debugScore": 192.24,
        "firstConsScore": 360.48,
        "algorthmScore": 122.78
    },
    {
        "case_id": "2250",
        "case_type": "数字操作",
        "debugScore": 91.5,
        "firstConsScore": 305.34,
        "algorthmScore": 273.17
    },
    {
        "case_id": "2370",
        "case_type": "数字操作",
        "debugScore": 98.06,
        "firstConsScore": 355.99,
        "algorthmScore": 273.28
    },
    {
        "case_id": "2403",
        "case_type": "数字操作",
        "debugScore": 97.27,
        "firstConsScore": 287.3,
        "algorthmScore": 202.78
    },
    {
        "case_id": "2326",
        "case_type": "数字操作",
        "debugScore": 95.77,
        "firstConsScore": 369.79,
        "algorthmScore": 256.46
    },
    {
        "case_id": "2402",
        "case_type": "数字操作",
        "debugScore": 115.64,
        "firstConsScore": 338.62,
        "algorthmScore": 227.15
    },
    {
        "case_id": "2324",
        "case_type": "数字操作",
        "debugScore": 104.1,
        "firstConsScore": 423.74,
        "algorthmScore": 303.23
    },
    {
        "case_id": "2401",
        "case_type": "数字操作",
        "debugScore": 88.98,
        "firstConsScore": 442.0,
        "algorthmScore": 326.59
    },
    {
        "case_id": "2367",
        "case_type": "数字操作",
        "debugScore": 367.36,
        "firstConsScore": 298.72,
        "algorthmScore": 228.49
    },
    {
        "case_id": "2421",
        "case_type": "数字操作",
        "debugScore": 77.62,
        "firstConsScore": 271.81,
        "algorthmScore": 235.35
    },
    {
        "case_id": "2322",
        "case_type": "数字操作",
        "debugScore": 772.39,
        "firstConsScore": 266.42,
        "algorthmScore": 402.1
    },
    {
        "case_id": "2420",
        "case_type": "数字操作",
        "debugScore": 68.03,
        "firstConsScore": 282.31,
        "algorthmScore": 217.03
    },
    {
        "case_id": "2442",
        "case_type": "数字操作",
        "debugScore": 80.59,
        "firstConsScore": 275.36,
        "algorthmScore": 226.7
    },
    {
        "case_id": "2321",
        "case_type": "数字操作",
        "debugScore": 687.12,
        "firstConsScore": 275.71,
        "algorthmScore": 346.92
    },
    {
        "case_id": "2409",
        "case_type": "数字操作",
        "debugScore": 73.83,
        "firstConsScore": 294.11,
        "algorthmScore": 254.27
    },
    {
        "case_id": "2408",
        "case_type": "数字操作",
        "debugScore": 226.04,
        "firstConsScore": 285.96,
        "algorthmScore": 302.64
    },
    {
        "case_id": "2407",
        "case_type": "数字操作",
        "debugScore": 76.67,
        "firstConsScore": 276.06,
        "algorthmScore": 194.78
    },
    {
        "case_id": "2329",
        "case_type": "数字操作",
        "debugScore": 112.07,
        "firstConsScore": 410.54,
        "algorthmScore": 248.5
    },
    {
        "case_id": "2364",
        "case_type": "数字操作",
        "debugScore": 303.58,
        "firstConsScore": 380.31,
        "algorthmScore": 254.91
    },
    {
        "case_id": "2363",
        "case_type": "数字操作",
        "debugScore": 86.27,
        "firstConsScore": 237.95,
        "algorthmScore": 208.3
    },
    {
        "case_id": "2362",
        "case_type": "数字操作",
        "debugScore": 203.51,
        "firstConsScore": 327.78,
        "algorthmScore": 265.55
    },
    {
        "case_id": "2360",
        "case_type": "数字操作",
        "debugScore": 105.44,
        "firstConsScore": 416.15,
        "algorthmScore": 272.8
    },
    {
        "case_id": "2162",
        "case_type": "数字操作",
        "debugScore": 554.49,
        "firstConsScore": 146.52,
        "algorthmScore": 264.96
    },
    {
        "case_id": "2381",
        "case_type": "数字操作",
        "debugScore": 77.8,
        "firstConsScore": 396.63,
        "algorthmScore": 303.37
    },
    {
        "case_id": "2239",
        "case_type": "数字操作",
        "debugScore": 88.57,
        "firstConsScore": 265.75,
        "algorthmScore": 127.49
    },
    {
        "case_id": "2216",
        "case_type": "数字操作",
        "debugScore": 111.64,
        "firstConsScore": 425.88,
        "algorthmScore": 357.58
    },
    {
        "case_id": "2379",
        "case_type": "数字操作",
        "debugScore": 79.85,
        "firstConsScore": 388.91,
        "algorthmScore": 290.15
    },
    {
        "case_id": "2411",
        "case_type": "数字操作",
        "debugScore": 74.09,
        "firstConsScore": 319.16,
        "algorthmScore": 258.34
    },
    {
        "case_id": "2377",
        "case_type": "数字操作",
        "debugScore": 66.45,
        "firstConsScore": 297.24,
        "algorthmScore": 263.05
    },
    {
        "case_id": "2332",
        "case_type": "数字操作",
        "debugScore": 103.86,
        "firstConsScore": 477.45,
        "algorthmScore": 281.47
    },
    {
        "case_id": "2419",
        "case_type": "数字操作",
        "debugScore": 75.29,
        "firstConsScore": 273.49,
        "algorthmScore": 212.92
    },
    {
        "case_id": "2518",
        "case_type": "数字操作",
        "debugScore": 75.59,
        "firstConsScore": 305.42,
        "algorthmScore": 237.51
    }
]