[
    {
        "case_id": "2525",
        "case_type": "排序算法",
        "debugScore": 85.29,
        "firstConsScore": 256.63,
        "algorthmScore": 233.49
    },
    {
        "case_id": "2523",
        "case_type": "排序算法",
        "debugScore": 90.36,
        "firstConsScore": 248.87,
        "algorthmScore": 257.23
    },
    {
        "case_id": "2521",
        "case_type": "排序算法",
        "debugScore": 740.49,
        "firstConsScore": 111.42,
        "algorthmScore": 260.59
    },
    {
        "case_id": "2532",
        "case_type": "排序算法",
        "debugScore": 90.95,
        "firstConsScore": 246.14,
        "algorthmScore": 294.7
    },
    {
        "case_id": "2531",
        "case_type": "排序算法",
        "debugScore": 79.16,
        "firstConsScore": 282.29,
        "algorthmScore": 272.44
    },
    {
        "case_id": "2497",
        "case_type": "排序算法",
        "debugScore": 82.11,
        "firstConsScore": 218.87,
        "algorthmScore": 184.88
    },
    {
        "case_id": "2530",
        "case_type": "排序算法",
        "debugScore": 72.8,
        "firstConsScore": 218.27,
        "algorthmScore": 248.46
    },
    {
        "case_id": "2519",
        "case_type": "排序算法",
        "debugScore": 895.33,
        "firstConsScore": 165.52,
        "algorthmScore": 261.02
    },
    {
        "case_id": "2529",
        "case_type": "排序算法",
        "debugScore": 80.16,
        "firstConsScore": 188.06,
        "algorthmScore": 202.32
    },
    {
        "case_id": "2528",
        "case_type": "排序算法",
        "debugScore": 98.89,
        "firstConsScore": 276.23,
        "algorthmScore": 210.5
    },
    {
        "case_id": "2527",
        "case_type": "排序算法",
        "debugScore": 92.8,
        "firstConsScore": 271.44,
        "algorthmScore": 301.86
    }
]