[
    {
        "case_id": "2525",
        "case_type": "排序算法",
        "debugScore": 85.29,
        "firstConsScore": 369.03,
        "algorthmScore": 199.01
    },
    {
        "case_id": "2523",
        "case_type": "排序算法",
        "debugScore": 90.36,
        "firstConsScore": 326.16,
        "algorthmScore": 263.43
    },
    {
        "case_id": "2521",
        "case_type": "排序算法",
        "debugScore": 93.94,
        "firstConsScore": 330.99,
        "algorthmScore": 255.49
    },
    {
        "case_id": "2532",
        "case_type": "排序算法",
        "debugScore": 90.95,
        "firstConsScore": 366.38,
        "algorthmScore": 226.16
    },
    {
        "case_id": "2531",
        "case_type": "排序算法",
        "debugScore": 79.16,
        "firstConsScore": 270.63,
        "algorthmScore": 192.14
    },
    {
        "case_id": "2530",
        "case_type": "排序算法",
        "debugScore": 72.8,
        "firstConsScore": 376.8,
        "algorthmScore": 297.45
    },
    {
        "case_id": "2497",
        "case_type": "排序算法",
        "debugScore": 82.11,
        "firstConsScore": 341.32,
        "algorthmScore": 231.88
    },
    {
        "case_id": "2519",
        "case_type": "排序算法",
        "debugScore": 78.91,
        "firstConsScore": 294.56,
        "algorthmScore": 225.84
    },
    {
        "case_id": "2529",
        "case_type": "排序算法",
        "debugScore": 80.16,
        "firstConsScore": 324.77,
        "algorthmScore": 335.44
    },
    {
        "case_id": "2528",
        "case_type": "排序算法",
        "debugScore": 98.89,
        "firstConsScore": 311.47,
        "algorthmScore": 263.1
    },
    {
        "case_id": "2527",
        "case_type": "排序算法",
        "debugScore": 92.8,
        "firstConsScore": 395.84,
        "algorthmScore": 285.65
    }
]