[
    {
        "case_id": "2694",
        "case_type": "查找算法",
        "debugScore": 106.82,
        "firstConsScore": 249.97,
        "algorthmScore": 317.9
    },
    {
        "case_id": "2570",
        "case_type": "查找算法",
        "debugScore": 106.26,
        "firstConsScore": 240.93,
        "algorthmScore": 273.1
    },
    {
        "case_id": "2701",
        "case_type": "查找算法",
        "debugScore": 98.47,
        "firstConsScore": 203.81,
        "algorthmScore": 247.94
    },
    {
        "case_id": "2745",
        "case_type": "查找算法",
        "debugScore": 1273.41,
        "firstConsScore": 206.92,
        "algorthmScore": 350.05
    },
    {
        "case_id": "2711",
        "case_type": "查找算法",
        "debugScore": 109.95,
        "firstConsScore": 244.94,
        "algorthmScore": 269.65
    },
    {
        "case_id": "2567",
        "case_type": "查找算法",
        "debugScore": 124.58,
        "firstConsScore": 283.9,
        "algorthmScore": 288.78
    },
    {
        "case_id": "2720",
        "case_type": "查找算法",
        "debugScore": 95.1,
        "firstConsScore": 232.09,
        "algorthmScore": 304.11
    },
    {
        "case_id": "2729",
        "case_type": "查找算法",
        "debugScore": 76.48,
        "firstConsScore": 277.55,
        "algorthmScore": 259.73
    },
    {
        "case_id": "2707",
        "case_type": "查找算法",
        "debugScore": 82.37,
        "firstConsScore": 198.19,
        "algorthmScore": 245.83
    },
    {
        "case_id": "2718",
        "case_type": "查找算法",
        "debugScore": 114.84,
        "firstConsScore": 225.14,
        "algorthmScore": 248.19
    },
    {
        "case_id": "2706",
        "case_type": "查找算法",
        "debugScore": 98.66,
        "firstConsScore": 325.06,
        "algorthmScore": 432.45
    },
    {
        "case_id": "2717",
        "case_type": "查找算法",
        "debugScore": 89.71,
        "firstConsScore": 261.97,
        "algorthmScore": 343.27
    },
    {
        "case_id": "2606",
        "case_type": "查找算法",
        "debugScore": 70.86,
        "firstConsScore": 290.61,
        "algorthmScore": 274.41
    },
    {
        "case_id": "2716",
        "case_type": "查找算法",
        "debugScore": 130.92,
        "firstConsScore": 315.81,
        "algorthmScore": 329.39
    },
    {
        "case_id": "2639",
        "case_type": "查找算法",
        "debugScore": 80.58,
        "firstConsScore": 188.25,
        "algorthmScore": 159.54
    },
    {
        "case_id": "2705",
        "case_type": "查找算法",
        "debugScore": 86.41,
        "firstConsScore": 235.04,
        "algorthmScore": 304.77
    },
    {
        "case_id": "2737",
        "case_type": "查找算法",
        "debugScore": 77.12,
        "firstConsScore": 242.75,
        "algorthmScore": 201.34
    },
    {
        "case_id": "2715",
        "case_type": "查找算法",
        "debugScore": 169.82,
        "firstConsScore": 229.94,
        "algorthmScore": 286.26
    },
    {
        "case_id": "2726",
        "case_type": "查找算法",
        "debugScore": 101.13,
        "firstConsScore": 221.35,
        "algorthmScore": 300.69
    },
    {
        "case_id": "2703",
        "case_type": "查找算法",
        "debugScore": 92.62,
        "firstConsScore": 218.69,
        "algorthmScore": 282.9
    }
]