[
    {
        "case_id": "2729",
        "case_type": "查找算法",
        "debugScore": 848.09,
        "firstConsScore": 125.11,
        "algorthmScore": 220.74
    },
    {
        "case_id": "2707",
        "case_type": "查找算法",
        "debugScore": 1020.0,
        "firstConsScore": 268.69,
        "algorthmScore": 224.94
    },
    {
        "case_id": "2606",
        "case_type": "查找算法",
        "debugScore": 746.96,
        "firstConsScore": 144.02,
        "algorthmScore": 163.08
    },
    {
        "case_id": "2737",
        "case_type": "查找算法",
        "debugScore": 1729.33,
        "firstConsScore": 163.55,
        "algorthmScore": 204.57
    },
    {
        "case_id": "2715",
        "case_type": "查找算法",
        "debugScore": 57.65,
        "firstConsScore": 272.81,
        "algorthmScore": 223.92
    },
    {
        "case_id": "2703",
        "case_type": "查找算法",
        "debugScore": 393.81,
        "firstConsScore": 247.82,
        "algorthmScore": 258.59
    }
]