[
    {
        "case_id": "2473",
        "case_type": "线性表",
        "debugScore": 86.76,
        "firstConsScore": 418.18,
        "algorthmScore": 281.3
    },
    {
        "case_id": "2471",
        "case_type": "线性表",
        "debugScore": 75.55,
        "firstConsScore": 343.72,
        "algorthmScore": 236.64
    },
    {
        "case_id": "2691",
        "case_type": "线性表",
        "debugScore": 100.02,
        "firstConsScore": 355.66,
        "algorthmScore": 290.09
    },
    {
        "case_id": "2690",
        "case_type": "线性表",
        "debugScore": 139.87,
        "firstConsScore": 324.78,
        "algorthmScore": 301.22
    },
    {
        "case_id": "2590",
        "case_type": "线性表",
        "debugScore": 83.15,
        "firstConsScore": 344.04,
        "algorthmScore": 301.95
    },
    {
        "case_id": "2724",
        "case_type": "线性表",
        "debugScore": 96.42,
        "firstConsScore": 373.87,
        "algorthmScore": 209.76
    },
    {
        "case_id": "2646",
        "case_type": "线性表",
        "debugScore": 85.37,
        "firstConsScore": 345.99,
        "algorthmScore": 262.86
    },
    {
        "case_id": "2723",
        "case_type": "线性表",
        "debugScore": 85.66,
        "firstConsScore": 349.97,
        "algorthmScore": 271.9
    },
    {
        "case_id": "2722",
        "case_type": "线性表",
        "debugScore": 78.28,
        "firstConsScore": 361.8,
        "algorthmScore": 257.85
    },
    {
        "case_id": "2721",
        "case_type": "线性表",
        "debugScore": 82.94,
        "firstConsScore": 309.97,
        "algorthmScore": 182.66
    },
    {
        "case_id": "2487",
        "case_type": "线性表",
        "debugScore": 77.87,
        "firstConsScore": 328.21,
        "algorthmScore": 244.38
    },
    {
        "case_id": "2486",
        "case_type": "线性表",
        "debugScore": 91.37,
        "firstConsScore": 395.58,
        "algorthmScore": 295.4
    },
    {
        "case_id": "2761",
        "case_type": "线性表",
        "debugScore": 84.71,
        "firstConsScore": 382.43,
        "algorthmScore": 266.69
    },
    {
        "case_id": "2728",
        "case_type": "线性表",
        "debugScore": 322.55,
        "firstConsScore": 317.57,
        "algorthmScore": 289.03
    },
    {
        "case_id": "2727",
        "case_type": "线性表",
        "debugScore": 95.35,
        "firstConsScore": 375.58,
        "algorthmScore": 328.85
    },
    {
        "case_id": "2649",
        "case_type": "线性表",
        "debugScore": 84.85,
        "firstConsScore": 258.0,
        "algorthmScore": 190.35
    },
    {
        "case_id": "2725",
        "case_type": "线性表",
        "debugScore": 85.38,
        "firstConsScore": 461.38,
        "algorthmScore": 293.27
    },
    {
        "case_id": "2485",
        "case_type": "线性表",
        "debugScore": 77.05,
        "firstConsScore": 358.57,
        "algorthmScore": 284.74
    },
    {
        "case_id": "2760",
        "case_type": "线性表",
        "debugScore": 94.78,
        "firstConsScore": 383.47,
        "algorthmScore": 289.75
    },
    {
        "case_id": "2484",
        "case_type": "线性表",
        "debugScore": 93.92,
        "firstConsScore": 339.07,
        "algorthmScore": 278.33
    },
    {
        "case_id": "2560",
        "case_type": "线性表",
        "debugScore": 94.09,
        "firstConsScore": 331.2,
        "algorthmScore": 258.33
    },
    {
        "case_id": "2483",
        "case_type": "线性表",
        "debugScore": 82.77,
        "firstConsScore": 301.5,
        "algorthmScore": 240.8
    },
    {
        "case_id": "2559",
        "case_type": "线性表",
        "debugScore": 85.53,
        "firstConsScore": 324.14,
        "algorthmScore": 299.81
    },
    {
        "case_id": "2557",
        "case_type": "线性表",
        "debugScore": 81.3,
        "firstConsScore": 318.19,
        "algorthmScore": 266.71
    },
    {
        "case_id": "2755",
        "case_type": "线性表",
        "debugScore": 105.5,
        "firstConsScore": 386.16,
        "algorthmScore": 293.77
    },
    {
        "case_id": "2732",
        "case_type": "线性表",
        "debugScore": 77.69,
        "firstConsScore": 390.99,
        "algorthmScore": 316.93
    },
    {
        "case_id": "2336",
        "case_type": "线性表",
        "debugScore": 436.01,
        "firstConsScore": 204.29,
        "algorthmScore": 135.24
    },
    {
        "case_id": "2731",
        "case_type": "线性表",
        "debugScore": 92.02,
        "firstConsScore": 367.43,
        "algorthmScore": 277.13
    },
    {
        "case_id": "2730",
        "case_type": "线性表",
        "debugScore": 77.3,
        "firstConsScore": 384.03,
        "algorthmScore": 259.54
    },
    {
        "case_id": "2759",
        "case_type": "线性表",
        "debugScore": 82.68,
        "firstConsScore": 381.29,
        "algorthmScore": 261.51
    }
]