[
    {
        "case_id": "2536",
        "case_type": "图结构",
        "debugScore": 115.41,
        "firstConsScore": 444.12,
        "algorthmScore": 311.5
    },
    {
        "case_id": "2305",
        "case_type": "图结构",
        "debugScore": 151.47,
        "firstConsScore": 356.93,
        "algorthmScore": 309.13
    },
    {
        "case_id": "2316",
        "case_type": "图结构",
        "debugScore": 161.56,
        "firstConsScore": 409.57,
        "algorthmScore": 359.06
    },
    {
        "case_id": "2348",
        "case_type": "图结构",
        "debugScore": 125.51,
        "firstConsScore": 517.27,
        "algorthmScore": 387.11
    },
    {
        "case_id": "2347",
        "case_type": "图结构",
        "debugScore": 204.4,
        "firstConsScore": 490.73,
        "algorthmScore": 190.7
    },
    {
        "case_id": "2444",
        "case_type": "图结构",
        "debugScore": 99.71,
        "firstConsScore": 432.55,
        "algorthmScore": 296.54
    },
    {
        "case_id": "2235",
        "case_type": "图结构",
        "debugScore": 153.84,
        "firstConsScore": 505.2,
        "algorthmScore": 244.15
    },
    {
        "case_id": "2343",
        "case_type": "图结构",
        "debugScore": 159.91,
        "firstConsScore": 639.4,
        "algorthmScore": 339.23
    },
    {
        "case_id": "2354",
        "case_type": "图结构",
        "debugScore": 107.53,
        "firstConsScore": 358.28,
        "algorthmScore": 351.01
    },
    {
        "case_id": "2331",
        "case_type": "图结构",
        "debugScore": 130.47,
        "firstConsScore": 455.01,
        "algorthmScore": 218.99
    },
    {
        "case_id": "2352",
        "case_type": "图结构",
        "debugScore": 125.91,
        "firstConsScore": 522.0,
        "algorthmScore": 350.61
    },
    {
        "case_id": "2704",
        "case_type": "图结构",
        "debugScore": 115.53,
        "firstConsScore": 431.25,
        "algorthmScore": 279.61
    }
]