[
    {
        "case_id": "2975",
        "case_type": "字符串",
        "debugScore": 218.7,
        "firstConsScore": 192.21,
        "algorthmScore": 195.45
    },
    {
        "case_id": "2942",
        "case_type": "字符串",
        "debugScore": 371.01,
        "firstConsScore": 64.18,
        "algorthmScore": 288.82
    },
    {
        "case_id": "2984",
        "case_type": "字符串",
        "debugScore": 92.47,
        "firstConsScore": 228.16,
        "algorthmScore": 280.96
    },
    {
        "case_id": "2961",
        "case_type": "字符串",
        "debugScore": 96.64,
        "firstConsScore": 250.4,
        "algorthmScore": 258.47
    },
    {
        "case_id": "2979",
        "case_type": "字符串",
        "debugScore": 93.76,
        "firstConsScore": 175.28,
        "algorthmScore": 251.97
    },
    {
        "case_id": "2946",
        "case_type": "字符串",
        "debugScore": 81.27,
        "firstConsScore": 301.62,
        "algorthmScore": 299.01
    },
    {
        "case_id": "2957",
        "case_type": "字符串",
        "debugScore": 122.3,
        "firstConsScore": 272.58,
        "algorthmScore": 193.63
    },
    {
        "case_id": "2978",
        "case_type": "字符串",
        "debugScore": 67.14,
        "firstConsScore": 232.91,
        "algorthmScore": 269.52
    },
    {
        "case_id": "2945",
        "case_type": "字符串",
        "debugScore": 82.75,
        "firstConsScore": 303.39,
        "algorthmScore": 241.18
    }
]