[
    {
        "case_id": "2650",
        "case_type": "树结构",
        "debugScore": 1323.34,
        "firstConsScore": 120.8,
        "algorthmScore": 290.96
    },
    {
        "case_id": "2397",
        "case_type": "树结构",
        "debugScore": 909.54,
        "firstConsScore": 189.95,
        "algorthmScore": 312.59
    },
    {
        "case_id": "2353",
        "case_type": "树结构",
        "debugScore": 680.11,
        "firstConsScore": 120.1,
        "algorthmScore": 287.86
    },
    {
        "case_id": "2524",
        "case_type": "树结构",
        "debugScore": 611.87,
        "firstConsScore": 32.17,
        "algorthmScore": 135.61
    },
    {
        "case_id": "2600",
        "case_type": "树结构",
        "debugScore": 114.11,
        "firstConsScore": 240.96,
        "algorthmScore": 306.29
    },
    {
        "case_id": "2400",
        "case_type": "树结构",
        "debugScore": 990.99,
        "firstConsScore": 146.26,
        "algorthmScore": 309.67
    },
    {
        "case_id": "2509",
        "case_type": "树结构",
        "debugScore": 89.65,
        "firstConsScore": 189.65,
        "algorthmScore": 235.02
    },
    {
        "case_id": "2605",
        "case_type": "树结构",
        "debugScore": 741.42,
        "firstConsScore": 112.52,
        "algorthmScore": 262.29
    },
    {
        "case_id": "2549",
        "case_type": "树结构",
        "debugScore": 95.72,
        "firstConsScore": 193.72,
        "algorthmScore": 275.95
    },
    {
        "case_id": "2648",
        "case_type": "树结构",
        "debugScore": 615.83,
        "firstConsScore": 104.89,
        "algorthmScore": 257.43
    },
    {
        "case_id": "2540",
        "case_type": "树结构",
        "debugScore": 843.35,
        "firstConsScore": 113.05,
        "algorthmScore": 278.21
    },
    {
        "case_id": "2660",
        "case_type": "树结构",
        "debugScore": 107.68,
        "firstConsScore": 204.91,
        "algorthmScore": 278.6
    },
    {
        "case_id": "2382",
        "case_type": "树结构",
        "debugScore": 189.2,
        "firstConsScore": 199.22,
        "algorthmScore": 263.85
    },
    {
        "case_id": "2416",
        "case_type": "树结构",
        "debugScore": 136.26,
        "firstConsScore": 225.35,
        "algorthmScore": 242.4
    },
    {
        "case_id": "2636",
        "case_type": "树结构",
        "debugScore": 1263.21,
        "firstConsScore": 136.39,
        "algorthmScore": 301.83
    },
    {
        "case_id": "2657",
        "case_type": "树结构",
        "debugScore": 100.79,
        "firstConsScore": 241.64,
        "algorthmScore": 309.93
    },
    {
        "case_id": "2633",
        "case_type": "树结构",
        "debugScore": 154.13,
        "firstConsScore": 217.83,
        "algorthmScore": 273.71
    },
    {
        "case_id": "2699",
        "case_type": "树结构",
        "debugScore": 638.92,
        "firstConsScore": 134.24,
        "algorthmScore": 175.34
    },
    {
        "case_id": "2599",
        "case_type": "树结构",
        "debugScore": 99.8,
        "firstConsScore": 228.06,
        "algorthmScore": 307.04
    },
    {
        "case_id": "2632",
        "case_type": "树结构",
        "debugScore": 647.7,
        "firstConsScore": 143.41,
        "algorthmScore": 299.19
    },
    {
        "case_id": "2654",
        "case_type": "树结构",
        "debugScore": 110.29,
        "firstConsScore": 178.02,
        "algorthmScore": 301.16
    },
    {
        "case_id": "2598",
        "case_type": "树结构",
        "debugScore": 95.29,
        "firstConsScore": 199.38,
        "algorthmScore": 291.08
    },
    {
        "case_id": "2631",
        "case_type": "树结构",
        "debugScore": 619.2,
        "firstConsScore": 89.98,
        "algorthmScore": 244.65
    },
    {
        "case_id": "2697",
        "case_type": "树结构",
        "debugScore": 96.64,
        "firstConsScore": 189.51,
        "algorthmScore": 248.96
    },
    {
        "case_id": "2355",
        "case_type": "树结构",
        "debugScore": 608.3,
        "firstConsScore": 135.07,
        "algorthmScore": 318.41
    },
    {
        "case_id": "2696",
        "case_type": "树结构",
        "debugScore": 665.65,
        "firstConsScore": 107.49,
        "algorthmScore": 214.25
    },
    {
        "case_id": "2695",
        "case_type": "树结构",
        "debugScore": 383.43,
        "firstConsScore": 171.74,
        "algorthmScore": 305.24
    },
    {
        "case_id": "2398",
        "case_type": "树结构",
        "debugScore": 636.07,
        "firstConsScore": 93.07,
        "algorthmScore": 163.3
    },
    {
        "case_id": "2638",
        "case_type": "树结构",
        "debugScore": 103.09,
        "firstConsScore": 215.33,
        "algorthmScore": 301.9
    }
]