[
    {
        "case_id": "2305",
        "case_type": "图结构",
        "debugScore": 151.47,
        "firstConsScore": 225.08,
        "algorthmScore": 234.6
    },
    {
        "case_id": "2536",
        "case_type": "图结构",
        "debugScore": 115.41,
        "firstConsScore": 210.55,
        "algorthmScore": 319.66
    },
    {
        "case_id": "2348",
        "case_type": "图结构",
        "debugScore": 125.51,
        "firstConsScore": 248.07,
        "algorthmScore": 265.12
    },
    {
        "case_id": "2347",
        "case_type": "图结构",
        "debugScore": 149.21,
        "firstConsScore": 242.44,
        "algorthmScore": 370.15
    },
    {
        "case_id": "2444",
        "case_type": "图结构",
        "debugScore": 99.71,
        "firstConsScore": 216.43,
        "algorthmScore": 357.36
    },
    {
        "case_id": "2235",
        "case_type": "图结构",
        "debugScore": 153.84,
        "firstConsScore": 233.86,
        "algorthmScore": 378.54
    },
    {
        "case_id": "2343",
        "case_type": "图结构",
        "debugScore": 159.91,
        "firstConsScore": 166.37,
        "algorthmScore": 339.23
    },
    {
        "case_id": "2354",
        "case_type": "图结构",
        "debugScore": 107.53,
        "firstConsScore": 220.79,
        "algorthmScore": 343.14
    },
    {
        "case_id": "2331",
        "case_type": "图结构",
        "debugScore": 130.47,
        "firstConsScore": 239.38,
        "algorthmScore": 373.74
    },
    {
        "case_id": "2352",
        "case_type": "图结构",
        "debugScore": 125.91,
        "firstConsScore": 204.05,
        "algorthmScore": 343.37
    },
    {
        "case_id": "2704",
        "case_type": "图结构",
        "debugScore": 115.53,
        "firstConsScore": 182.19,
        "algorthmScore": 309.44
    }
]