[
    {
        "case_id": "2694",
        "case_type": "查找算法",
        "debugScore": 106.82,
        "firstConsScore": 309.5,
        "algorthmScore": 101.51
    },
    {
        "case_id": "2570",
        "case_type": "查找算法",
        "debugScore": 1005.73,
        "firstConsScore": 314.03,
        "algorthmScore": 268.93
    },
    {
        "case_id": "2701",
        "case_type": "查找算法",
        "debugScore": 1086.94,
        "firstConsScore": 269.43,
        "algorthmScore": 156.05
    },
    {
        "case_id": "2745",
        "case_type": "查找算法",
        "debugScore": 95.32,
        "firstConsScore": 555.16,
        "algorthmScore": 170.37
    },
    {
        "case_id": "2711",
        "case_type": "查找算法",
        "debugScore": 109.95,
        "firstConsScore": 337.42,
        "algorthmScore": 152.45
    },
    {
        "case_id": "2567",
        "case_type": "查找算法",
        "debugScore": 525.8,
        "firstConsScore": 243.42,
        "algorthmScore": 245.12
    },
    {
        "case_id": "2720",
        "case_type": "查找算法",
        "debugScore": 95.1,
        "firstConsScore": 493.56,
        "algorthmScore": 268.01
    },
    {
        "case_id": "2729",
        "case_type": "查找算法",
        "debugScore": 76.48,
        "firstConsScore": 289.9,
        "algorthmScore": 271.97
    },
    {
        "case_id": "2707",
        "case_type": "查找算法",
        "debugScore": 82.37,
        "firstConsScore": 319.08,
        "algorthmScore": 277.17
    },
    {
        "case_id": "2718",
        "case_type": "查找算法",
        "debugScore": 114.84,
        "firstConsScore": 408.81,
        "algorthmScore": 242.72
    },
    {
        "case_id": "2706",
        "case_type": "查找算法",
        "debugScore": 616.81,
        "firstConsScore": 255.24,
        "algorthmScore": 198.56
    },
    {
        "case_id": "2717",
        "case_type": "查找算法",
        "debugScore": 823.21,
        "firstConsScore": 302.12,
        "algorthmScore": 285.79
    },
    {
        "case_id": "2606",
        "case_type": "查找算法",
        "debugScore": 70.86,
        "firstConsScore": 296.55,
        "algorthmScore": 280.11
    },
    {
        "case_id": "2716",
        "case_type": "查找算法",
        "debugScore": 176.83,
        "firstConsScore": 276.06,
        "algorthmScore": 237.85
    },
    {
        "case_id": "2639",
        "case_type": "查找算法",
        "debugScore": 780.04,
        "firstConsScore": 281.16,
        "algorthmScore": 261.12
    },
    {
        "case_id": "2705",
        "case_type": "查找算法",
        "debugScore": 86.41,
        "firstConsScore": 460.28,
        "algorthmScore": 279.68
    },
    {
        "case_id": "2737",
        "case_type": "查找算法",
        "debugScore": 77.12,
        "firstConsScore": 293.97,
        "algorthmScore": 297.22
    },
    {
        "case_id": "2715",
        "case_type": "查找算法",
        "debugScore": 169.82,
        "firstConsScore": 301.17,
        "algorthmScore": 220.82
    },
    {
        "case_id": "2726",
        "case_type": "查找算法",
        "debugScore": 101.13,
        "firstConsScore": 422.04,
        "algorthmScore": 217.37
    },
    {
        "case_id": "2703",
        "case_type": "查找算法",
        "debugScore": 92.62,
        "firstConsScore": 327.27,
        "algorthmScore": 239.27
    }
]