[
    {
        "case_id": "2525",
        "case_type": "排序算法",
        "debugScore": 85.29,
        "firstConsScore": 176.55,
        "algorthmScore": 186.94
    },
    {
        "case_id": "2523",
        "case_type": "排序算法",
        "debugScore": 759.8,
        "firstConsScore": 138.02,
        "algorthmScore": 259.44
    },
    {
        "case_id": "2521",
        "case_type": "排序算法",
        "debugScore": 93.94,
        "firstConsScore": 195.16,
        "algorthmScore": 246.01
    },
    {
        "case_id": "2532",
        "case_type": "排序算法",
        "debugScore": 724.67,
        "firstConsScore": 88.96,
        "algorthmScore": 213.57
    },
    {
        "case_id": "2531",
        "case_type": "排序算法",
        "debugScore": 787.35,
        "firstConsScore": 85.17,
        "algorthmScore": 143.6
    },
    {
        "case_id": "2530",
        "case_type": "排序算法",
        "debugScore": 72.8,
        "firstConsScore": 157.24,
        "algorthmScore": 198.63
    },
    {
        "case_id": "2497",
        "case_type": "排序算法",
        "debugScore": 850.78,
        "firstConsScore": 86.41,
        "algorthmScore": 221.55
    },
    {
        "case_id": "2519",
        "case_type": "排序算法",
        "debugScore": 193.89,
        "firstConsScore": 179.45,
        "algorthmScore": 248.93
    },
    {
        "case_id": "2529",
        "case_type": "排序算法",
        "debugScore": 348.6,
        "firstConsScore": 119.82,
        "algorthmScore": 128.8
    },
    {
        "case_id": "2528",
        "case_type": "排序算法",
        "debugScore": 814.06,
        "firstConsScore": 88.65,
        "algorthmScore": 278.89
    },
    {
        "case_id": "2527",
        "case_type": "排序算法",
        "debugScore": 714.57,
        "firstConsScore": 106.33,
        "algorthmScore": 279.08
    }
]