[
    {
        "case_id": "2954",
        "case_type": "字符串",
        "debugScore": 629.57,
        "firstConsScore": 111.58,
        "algorthmScore": 300.07
    },
    {
        "case_id": "2975",
        "case_type": "字符串",
        "debugScore": 82.68,
        "firstConsScore": 219.68,
        "algorthmScore": 268.48
    },
    {
        "case_id": "2942",
        "case_type": "字符串",
        "debugScore": 360.59,
        "firstConsScore": 62.66,
        "algorthmScore": 231.46
    },
    {
        "case_id": "2963",
        "case_type": "字符串",
        "debugScore": 181.91,
        "firstConsScore": 114.27,
        "algorthmScore": 193.87
    },
    {
        "case_id": "2974",
        "case_type": "字符串",
        "debugScore": 97.32,
        "firstConsScore": 196.79,
        "algorthmScore": 360.41
    },
    {
        "case_id": "2984",
        "case_type": "字符串",
        "debugScore": 92.47,
        "firstConsScore": 225.67,
        "algorthmScore": 283.58
    },
    {
        "case_id": "2961",
        "case_type": "字符串",
        "debugScore": 483.38,
        "firstConsScore": 77.19,
        "algorthmScore": 295.44
    },
    {
        "case_id": "2972",
        "case_type": "字符串",
        "debugScore": 500.01,
        "firstConsScore": 186.88,
        "algorthmScore": 306.36
    },
    {
        "case_id": "2970",
        "case_type": "字符串",
        "debugScore": 111.67,
        "firstConsScore": 236.4,
        "algorthmScore": 306.46
    },
    {
        "case_id": "2981",
        "case_type": "字符串",
        "debugScore": 90.21,
        "firstConsScore": 235.51,
        "algorthmScore": 368.71
    },
    {
        "case_id": "2969",
        "case_type": "字符串",
        "debugScore": 595.29,
        "firstConsScore": 60.64,
        "algorthmScore": 305.87
    },
    {
        "case_id": "2979",
        "case_type": "字符串",
        "debugScore": 93.76,
        "firstConsScore": 164.69,
        "algorthmScore": 217.63
    },
    {
        "case_id": "2946",
        "case_type": "字符串",
        "debugScore": 468.1,
        "firstConsScore": 123.29,
        "algorthmScore": 292.39
    },
    {
        "case_id": "2957",
        "case_type": "字符串",
        "debugScore": 922.35,
        "firstConsScore": 167.94,
        "algorthmScore": 224.39
    },
    {
        "case_id": "2968",
        "case_type": "字符串",
        "debugScore": 102.16,
        "firstConsScore": 152.4,
        "algorthmScore": 271.8
    },
    {
        "case_id": "2978",
        "case_type": "字符串",
        "debugScore": 67.14,
        "firstConsScore": 225.16,
        "algorthmScore": 251.76
    },
    {
        "case_id": "2945",
        "case_type": "字符串",
        "debugScore": 459.93,
        "firstConsScore": 101.84,
        "algorthmScore": 286.41
    },
    {
        "case_id": "2956",
        "case_type": "字符串",
        "debugScore": 608.29,
        "firstConsScore": 149.8,
        "algorthmScore": 305.73
    }
]