[
    {
        "case_id": "2975",
        "case_type": "字符串",
        "debugScore": 82.68,
        "firstConsScore": 221.16,
        "algorthmScore": 247.08
    },
    {
        "case_id": "2942",
        "case_type": "字符串",
        "debugScore": 371.01,
        "firstConsScore": 109.34,
        "algorthmScore": 279.23
    },
    {
        "case_id": "2984",
        "case_type": "字符串",
        "debugScore": 92.47,
        "firstConsScore": 187.74,
        "algorthmScore": 168.49
    },
    {
        "case_id": "2961",
        "case_type": "字符串",
        "debugScore": 412.57,
        "firstConsScore": 200.13,
        "algorthmScore": 286.72
    },
    {
        "case_id": "2979",
        "case_type": "字符串",
        "debugScore": 93.76,
        "firstConsScore": 249.13,
        "algorthmScore": 276.25
    },
    {
        "case_id": "2946",
        "case_type": "字符串",
        "debugScore": 81.27,
        "firstConsScore": 337.51,
        "algorthmScore": 272.9
    },
    {
        "case_id": "2978",
        "case_type": "字符串",
        "debugScore": 67.14,
        "firstConsScore": 243.15,
        "algorthmScore": 234.02
    },
    {
        "case_id": "2945",
        "case_type": "字符串",
        "debugScore": 82.75,
        "firstConsScore": 359.23,
        "algorthmScore": 307.54
    }
]