[
    {
        "case_id": "2092",
        "case_type": "数字操作",
        "debugScore": 110.09,
        "firstConsScore": 149.84,
        "algorthmScore": 194.89
    },
    {
        "case_id": "2276",
        "case_type": "数字操作",
        "debugScore": 103.29,
        "firstConsScore": 230.17,
        "algorthmScore": 274.25
    },
    {
        "case_id": "2275",
        "case_type": "数字操作",
        "debugScore": 192.24,
        "firstConsScore": 286.0,
        "algorthmScore": 304.16
    },
    {
        "case_id": "2330",
        "case_type": "数字操作",
        "debugScore": 416.71,
        "firstConsScore": 153.07,
        "algorthmScore": 334.84
    },
    {
        "case_id": "2250",
        "case_type": "数字操作",
        "debugScore": 374.72,
        "firstConsScore": 255.54,
        "algorthmScore": 305.98
    },
    {
        "case_id": "2370",
        "case_type": "数字操作",
        "debugScore": 98.06,
        "firstConsScore": 220.49,
        "algorthmScore": 260.92
    },
    {
        "case_id": "2403",
        "case_type": "数字操作",
        "debugScore": 839.79,
        "firstConsScore": 161.72,
        "algorthmScore": 176.58
    },
    {
        "case_id": "2326",
        "case_type": "数字操作",
        "debugScore": 95.77,
        "firstConsScore": 294.73,
        "algorthmScore": 264.25
    },
    {
        "case_id": "2402",
        "case_type": "数字操作",
        "debugScore": 115.64,
        "firstConsScore": 207.86,
        "algorthmScore": 247.73
    },
    {
        "case_id": "2401",
        "case_type": "数字操作",
        "debugScore": 88.98,
        "firstConsScore": 243.48,
        "algorthmScore": 267.1
    },
    {
        "case_id": "2324",
        "case_type": "数字操作",
        "debugScore": 104.1,
        "firstConsScore": 221.48,
        "algorthmScore": 294.21
    },
    {
        "case_id": "2367",
        "case_type": "数字操作",
        "debugScore": 197.92,
        "firstConsScore": 199.82,
        "algorthmScore": 251.12
    },
    {
        "case_id": "2421",
        "case_type": "数字操作",
        "debugScore": 327.02,
        "firstConsScore": 236.17,
        "algorthmScore": 301.26
    },
    {
        "case_id": "2322",
        "case_type": "数字操作",
        "debugScore": 324.99,
        "firstConsScore": 330.83,
        "algorthmScore": 192.27
    },
    {
        "case_id": "2420",
        "case_type": "数字操作",
        "debugScore": 68.03,
        "firstConsScore": 297.23,
        "algorthmScore": 310.8
    },
    {
        "case_id": "2442",
        "case_type": "数字操作",
        "debugScore": 688.65,
        "firstConsScore": 174.2,
        "algorthmScore": 252.76
    },
    {
        "case_id": "2321",
        "case_type": "数字操作",
        "debugScore": 678.41,
        "firstConsScore": 205.25,
        "algorthmScore": 327.51
    },
    {
        "case_id": "2409",
        "case_type": "数字操作",
        "debugScore": 549.91,
        "firstConsScore": 171.47,
        "algorthmScore": 261.45
    },
    {
        "case_id": "2408",
        "case_type": "数字操作",
        "debugScore": 855.14,
        "firstConsScore": 288.11,
        "algorthmScore": 303.94
    },
    {
        "case_id": "2407",
        "case_type": "数字操作",
        "debugScore": 790.47,
        "firstConsScore": 175.61,
        "algorthmScore": 264.31
    },
    {
        "case_id": "2329",
        "case_type": "数字操作",
        "debugScore": 112.07,
        "firstConsScore": 303.7,
        "algorthmScore": 292.69
    },
    {
        "case_id": "2364",
        "case_type": "数字操作",
        "debugScore": 96.03,
        "firstConsScore": 350.44,
        "algorthmScore": 297.43
    },
    {
        "case_id": "2363",
        "case_type": "数字操作",
        "debugScore": 86.27,
        "firstConsScore": 270.73,
        "algorthmScore": 221.56
    },
    {
        "case_id": "2362",
        "case_type": "数字操作",
        "debugScore": 1127.06,
        "firstConsScore": 152.19,
        "algorthmScore": 284.96
    },
    {
        "case_id": "2162",
        "case_type": "数字操作",
        "debugScore": 486.68,
        "firstConsScore": 131.83,
        "algorthmScore": 246.16
    },
    {
        "case_id": "2360",
        "case_type": "数字操作",
        "debugScore": 105.44,
        "firstConsScore": 252.19,
        "algorthmScore": 301.86
    },
    {
        "case_id": "2381",
        "case_type": "数字操作",
        "debugScore": 77.8,
        "firstConsScore": 261.58,
        "algorthmScore": 253.19
    },
    {
        "case_id": "2239",
        "case_type": "数字操作",
        "debugScore": 88.57,
        "firstConsScore": 268.23,
        "algorthmScore": 316.86
    },
    {
        "case_id": "2216",
        "case_type": "数字操作",
        "debugScore": 111.64,
        "firstConsScore": 249.52,
        "algorthmScore": 323.63
    },
    {
        "case_id": "2379",
        "case_type": "数字操作",
        "debugScore": 290.76,
        "firstConsScore": 314.51,
        "algorthmScore": 230.97
    },
    {
        "case_id": "2411",
        "case_type": "数字操作",
        "debugScore": 47.8,
        "firstConsScore": 288.6,
        "algorthmScore": 300.35
    },
    {
        "case_id": "2377",
        "case_type": "数字操作",
        "debugScore": 732.71,
        "firstConsScore": 152.65,
        "algorthmScore": 277.34
    },
    {
        "case_id": "2332",
        "case_type": "数字操作",
        "debugScore": 103.86,
        "firstConsScore": 267.65,
        "algorthmScore": 360.8
    },
    {
        "case_id": "2419",
        "case_type": "数字操作",
        "debugScore": 75.29,
        "firstConsScore": 252.68,
        "algorthmScore": 263.68
    },
    {
        "case_id": "2518",
        "case_type": "数字操作",
        "debugScore": 455.38,
        "firstConsScore": 218.68,
        "algorthmScore": 237.51
    }
]