[
    {
        "case_id": "2473",
        "case_type": "线性表",
        "debugScore": 86.76,
        "firstConsScore": 256.68,
        "algorthmScore": 246.25
    },
    {
        "case_id": "2471",
        "case_type": "线性表",
        "debugScore": 75.55,
        "firstConsScore": 231.12,
        "algorthmScore": 261.99
    },
    {
        "case_id": "2691",
        "case_type": "线性表",
        "debugScore": 100.02,
        "firstConsScore": 271.2,
        "algorthmScore": 248.54
    },
    {
        "case_id": "2690",
        "case_type": "线性表",
        "debugScore": 139.87,
        "firstConsScore": 313.21,
        "algorthmScore": 232.91
    },
    {
        "case_id": "2590",
        "case_type": "线性表",
        "debugScore": 83.15,
        "firstConsScore": 272.21,
        "algorthmScore": 246.8
    },
    {
        "case_id": "2724",
        "case_type": "线性表",
        "debugScore": 96.42,
        "firstConsScore": 185.46,
        "algorthmScore": 255.29
    },
    {
        "case_id": "2646",
        "case_type": "线性表",
        "debugScore": 85.37,
        "firstConsScore": 237.73,
        "algorthmScore": 227.68
    },
    {
        "case_id": "2723",
        "case_type": "线性表",
        "debugScore": 85.66,
        "firstConsScore": 199.39,
        "algorthmScore": 208.0
    },
    {
        "case_id": "2722",
        "case_type": "线性表",
        "debugScore": 78.28,
        "firstConsScore": 195.78,
        "algorthmScore": 235.67
    },
    {
        "case_id": "2721",
        "case_type": "线性表",
        "debugScore": 82.94,
        "firstConsScore": 203.27,
        "algorthmScore": 241.11
    },
    {
        "case_id": "2487",
        "case_type": "线性表",
        "debugScore": 77.87,
        "firstConsScore": 216.84,
        "algorthmScore": 173.98
    },
    {
        "case_id": "2486",
        "case_type": "线性表",
        "debugScore": 91.37,
        "firstConsScore": 277.88,
        "algorthmScore": 275.93
    },
    {
        "case_id": "2761",
        "case_type": "线性表",
        "debugScore": 1120.28,
        "firstConsScore": 148.13,
        "algorthmScore": 224.58
    },
    {
        "case_id": "2728",
        "case_type": "线性表",
        "debugScore": 86.84,
        "firstConsScore": 251.4,
        "algorthmScore": 231.71
    },
    {
        "case_id": "2727",
        "case_type": "线性表",
        "debugScore": 708.08,
        "firstConsScore": 150.75,
        "algorthmScore": 201.34
    },
    {
        "case_id": "2649",
        "case_type": "线性表",
        "debugScore": 84.85,
        "firstConsScore": 218.05,
        "algorthmScore": 201.63
    },
    {
        "case_id": "2725",
        "case_type": "线性表",
        "debugScore": 85.38,
        "firstConsScore": 259.68,
        "algorthmScore": 268.45
    },
    {
        "case_id": "2485",
        "case_type": "线性表",
        "debugScore": 77.05,
        "firstConsScore": 238.28,
        "algorthmScore": 222.25
    },
    {
        "case_id": "2760",
        "case_type": "线性表",
        "debugScore": 94.78,
        "firstConsScore": 222.8,
        "algorthmScore": 230.54
    },
    {
        "case_id": "2484",
        "case_type": "线性表",
        "debugScore": 93.92,
        "firstConsScore": 213.26,
        "algorthmScore": 253.35
    },
    {
        "case_id": "2560",
        "case_type": "线性表",
        "debugScore": 94.09,
        "firstConsScore": 245.65,
        "algorthmScore": 264.42
    },
    {
        "case_id": "2483",
        "case_type": "线性表",
        "debugScore": 100.28,
        "firstConsScore": 230.9,
        "algorthmScore": 277.43
    },
    {
        "case_id": "2559",
        "case_type": "线性表",
        "debugScore": 85.53,
        "firstConsScore": 215.37,
        "algorthmScore": 291.73
    },
    {
        "case_id": "2557",
        "case_type": "线性表",
        "debugScore": 81.3,
        "firstConsScore": 232.57,
        "algorthmScore": 238.83
    },
    {
        "case_id": "2755",
        "case_type": "线性表",
        "debugScore": 105.5,
        "firstConsScore": 261.9,
        "algorthmScore": 228.9
    },
    {
        "case_id": "2732",
        "case_type": "线性表",
        "debugScore": 77.69,
        "firstConsScore": 216.08,
        "algorthmScore": 198.76
    },
    {
        "case_id": "2336",
        "case_type": "线性表",
        "debugScore": 446.26,
        "firstConsScore": 111.38,
        "algorthmScore": 253.88
    },
    {
        "case_id": "2731",
        "case_type": "线性表",
        "debugScore": 92.02,
        "firstConsScore": 250.39,
        "algorthmScore": 219.7
    },
    {
        "case_id": "2730",
        "case_type": "线性表",
        "debugScore": 77.3,
        "firstConsScore": 214.44,
        "algorthmScore": 244.52
    },
    {
        "case_id": "2759",
        "case_type": "线性表",
        "debugScore": 82.68,
        "firstConsScore": 209.47,
        "algorthmScore": 254.18
    }
]