[
    {
        "case_id": "2954",
        "case_type": "字符串",
        "debugScore": 119.33,
        "firstConsScore": 568.62,
        "algorthmScore": 300.07
    },
    {
        "case_id": "2975",
        "case_type": "字符串",
        "debugScore": 74.72,
        "firstConsScore": 281.92,
        "algorthmScore": 233.65
    },
    {
        "case_id": "2942",
        "case_type": "字符串",
        "debugScore": 80.71,
        "firstConsScore": 481.67,
        "algorthmScore": 287.72
    },
    {
        "case_id": "2963",
        "case_type": "字符串",
        "debugScore": 122.46,
        "firstConsScore": 609.12,
        "algorthmScore": 303.2
    },
    {
        "case_id": "2974",
        "case_type": "字符串",
        "debugScore": 97.32,
        "firstConsScore": 486.54,
        "algorthmScore": 261.99
    },
    {
        "case_id": "2984",
        "case_type": "字符串",
        "debugScore": 92.47,
        "firstConsScore": 271.46,
        "algorthmScore": 231.48
    },
    {
        "case_id": "2961",
        "case_type": "字符串",
        "debugScore": 96.64,
        "firstConsScore": 457.23,
        "algorthmScore": 259.15
    },
    {
        "case_id": "2972",
        "case_type": "字符串",
        "debugScore": 90.41,
        "firstConsScore": 373.35,
        "algorthmScore": 286.63
    },
    {
        "case_id": "2970",
        "case_type": "字符串",
        "debugScore": 335.88,
        "firstConsScore": 623.44,
        "algorthmScore": 321.15
    },
    {
        "case_id": "2981",
        "case_type": "字符串",
        "debugScore": 90.21,
        "firstConsScore": 450.24,
        "algorthmScore": 249.07
    },
    {
        "case_id": "2969",
        "case_type": "字符串",
        "debugScore": 103.11,
        "firstConsScore": 622.45,
        "algorthmScore": 305.75
    },
    {
        "case_id": "2979",
        "case_type": "字符串",
        "debugScore": 83.88,
        "firstConsScore": 294.64,
        "algorthmScore": 248.99
    },
    {
        "case_id": "2946",
        "case_type": "字符串",
        "debugScore": 81.27,
        "firstConsScore": 348.38,
        "algorthmScore": 262.37
    },
    {
        "case_id": "2957",
        "case_type": "字符串",
        "debugScore": 122.3,
        "firstConsScore": 467.34,
        "algorthmScore": 265.27
    },
    {
        "case_id": "2968",
        "case_type": "字符串",
        "debugScore": 107.61,
        "firstConsScore": 413.74,
        "algorthmScore": 307.14
    },
    {
        "case_id": "2978",
        "case_type": "字符串",
        "debugScore": 67.14,
        "firstConsScore": 303.15,
        "algorthmScore": 258.45
    },
    {
        "case_id": "2945",
        "case_type": "字符串",
        "debugScore": 82.75,
        "firstConsScore": 405.53,
        "algorthmScore": 271.19
    },
    {
        "case_id": "2956",
        "case_type": "字符串",
        "debugScore": 70.99,
        "firstConsScore": 506.66,
        "algorthmScore": 210.59
    }
]