[
    {
        "case_id": "2525",
        "case_type": "排序算法",
        "debugScore": 85.29,
        "firstConsScore": 246.77,
        "algorthmScore": 184.51
    },
    {
        "case_id": "2523",
        "case_type": "排序算法",
        "debugScore": 771.58,
        "firstConsScore": 139.23,
        "algorthmScore": 236.62
    },
    {
        "case_id": "2521",
        "case_type": "排序算法",
        "debugScore": 740.49,
        "firstConsScore": 108.42,
        "algorthmScore": 218.17
    },
    {
        "case_id": "2532",
        "case_type": "排序算法",
        "debugScore": 754.43,
        "firstConsScore": 139.72,
        "algorthmScore": 244.96
    },
    {
        "case_id": "2531",
        "case_type": "排序算法",
        "debugScore": 79.16,
        "firstConsScore": 240.46,
        "algorthmScore": 205.57
    },
    {
        "case_id": "2530",
        "case_type": "排序算法",
        "debugScore": 72.8,
        "firstConsScore": 188.79,
        "algorthmScore": 198.38
    },
    {
        "case_id": "2497",
        "case_type": "排序算法",
        "debugScore": 82.11,
        "firstConsScore": 247.83,
        "algorthmScore": 282.56
    },
    {
        "case_id": "2519",
        "case_type": "排序算法",
        "debugScore": 543.26,
        "firstConsScore": 165.25,
        "algorthmScore": 192.72
    },
    {
        "case_id": "2529",
        "case_type": "排序算法",
        "debugScore": 80.16,
        "firstConsScore": 237.38,
        "algorthmScore": 223.06
    },
    {
        "case_id": "2527",
        "case_type": "排序算法",
        "debugScore": 92.8,
        "firstConsScore": 282.29,
        "algorthmScore": 303.92
    }
]