[
    {
        "case_id": "2954",
        "case_type": "字符串",
        "debugScore": 119.33,
        "firstConsScore": 298.56,
        "algorthmScore": 200.84
    },
    {
        "case_id": "2975",
        "case_type": "字符串",
        "debugScore": 82.68,
        "firstConsScore": 275.61,
        "algorthmScore": 253.02
    },
    {
        "case_id": "2942",
        "case_type": "字符串",
        "debugScore": 80.71,
        "firstConsScore": 437.18,
        "algorthmScore": 222.25
    },
    {
        "case_id": "2963",
        "case_type": "字符串",
        "debugScore": 122.46,
        "firstConsScore": 339.38,
        "algorthmScore": 203.75
    },
    {
        "case_id": "2974",
        "case_type": "字符串",
        "debugScore": 97.32,
        "firstConsScore": 231.33,
        "algorthmScore": 234.51
    },
    {
        "case_id": "2984",
        "case_type": "字符串",
        "debugScore": 92.47,
        "firstConsScore": 284.37,
        "algorthmScore": 300.58
    },
    {
        "case_id": "2961",
        "case_type": "字符串",
        "debugScore": 96.64,
        "firstConsScore": 284.35,
        "algorthmScore": 190.88
    },
    {
        "case_id": "2972",
        "case_type": "字符串",
        "debugScore": 109.77,
        "firstConsScore": 284.21,
        "algorthmScore": 269.28
    },
    {
        "case_id": "2981",
        "case_type": "字符串",
        "debugScore": 88.01,
        "firstConsScore": 250.11,
        "algorthmScore": 256.44
    },
    {
        "case_id": "2969",
        "case_type": "字符串",
        "debugScore": 125.36,
        "firstConsScore": 347.44,
        "algorthmScore": 296.23
    },
    {
        "case_id": "2979",
        "case_type": "字符串",
        "debugScore": 93.76,
        "firstConsScore": 234.07,
        "algorthmScore": 254.2
    },
    {
        "case_id": "2946",
        "case_type": "字符串",
        "debugScore": 81.27,
        "firstConsScore": 270.91,
        "algorthmScore": 138.47
    },
    {
        "case_id": "2957",
        "case_type": "字符串",
        "debugScore": 122.3,
        "firstConsScore": 215.23,
        "algorthmScore": 268.92
    },
    {
        "case_id": "2978",
        "case_type": "字符串",
        "debugScore": 67.14,
        "firstConsScore": 295.93,
        "algorthmScore": 244.03
    },
    {
        "case_id": "2945",
        "case_type": "字符串",
        "debugScore": 82.75,
        "firstConsScore": 354.5,
        "algorthmScore": 222.0
    },
    {
        "case_id": "2956",
        "case_type": "字符串",
        "debugScore": 106.37,
        "firstConsScore": 258.92,
        "algorthmScore": 158.22
    }
]