[
    {
        "case_id": "2305",
        "case_type": "图结构",
        "debugScore": 151.47,
        "firstConsScore": 737.39,
        "algorthmScore": 398.87
    },
    {
        "case_id": "2536",
        "case_type": "图结构",
        "debugScore": 78.38,
        "firstConsScore": 699.33,
        "algorthmScore": 294.78
    },
    {
        "case_id": "2316",
        "case_type": "图结构",
        "debugScore": 161.56,
        "firstConsScore": 869.62,
        "algorthmScore": 378.49
    },
    {
        "case_id": "2348",
        "case_type": "图结构",
        "debugScore": 125.51,
        "firstConsScore": 770.31,
        "algorthmScore": 299.7
    },
    {
        "case_id": "2347",
        "case_type": "图结构",
        "debugScore": 149.21,
        "firstConsScore": 678.66,
        "algorthmScore": 313.61
    },
    {
        "case_id": "2444",
        "case_type": "图结构",
        "debugScore": 99.71,
        "firstConsScore": 698.43,
        "algorthmScore": 308.78
    },
    {
        "case_id": "2235",
        "case_type": "图结构",
        "debugScore": 118.85,
        "firstConsScore": 772.85,
        "algorthmScore": 239.22
    },
    {
        "case_id": "2343",
        "case_type": "图结构",
        "debugScore": 159.91,
        "firstConsScore": 730.6,
        "algorthmScore": 325.89
    },
    {
        "case_id": "2354",
        "case_type": "图结构",
        "debugScore": 107.53,
        "firstConsScore": 938.62,
        "algorthmScore": 334.07
    },
    {
        "case_id": "2331",
        "case_type": "图结构",
        "debugScore": 130.47,
        "firstConsScore": 711.67,
        "algorthmScore": 364.17
    },
    {
        "case_id": "2352",
        "case_type": "图结构",
        "debugScore": 93.35,
        "firstConsScore": 725.66,
        "algorthmScore": 341.52
    },
    {
        "case_id": "2704",
        "case_type": "图结构",
        "debugScore": 71.95,
        "firstConsScore": 528.13,
        "algorthmScore": 283.48
    }
]