[
    {
        "case_id": "2650",
        "case_type": "树结构",
        "debugScore": 103.37,
        "firstConsScore": 433.54,
        "algorthmScore": 311.97
    },
    {
        "case_id": "2353",
        "case_type": "树结构",
        "debugScore": 95.88,
        "firstConsScore": 397.12,
        "algorthmScore": 283.02
    },
    {
        "case_id": "2397",
        "case_type": "树结构",
        "debugScore": 243.62,
        "firstConsScore": 288.56,
        "algorthmScore": 259.42
    },
    {
        "case_id": "2524",
        "case_type": "树结构",
        "debugScore": 617.03,
        "firstConsScore": 391.65,
        "algorthmScore": 327.7
    },
    {
        "case_id": "2600",
        "case_type": "树结构",
        "debugScore": 114.11,
        "firstConsScore": 450.56,
        "algorthmScore": 322.76
    },
    {
        "case_id": "2400",
        "case_type": "树结构",
        "debugScore": 133.94,
        "firstConsScore": 327.86,
        "algorthmScore": 324.79
    },
    {
        "case_id": "2509",
        "case_type": "树结构",
        "debugScore": 89.65,
        "firstConsScore": 483.76,
        "algorthmScore": 285.15
    },
    {
        "case_id": "2605",
        "case_type": "树结构",
        "debugScore": 306.7,
        "firstConsScore": 467.44,
        "algorthmScore": 370.47
    },
    {
        "case_id": "2549",
        "case_type": "树结构",
        "debugScore": 95.72,
        "firstConsScore": 513.95,
        "algorthmScore": 304.85
    },
    {
        "case_id": "2648",
        "case_type": "树结构",
        "debugScore": 634.81,
        "firstConsScore": 250.31,
        "algorthmScore": 349.23
    },
    {
        "case_id": "2540",
        "case_type": "树结构",
        "debugScore": 393.37,
        "firstConsScore": 256.91,
        "algorthmScore": 300.43
    },
    {
        "case_id": "2660",
        "case_type": "树结构",
        "debugScore": 107.68,
        "firstConsScore": 328.09,
        "algorthmScore": 296.09
    },
    {
        "case_id": "2382",
        "case_type": "树结构",
        "debugScore": 94.56,
        "firstConsScore": 418.23,
        "algorthmScore": 254.99
    },
    {
        "case_id": "2416",
        "case_type": "树结构",
        "debugScore": 136.26,
        "firstConsScore": 444.37,
        "algorthmScore": 275.88
    },
    {
        "case_id": "2636",
        "case_type": "树结构",
        "debugScore": 277.77,
        "firstConsScore": 454.71,
        "algorthmScore": 285.99
    },
    {
        "case_id": "2657",
        "case_type": "树结构",
        "debugScore": 100.79,
        "firstConsScore": 386.28,
        "algorthmScore": 326.43
    },
    {
        "case_id": "2633",
        "case_type": "树结构",
        "debugScore": 154.13,
        "firstConsScore": 530.05,
        "algorthmScore": 300.53
    },
    {
        "case_id": "2699",
        "case_type": "树结构",
        "debugScore": 643.36,
        "firstConsScore": 311.46,
        "algorthmScore": 298.17
    },
    {
        "case_id": "2599",
        "case_type": "树结构",
        "debugScore": 99.8,
        "firstConsScore": 471.97,
        "algorthmScore": 323.78
    },
    {
        "case_id": "2632",
        "case_type": "树结构",
        "debugScore": 482.27,
        "firstConsScore": 311.41,
        "algorthmScore": 288.42
    },
    {
        "case_id": "2654",
        "case_type": "树结构",
        "debugScore": 110.29,
        "firstConsScore": 342.56,
        "algorthmScore": 334.3
    },
    {
        "case_id": "2598",
        "case_type": "树结构",
        "debugScore": 410.14,
        "firstConsScore": 411.95,
        "algorthmScore": 303.25
    },
    {
        "case_id": "2631",
        "case_type": "树结构",
        "debugScore": 615.9,
        "firstConsScore": 248.32,
        "algorthmScore": 296.76
    },
    {
        "case_id": "2697",
        "case_type": "树结构",
        "debugScore": 96.64,
        "firstConsScore": 307.91,
        "algorthmScore": 266.14
    },
    {
        "case_id": "2696",
        "case_type": "树结构",
        "debugScore": 738.1,
        "firstConsScore": 302.63,
        "algorthmScore": 280.77
    },
    {
        "case_id": "2355",
        "case_type": "树结构",
        "debugScore": 373.69,
        "firstConsScore": 297.79,
        "algorthmScore": 313.7
    },
    {
        "case_id": "2695",
        "case_type": "树结构",
        "debugScore": 113.57,
        "firstConsScore": 386.6,
        "algorthmScore": 313.33
    },
    {
        "case_id": "2398",
        "case_type": "树结构",
        "debugScore": 91.47,
        "firstConsScore": 290.83,
        "algorthmScore": 359.67
    },
    {
        "case_id": "2638",
        "case_type": "树结构",
        "debugScore": 103.09,
        "firstConsScore": 416.1,
        "algorthmScore": 148.24
    }
]