[
    {
        "case_id": "2694",
        "case_type": "查找算法",
        "debugScore": 1916.39,
        "firstConsScore": 156.56,
        "algorthmScore": 320.52
    },
    {
        "case_id": "2570",
        "case_type": "查找算法",
        "debugScore": 924.69,
        "firstConsScore": 99.52,
        "algorthmScore": 314.35
    },
    {
        "case_id": "2701",
        "case_type": "查找算法",
        "debugScore": 1025.73,
        "firstConsScore": 93.97,
        "algorthmScore": 249.79
    },
    {
        "case_id": "2745",
        "case_type": "查找算法",
        "debugScore": 1240.91,
        "firstConsScore": 94.77,
        "algorthmScore": 328.43
    },
    {
        "case_id": "2711",
        "case_type": "查找算法",
        "debugScore": 1278.33,
        "firstConsScore": 182.7,
        "algorthmScore": 377.31
    },
    {
        "case_id": "2567",
        "case_type": "查找算法",
        "debugScore": 495.37,
        "firstConsScore": 62.79,
        "algorthmScore": 280.31
    },
    {
        "case_id": "2720",
        "case_type": "查找算法",
        "debugScore": 1247.17,
        "firstConsScore": 77.17,
        "algorthmScore": 297.99
    },
    {
        "case_id": "2729",
        "case_type": "查找算法",
        "debugScore": 76.48,
        "firstConsScore": 195.16,
        "algorthmScore": 158.58
    },
    {
        "case_id": "2707",
        "case_type": "查找算法",
        "debugScore": 1054.07,
        "firstConsScore": 185.76,
        "algorthmScore": 341.88
    },
    {
        "case_id": "2718",
        "case_type": "查找算法",
        "debugScore": 1101.08,
        "firstConsScore": 139.02,
        "algorthmScore": 333.02
    },
    {
        "case_id": "2706",
        "case_type": "查找算法",
        "debugScore": 616.81,
        "firstConsScore": 137.98,
        "algorthmScore": 366.07
    },
    {
        "case_id": "2717",
        "case_type": "查找算法",
        "debugScore": 829.14,
        "firstConsScore": 106.37,
        "algorthmScore": 338.12
    },
    {
        "case_id": "2606",
        "case_type": "查找算法",
        "debugScore": 755.73,
        "firstConsScore": 161.29,
        "algorthmScore": 230.09
    },
    {
        "case_id": "2705",
        "case_type": "查找算法",
        "debugScore": 545.33,
        "firstConsScore": 250.07,
        "algorthmScore": 296.68
    },
    {
        "case_id": "2716",
        "case_type": "查找算法",
        "debugScore": 603.62,
        "firstConsScore": 102.35,
        "algorthmScore": 340.92
    },
    {
        "case_id": "2639",
        "case_type": "查找算法",
        "debugScore": 908.84,
        "firstConsScore": 102.4,
        "algorthmScore": 282.95
    },
    {
        "case_id": "2737",
        "case_type": "查找算法",
        "debugScore": 77.12,
        "firstConsScore": 256.7,
        "algorthmScore": 220.72
    },
    {
        "case_id": "2715",
        "case_type": "查找算法",
        "debugScore": 579.61,
        "firstConsScore": 153.27,
        "algorthmScore": 293.98
    },
    {
        "case_id": "2726",
        "case_type": "查找算法",
        "debugScore": 1371.17,
        "firstConsScore": 70.14,
        "algorthmScore": 215.14
    },
    {
        "case_id": "2703",
        "case_type": "查找算法",
        "debugScore": 760.14,
        "firstConsScore": 76.83,
        "algorthmScore": 278.51
    }
]