[
    {
        "case_id": "2473",
        "case_type": "线性表",
        "debugScore": 86.76,
        "firstConsScore": 326.7,
        "algorthmScore": 284.27
    },
    {
        "case_id": "2471",
        "case_type": "线性表",
        "debugScore": 75.55,
        "firstConsScore": 321.91,
        "algorthmScore": 322.1
    },
    {
        "case_id": "2691",
        "case_type": "线性表",
        "debugScore": 100.02,
        "firstConsScore": 339.92,
        "algorthmScore": 274.38
    },
    {
        "case_id": "2690",
        "case_type": "线性表",
        "debugScore": 139.87,
        "firstConsScore": 383.11,
        "algorthmScore": 290.3
    },
    {
        "case_id": "2590",
        "case_type": "线性表",
        "debugScore": 552.7,
        "firstConsScore": 174.51,
        "algorthmScore": 272.79
    },
    {
        "case_id": "2724",
        "case_type": "线性表",
        "debugScore": 96.42,
        "firstConsScore": 271.69,
        "algorthmScore": 286.71
    },
    {
        "case_id": "2646",
        "case_type": "线性表",
        "debugScore": 85.37,
        "firstConsScore": 285.75,
        "algorthmScore": 262.94
    },
    {
        "case_id": "2723",
        "case_type": "线性表",
        "debugScore": 85.66,
        "firstConsScore": 273.02,
        "algorthmScore": 262.38
    },
    {
        "case_id": "2722",
        "case_type": "线性表",
        "debugScore": 78.28,
        "firstConsScore": 271.09,
        "algorthmScore": 259.75
    },
    {
        "case_id": "2721",
        "case_type": "线性表",
        "debugScore": 82.94,
        "firstConsScore": 279.98,
        "algorthmScore": 290.17
    },
    {
        "case_id": "2487",
        "case_type": "线性表",
        "debugScore": 77.87,
        "firstConsScore": 283.52,
        "algorthmScore": 285.25
    },
    {
        "case_id": "2486",
        "case_type": "线性表",
        "debugScore": 91.37,
        "firstConsScore": 333.28,
        "algorthmScore": 295.44
    },
    {
        "case_id": "2761",
        "case_type": "线性表",
        "debugScore": 72.07,
        "firstConsScore": 291.69,
        "algorthmScore": 266.72
    },
    {
        "case_id": "2728",
        "case_type": "线性表",
        "debugScore": 86.84,
        "firstConsScore": 332.97,
        "algorthmScore": 293.8
    },
    {
        "case_id": "2727",
        "case_type": "线性表",
        "debugScore": 95.35,
        "firstConsScore": 361.63,
        "algorthmScore": 290.27
    },
    {
        "case_id": "2649",
        "case_type": "线性表",
        "debugScore": 84.85,
        "firstConsScore": 301.73,
        "algorthmScore": 313.94
    },
    {
        "case_id": "2725",
        "case_type": "线性表",
        "debugScore": 85.38,
        "firstConsScore": 348.76,
        "algorthmScore": 291.25
    },
    {
        "case_id": "2485",
        "case_type": "线性表",
        "debugScore": 77.05,
        "firstConsScore": 296.15,
        "algorthmScore": 275.09
    },
    {
        "case_id": "2760",
        "case_type": "线性表",
        "debugScore": 94.78,
        "firstConsScore": 295.01,
        "algorthmScore": 284.39
    },
    {
        "case_id": "2484",
        "case_type": "线性表",
        "debugScore": 93.92,
        "firstConsScore": 244.34,
        "algorthmScore": 209.19
    },
    {
        "case_id": "2560",
        "case_type": "线性表",
        "debugScore": 94.09,
        "firstConsScore": 290.88,
        "algorthmScore": 274.71
    },
    {
        "case_id": "2483",
        "case_type": "线性表",
        "debugScore": 100.28,
        "firstConsScore": 280.97,
        "algorthmScore": 285.59
    },
    {
        "case_id": "2559",
        "case_type": "线性表",
        "debugScore": 85.53,
        "firstConsScore": 282.66,
        "algorthmScore": 179.04
    },
    {
        "case_id": "2557",
        "case_type": "线性表",
        "debugScore": 81.3,
        "firstConsScore": 311.01,
        "algorthmScore": 340.01
    },
    {
        "case_id": "2755",
        "case_type": "线性表",
        "debugScore": 105.5,
        "firstConsScore": 327.0,
        "algorthmScore": 309.38
    },
    {
        "case_id": "2732",
        "case_type": "线性表",
        "debugScore": 74.87,
        "firstConsScore": 287.26,
        "algorthmScore": 289.47
    },
    {
        "case_id": "2336",
        "case_type": "线性表",
        "debugScore": 90.11,
        "firstConsScore": 426.74,
        "algorthmScore": 216.07
    },
    {
        "case_id": "2731",
        "case_type": "线性表",
        "debugScore": 92.02,
        "firstConsScore": 320.58,
        "algorthmScore": 265.72
    },
    {
        "case_id": "2730",
        "case_type": "线性表",
        "debugScore": 73.57,
        "firstConsScore": 287.77,
        "algorthmScore": 252.07
    },
    {
        "case_id": "2759",
        "case_type": "线性表",
        "debugScore": 82.68,
        "firstConsScore": 285.1,
        "algorthmScore": 261.24
    }
]