[
    {
        "case_id": "2305",
        "case_type": "图结构",
        "debugScore": 151.47,
        "firstConsScore": 224.81,
        "algorthmScore": 233.96
    },
    {
        "case_id": "2536",
        "case_type": "图结构",
        "debugScore": 823.33,
        "firstConsScore": 68.08,
        "algorthmScore": 315.66
    },
    {
        "case_id": "2316",
        "case_type": "图结构",
        "debugScore": 245.47,
        "firstConsScore": 124.52,
        "algorthmScore": 286.56
    },
    {
        "case_id": "2348",
        "case_type": "图结构",
        "debugScore": 125.51,
        "firstConsScore": 254.64,
        "algorthmScore": 302.75
    },
    {
        "case_id": "2347",
        "case_type": "图结构",
        "debugScore": 148.04,
        "firstConsScore": 242.29,
        "algorthmScore": 369.81
    },
    {
        "case_id": "2444",
        "case_type": "图结构",
        "debugScore": 820.29,
        "firstConsScore": 146.45,
        "algorthmScore": 357.44
    },
    {
        "case_id": "2235",
        "case_type": "图结构",
        "debugScore": 645.57,
        "firstConsScore": 80.02,
        "algorthmScore": 377.14
    },
    {
        "case_id": "2343",
        "case_type": "图结构",
        "debugScore": 159.91,
        "firstConsScore": 166.15,
        "algorthmScore": 337.84
    },
    {
        "case_id": "2354",
        "case_type": "图结构",
        "debugScore": 1121.4,
        "firstConsScore": 121.81,
        "algorthmScore": 343.97
    },
    {
        "case_id": "2331",
        "case_type": "图结构",
        "debugScore": 130.47,
        "firstConsScore": 239.07,
        "algorthmScore": 373.74
    },
    {
        "case_id": "2352",
        "case_type": "图结构",
        "debugScore": 125.91,
        "firstConsScore": 203.74,
        "algorthmScore": 343.37
    },
    {
        "case_id": "2704",
        "case_type": "图结构",
        "debugScore": 115.53,
        "firstConsScore": 181.95,
        "algorthmScore": 310.66
    }
]