[
    {
        "case_id": "2092",
        "case_type": "数字操作",
        "debugScore": 121.66,
        "firstConsScore": 481.4,
        "algorthmScore": 211.03
    },
    {
        "case_id": "2276",
        "case_type": "数字操作",
        "debugScore": 412.55,
        "firstConsScore": 349.72,
        "algorthmScore": 274.22
    },
    {
        "case_id": "2275",
        "case_type": "数字操作",
        "debugScore": 489.85,
        "firstConsScore": 263.41,
        "algorthmScore": 313.3
    },
    {
        "case_id": "2330",
        "case_type": "数字操作",
        "debugScore": 87.82,
        "firstConsScore": 355.61,
        "algorthmScore": 303.54
    },
    {
        "case_id": "2250",
        "case_type": "数字操作",
        "debugScore": 372.36,
        "firstConsScore": 233.7,
        "algorthmScore": 289.49
    },
    {
        "case_id": "2370",
        "case_type": "数字操作",
        "debugScore": 98.06,
        "firstConsScore": 333.1,
        "algorthmScore": 275.58
    },
    {
        "case_id": "2403",
        "case_type": "数字操作",
        "debugScore": 97.27,
        "firstConsScore": 266.4,
        "algorthmScore": 202.78
    },
    {
        "case_id": "2326",
        "case_type": "数字操作",
        "debugScore": 904.52,
        "firstConsScore": 272.83,
        "algorthmScore": 189.7
    },
    {
        "case_id": "2402",
        "case_type": "数字操作",
        "debugScore": 115.64,
        "firstConsScore": 265.26,
        "algorthmScore": 129.07
    },
    {
        "case_id": "2401",
        "case_type": "数字操作",
        "debugScore": 88.98,
        "firstConsScore": 319.14,
        "algorthmScore": 129.75
    },
    {
        "case_id": "2324",
        "case_type": "数字操作",
        "debugScore": 104.1,
        "firstConsScore": 371.25,
        "algorthmScore": 256.88
    },
    {
        "case_id": "2367",
        "case_type": "数字操作",
        "debugScore": 91.57,
        "firstConsScore": 291.55,
        "algorthmScore": 228.93
    },
    {
        "case_id": "2421",
        "case_type": "数字操作",
        "debugScore": 77.62,
        "firstConsScore": 252.75,
        "algorthmScore": 107.26
    },
    {
        "case_id": "2322",
        "case_type": "数字操作",
        "debugScore": 95.27,
        "firstConsScore": 385.17,
        "algorthmScore": 142.62
    },
    {
        "case_id": "2420",
        "case_type": "数字操作",
        "debugScore": 68.03,
        "firstConsScore": 286.83,
        "algorthmScore": 211.86
    },
    {
        "case_id": "2442",
        "case_type": "数字操作",
        "debugScore": 682.36,
        "firstConsScore": 161.65,
        "algorthmScore": 170.09
    },
    {
        "case_id": "2321",
        "case_type": "数字操作",
        "debugScore": 101.51,
        "firstConsScore": 372.37,
        "algorthmScore": 221.37
    },
    {
        "case_id": "2409",
        "case_type": "数字操作",
        "debugScore": 73.83,
        "firstConsScore": 296.94,
        "algorthmScore": 205.67
    },
    {
        "case_id": "2408",
        "case_type": "数字操作",
        "debugScore": 76.42,
        "firstConsScore": 212.44,
        "algorthmScore": 252.07
    },
    {
        "case_id": "2407",
        "case_type": "数字操作",
        "debugScore": 76.67,
        "firstConsScore": 216.53,
        "algorthmScore": 132.9
    },
    {
        "case_id": "2329",
        "case_type": "数字操作",
        "debugScore": 112.07,
        "firstConsScore": 380.45,
        "algorthmScore": 136.81
    },
    {
        "case_id": "2364",
        "case_type": "数字操作",
        "debugScore": 96.03,
        "firstConsScore": 359.13,
        "algorthmScore": 277.59
    },
    {
        "case_id": "2363",
        "case_type": "数字操作",
        "debugScore": 930.33,
        "firstConsScore": 166.46,
        "algorthmScore": 291.08
    },
    {
        "case_id": "2362",
        "case_type": "数字操作",
        "debugScore": 82.97,
        "firstConsScore": 278.87,
        "algorthmScore": 225.13
    },
    {
        "case_id": "2162",
        "case_type": "数字操作",
        "debugScore": 89.14,
        "firstConsScore": 248.02,
        "algorthmScore": 225.54
    },
    {
        "case_id": "2360",
        "case_type": "数字操作",
        "debugScore": 105.44,
        "firstConsScore": 361.45,
        "algorthmScore": 214.01
    },
    {
        "case_id": "2381",
        "case_type": "数字操作",
        "debugScore": 77.8,
        "firstConsScore": 346.4,
        "algorthmScore": 217.42
    },
    {
        "case_id": "2239",
        "case_type": "数字操作",
        "debugScore": 88.57,
        "firstConsScore": 317.1,
        "algorthmScore": 240.66
    },
    {
        "case_id": "2216",
        "case_type": "数字操作",
        "debugScore": 111.64,
        "firstConsScore": 353.82,
        "algorthmScore": 161.65
    },
    {
        "case_id": "2379",
        "case_type": "数字操作",
        "debugScore": 79.85,
        "firstConsScore": 347.07,
        "algorthmScore": 256.19
    },
    {
        "case_id": "2411",
        "case_type": "数字操作",
        "debugScore": 74.09,
        "firstConsScore": 248.85,
        "algorthmScore": 243.94
    },
    {
        "case_id": "2377",
        "case_type": "数字操作",
        "debugScore": 66.45,
        "firstConsScore": 271.81,
        "algorthmScore": 198.31
    },
    {
        "case_id": "2332",
        "case_type": "数字操作",
        "debugScore": 103.86,
        "firstConsScore": 433.0,
        "algorthmScore": 303.03
    },
    {
        "case_id": "2419",
        "case_type": "数字操作",
        "debugScore": 75.29,
        "firstConsScore": 232.94,
        "algorthmScore": 146.04
    },
    {
        "case_id": "2518",
        "case_type": "数字操作",
        "debugScore": 75.59,
        "firstConsScore": 264.07,
        "algorthmScore": 193.39
    }
]