[
    {
        "case_id": "2092",
        "case_type": "数字操作",
        "debugScore": 132.55,
        "firstConsScore": 145.4,
        "algorthmScore": 133.32
    },
    {
        "case_id": "2276",
        "case_type": "数字操作",
        "debugScore": 94.32,
        "firstConsScore": 249.5,
        "algorthmScore": 213.32
    },
    {
        "case_id": "2330",
        "case_type": "数字操作",
        "debugScore": 283.77,
        "firstConsScore": 241.59,
        "algorthmScore": 141.29
    },
    {
        "case_id": "2275",
        "case_type": "数字操作",
        "debugScore": 192.24,
        "firstConsScore": 278.27,
        "algorthmScore": 193.83
    },
    {
        "case_id": "2250",
        "case_type": "数字操作",
        "debugScore": 373.24,
        "firstConsScore": 182.16,
        "algorthmScore": 124.42
    },
    {
        "case_id": "2370",
        "case_type": "数字操作",
        "debugScore": 98.06,
        "firstConsScore": 343.16,
        "algorthmScore": 304.66
    },
    {
        "case_id": "2403",
        "case_type": "数字操作",
        "debugScore": 97.27,
        "firstConsScore": 266.3,
        "algorthmScore": 238.27
    },
    {
        "case_id": "2326",
        "case_type": "数字操作",
        "debugScore": 95.77,
        "firstConsScore": 355.22,
        "algorthmScore": 259.92
    },
    {
        "case_id": "2402",
        "case_type": "数字操作",
        "debugScore": 115.64,
        "firstConsScore": 325.53,
        "algorthmScore": 237.32
    },
    {
        "case_id": "2324",
        "case_type": "数字操作",
        "debugScore": 433.86,
        "firstConsScore": 241.65,
        "algorthmScore": 151.28
    },
    {
        "case_id": "2401",
        "case_type": "数字操作",
        "debugScore": 88.98,
        "firstConsScore": 252.33,
        "algorthmScore": 194.52
    },
    {
        "case_id": "2367",
        "case_type": "数字操作",
        "debugScore": 193.54,
        "firstConsScore": 305.56,
        "algorthmScore": 274.19
    },
    {
        "case_id": "2421",
        "case_type": "数字操作",
        "debugScore": 324.71,
        "firstConsScore": 227.28,
        "algorthmScore": 158.9
    },
    {
        "case_id": "2322",
        "case_type": "数字操作",
        "debugScore": 798.41,
        "firstConsScore": 250.24,
        "algorthmScore": 122.97
    },
    {
        "case_id": "2420",
        "case_type": "数字操作",
        "debugScore": 68.03,
        "firstConsScore": 287.36,
        "algorthmScore": 282.85
    },
    {
        "case_id": "2442",
        "case_type": "数字操作",
        "debugScore": 80.59,
        "firstConsScore": 210.36,
        "algorthmScore": 130.78
    },
    {
        "case_id": "2321",
        "case_type": "数字操作",
        "debugScore": 420.97,
        "firstConsScore": 299.88,
        "algorthmScore": 172.82
    },
    {
        "case_id": "2409",
        "case_type": "数字操作",
        "debugScore": 73.83,
        "firstConsScore": 279.41,
        "algorthmScore": 247.91
    },
    {
        "case_id": "2408",
        "case_type": "数字操作",
        "debugScore": 646.73,
        "firstConsScore": 179.72,
        "algorthmScore": 296.28
    },
    {
        "case_id": "2407",
        "case_type": "数字操作",
        "debugScore": 76.67,
        "firstConsScore": 270.63,
        "algorthmScore": 258.18
    },
    {
        "case_id": "2329",
        "case_type": "数字操作",
        "debugScore": 112.07,
        "firstConsScore": 368.58,
        "algorthmScore": 208.14
    },
    {
        "case_id": "2364",
        "case_type": "数字操作",
        "debugScore": 96.03,
        "firstConsScore": 358.42,
        "algorthmScore": 256.97
    },
    {
        "case_id": "2363",
        "case_type": "数字操作",
        "debugScore": 86.27,
        "firstConsScore": 272.48,
        "algorthmScore": 207.09
    },
    {
        "case_id": "2362",
        "case_type": "数字操作",
        "debugScore": 1127.06,
        "firstConsScore": 191.04,
        "algorthmScore": 56.81
    },
    {
        "case_id": "2162",
        "case_type": "数字操作",
        "debugScore": 89.14,
        "firstConsScore": 322.48,
        "algorthmScore": 253.13
    },
    {
        "case_id": "2360",
        "case_type": "数字操作",
        "debugScore": 86.96,
        "firstConsScore": 263.36,
        "algorthmScore": 205.84
    },
    {
        "case_id": "2381",
        "case_type": "数字操作",
        "debugScore": 627.53,
        "firstConsScore": 195.71,
        "algorthmScore": 225.38
    },
    {
        "case_id": "2239",
        "case_type": "数字操作",
        "debugScore": 88.57,
        "firstConsScore": 272.33,
        "algorthmScore": 152.11
    },
    {
        "case_id": "2216",
        "case_type": "数字操作",
        "debugScore": 111.64,
        "firstConsScore": 280.18,
        "algorthmScore": 210.86
    },
    {
        "case_id": "2379",
        "case_type": "数字操作",
        "debugScore": 79.85,
        "firstConsScore": 332.99,
        "algorthmScore": 202.56
    },
    {
        "case_id": "2411",
        "case_type": "数字操作",
        "debugScore": 758.45,
        "firstConsScore": 136.09,
        "algorthmScore": 196.24
    },
    {
        "case_id": "2377",
        "case_type": "数字操作",
        "debugScore": 66.45,
        "firstConsScore": 235.51,
        "algorthmScore": 131.44
    },
    {
        "case_id": "2332",
        "case_type": "数字操作",
        "debugScore": 328.94,
        "firstConsScore": 372.76,
        "algorthmScore": 105.03
    },
    {
        "case_id": "2419",
        "case_type": "数字操作",
        "debugScore": 75.29,
        "firstConsScore": 270.11,
        "algorthmScore": 257.57
    },
    {
        "case_id": "2518",
        "case_type": "数字操作",
        "debugScore": 75.59,
        "firstConsScore": 280.59,
        "algorthmScore": 237.23
    }
]