[
    {
        "case_id": "2092",
        "case_type": "数字操作",
        "debugScore": 121.66,
        "firstConsScore": 515.24,
        "algorthmScore": 241.82
    },
    {
        "case_id": "2276",
        "case_type": "数字操作",
        "debugScore": 103.29,
        "firstConsScore": 273.27,
        "algorthmScore": 322.93
    },
    {
        "case_id": "2275",
        "case_type": "数字操作",
        "debugScore": 192.24,
        "firstConsScore": 360.08,
        "algorthmScore": 343.62
    },
    {
        "case_id": "2330",
        "case_type": "数字操作",
        "debugScore": 161.94,
        "firstConsScore": 296.73,
        "algorthmScore": 201.36
    },
    {
        "case_id": "2250",
        "case_type": "数字操作",
        "debugScore": 374.72,
        "firstConsScore": 278.62,
        "algorthmScore": 268.8
    },
    {
        "case_id": "2370",
        "case_type": "数字操作",
        "debugScore": 98.06,
        "firstConsScore": 280.04,
        "algorthmScore": 166.66
    },
    {
        "case_id": "2403",
        "case_type": "数字操作",
        "debugScore": 97.27,
        "firstConsScore": 320.48,
        "algorthmScore": 287.04
    },
    {
        "case_id": "2326",
        "case_type": "数字操作",
        "debugScore": 95.77,
        "firstConsScore": 291.6,
        "algorthmScore": 299.16
    },
    {
        "case_id": "2402",
        "case_type": "数字操作",
        "debugScore": 115.64,
        "firstConsScore": 221.99,
        "algorthmScore": 248.01
    },
    {
        "case_id": "2324",
        "case_type": "数字操作",
        "debugScore": 104.1,
        "firstConsScore": 308.72,
        "algorthmScore": 222.05
    },
    {
        "case_id": "2401",
        "case_type": "数字操作",
        "debugScore": 494.08,
        "firstConsScore": 215.6,
        "algorthmScore": 193.66
    },
    {
        "case_id": "2367",
        "case_type": "数字操作",
        "debugScore": 91.57,
        "firstConsScore": 261.19,
        "algorthmScore": 239.96
    },
    {
        "case_id": "2421",
        "case_type": "数字操作",
        "debugScore": 77.62,
        "firstConsScore": 318.96,
        "algorthmScore": 188.66
    },
    {
        "case_id": "2322",
        "case_type": "数字操作",
        "debugScore": 95.27,
        "firstConsScore": 331.93,
        "algorthmScore": 151.92
    },
    {
        "case_id": "2420",
        "case_type": "数字操作",
        "debugScore": 68.03,
        "firstConsScore": 232.74,
        "algorthmScore": 127.85
    },
    {
        "case_id": "2442",
        "case_type": "数字操作",
        "debugScore": 80.59,
        "firstConsScore": 218.43,
        "algorthmScore": 152.85
    },
    {
        "case_id": "2321",
        "case_type": "数字操作",
        "debugScore": 555.05,
        "firstConsScore": 253.07,
        "algorthmScore": 237.46
    },
    {
        "case_id": "2409",
        "case_type": "数字操作",
        "debugScore": 73.83,
        "firstConsScore": 278.73,
        "algorthmScore": 244.34
    },
    {
        "case_id": "2408",
        "case_type": "数字操作",
        "debugScore": 1070.86,
        "firstConsScore": 227.46,
        "algorthmScore": 285.65
    },
    {
        "case_id": "2407",
        "case_type": "数字操作",
        "debugScore": 76.67,
        "firstConsScore": 247.64,
        "algorthmScore": 155.44
    },
    {
        "case_id": "2329",
        "case_type": "数字操作",
        "debugScore": 112.07,
        "firstConsScore": 346.54,
        "algorthmScore": 409.09
    },
    {
        "case_id": "2364",
        "case_type": "数字操作",
        "debugScore": 96.03,
        "firstConsScore": 391.2,
        "algorthmScore": 259.19
    },
    {
        "case_id": "2363",
        "case_type": "数字操作",
        "debugScore": 86.27,
        "firstConsScore": 260.75,
        "algorthmScore": 171.74
    },
    {
        "case_id": "2362",
        "case_type": "数字操作",
        "debugScore": 82.97,
        "firstConsScore": 221.65,
        "algorthmScore": 181.48
    },
    {
        "case_id": "2162",
        "case_type": "数字操作",
        "debugScore": 89.14,
        "firstConsScore": 293.77,
        "algorthmScore": 247.65
    },
    {
        "case_id": "2360",
        "case_type": "数字操作",
        "debugScore": 105.44,
        "firstConsScore": 290.65,
        "algorthmScore": 372.3
    },
    {
        "case_id": "2381",
        "case_type": "数字操作",
        "debugScore": 77.8,
        "firstConsScore": 313.01,
        "algorthmScore": 232.34
    },
    {
        "case_id": "2239",
        "case_type": "数字操作",
        "debugScore": 88.57,
        "firstConsScore": 318.44,
        "algorthmScore": 434.3
    },
    {
        "case_id": "2216",
        "case_type": "数字操作",
        "debugScore": 478.66,
        "firstConsScore": 329.0,
        "algorthmScore": 207.1
    },
    {
        "case_id": "2379",
        "case_type": "数字操作",
        "debugScore": 292.61,
        "firstConsScore": 244.8,
        "algorthmScore": 141.49
    },
    {
        "case_id": "2411",
        "case_type": "数字操作",
        "debugScore": 204.24,
        "firstConsScore": 292.65,
        "algorthmScore": 297.06
    },
    {
        "case_id": "2377",
        "case_type": "数字操作",
        "debugScore": 66.45,
        "firstConsScore": 315.04,
        "algorthmScore": 248.35
    },
    {
        "case_id": "2332",
        "case_type": "数字操作",
        "debugScore": 103.86,
        "firstConsScore": 300.69,
        "algorthmScore": 381.6
    },
    {
        "case_id": "2419",
        "case_type": "数字操作",
        "debugScore": 75.29,
        "firstConsScore": 315.74,
        "algorthmScore": 211.24
    },
    {
        "case_id": "2518",
        "case_type": "数字操作",
        "debugScore": 70.18,
        "firstConsScore": 281.64,
        "algorthmScore": 186.47
    }
]