[
    {
        "case_id": "2650",
        "case_type": "树结构",
        "debugScore": 103.37,
        "firstConsScore": 225.8,
        "algorthmScore": 292.82
    },
    {
        "case_id": "2353",
        "case_type": "树结构",
        "debugScore": 90.87,
        "firstConsScore": 299.08,
        "algorthmScore": 315.79
    },
    {
        "case_id": "2397",
        "case_type": "树结构",
        "debugScore": 134.06,
        "firstConsScore": 334.47,
        "algorthmScore": 292.38
    },
    {
        "case_id": "2524",
        "case_type": "树结构",
        "debugScore": 120.48,
        "firstConsScore": 288.2,
        "algorthmScore": 334.95
    },
    {
        "case_id": "2600",
        "case_type": "树结构",
        "debugScore": 114.11,
        "firstConsScore": 262.37,
        "algorthmScore": 327.57
    },
    {
        "case_id": "2400",
        "case_type": "树结构",
        "debugScore": 133.94,
        "firstConsScore": 361.79,
        "algorthmScore": 430.0
    },
    {
        "case_id": "2509",
        "case_type": "树结构",
        "debugScore": 89.65,
        "firstConsScore": 195.26,
        "algorthmScore": 280.35
    },
    {
        "case_id": "2605",
        "case_type": "树结构",
        "debugScore": 86.96,
        "firstConsScore": 266.64,
        "algorthmScore": 348.09
    },
    {
        "case_id": "2549",
        "case_type": "树结构",
        "debugScore": 95.72,
        "firstConsScore": 211.01,
        "algorthmScore": 285.0
    },
    {
        "case_id": "2648",
        "case_type": "树结构",
        "debugScore": 101.08,
        "firstConsScore": 276.06,
        "algorthmScore": 307.02
    },
    {
        "case_id": "2540",
        "case_type": "树结构",
        "debugScore": 928.64,
        "firstConsScore": 204.77,
        "algorthmScore": 286.96
    },
    {
        "case_id": "2660",
        "case_type": "树结构",
        "debugScore": 107.68,
        "firstConsScore": 221.48,
        "algorthmScore": 294.43
    },
    {
        "case_id": "2382",
        "case_type": "树结构",
        "debugScore": 94.56,
        "firstConsScore": 212.29,
        "algorthmScore": 217.66
    },
    {
        "case_id": "2416",
        "case_type": "树结构",
        "debugScore": 136.26,
        "firstConsScore": 226.98,
        "algorthmScore": 200.18
    },
    {
        "case_id": "2636",
        "case_type": "树结构",
        "debugScore": 109.29,
        "firstConsScore": 273.38,
        "algorthmScore": 312.48
    },
    {
        "case_id": "2657",
        "case_type": "树结构",
        "debugScore": 100.79,
        "firstConsScore": 279.63,
        "algorthmScore": 328.22
    },
    {
        "case_id": "2633",
        "case_type": "树结构",
        "debugScore": 154.13,
        "firstConsScore": 233.11,
        "algorthmScore": 279.15
    },
    {
        "case_id": "2699",
        "case_type": "树结构",
        "debugScore": 119.51,
        "firstConsScore": 306.2,
        "algorthmScore": 323.39
    },
    {
        "case_id": "2599",
        "case_type": "树结构",
        "debugScore": 99.8,
        "firstConsScore": 250.08,
        "algorthmScore": 246.57
    },
    {
        "case_id": "2632",
        "case_type": "树结构",
        "debugScore": 491.66,
        "firstConsScore": 174.87,
        "algorthmScore": 251.52
    },
    {
        "case_id": "2654",
        "case_type": "树结构",
        "debugScore": 110.29,
        "firstConsScore": 217.38,
        "algorthmScore": 297.09
    },
    {
        "case_id": "2598",
        "case_type": "树结构",
        "debugScore": 95.29,
        "firstConsScore": 208.49,
        "algorthmScore": 255.03
    },
    {
        "case_id": "2631",
        "case_type": "树结构",
        "debugScore": 90.08,
        "firstConsScore": 268.13,
        "algorthmScore": 274.32
    },
    {
        "case_id": "2697",
        "case_type": "树结构",
        "debugScore": 96.64,
        "firstConsScore": 242.3,
        "algorthmScore": 361.54
    },
    {
        "case_id": "2696",
        "case_type": "树结构",
        "debugScore": 95.8,
        "firstConsScore": 289.47,
        "algorthmScore": 304.26
    },
    {
        "case_id": "2355",
        "case_type": "树结构",
        "debugScore": 125.84,
        "firstConsScore": 325.36,
        "algorthmScore": 328.87
    },
    {
        "case_id": "2695",
        "case_type": "树结构",
        "debugScore": 113.57,
        "firstConsScore": 272.01,
        "algorthmScore": 323.63
    },
    {
        "case_id": "2398",
        "case_type": "树结构",
        "debugScore": 91.47,
        "firstConsScore": 292.21,
        "algorthmScore": 309.74
    },
    {
        "case_id": "2638",
        "case_type": "树结构",
        "debugScore": 103.09,
        "firstConsScore": 227.2,
        "algorthmScore": 283.96
    }
]