[
    {
        "case_id": "2694",
        "case_type": "查找算法",
        "debugScore": 106.82,
        "firstConsScore": 381.46,
        "algorthmScore": 250.27
    },
    {
        "case_id": "2570",
        "case_type": "查找算法",
        "debugScore": 106.26,
        "firstConsScore": 423.88,
        "algorthmScore": 287.16
    },
    {
        "case_id": "2701",
        "case_type": "查找算法",
        "debugScore": 832.0,
        "firstConsScore": 293.39,
        "algorthmScore": 272.53
    },
    {
        "case_id": "2745",
        "case_type": "查找算法",
        "debugScore": 103.02,
        "firstConsScore": 167.59,
        "algorthmScore": 257.12
    },
    {
        "case_id": "2711",
        "case_type": "查找算法",
        "debugScore": 1264.45,
        "firstConsScore": 363.28,
        "algorthmScore": 302.8
    },
    {
        "case_id": "2567",
        "case_type": "查找算法",
        "debugScore": 124.58,
        "firstConsScore": 424.73,
        "algorthmScore": 224.41
    },
    {
        "case_id": "2720",
        "case_type": "查找算法",
        "debugScore": 95.1,
        "firstConsScore": 473.45,
        "algorthmScore": 266.29
    },
    {
        "case_id": "2729",
        "case_type": "查找算法",
        "debugScore": 69.98,
        "firstConsScore": 199.99,
        "algorthmScore": 162.86
    },
    {
        "case_id": "2707",
        "case_type": "查找算法",
        "debugScore": 82.37,
        "firstConsScore": 255.07,
        "algorthmScore": 131.7
    },
    {
        "case_id": "2718",
        "case_type": "查找算法",
        "debugScore": 114.84,
        "firstConsScore": 382.12,
        "algorthmScore": 223.78
    },
    {
        "case_id": "2706",
        "case_type": "查找算法",
        "debugScore": 91.69,
        "firstConsScore": 405.67,
        "algorthmScore": 231.33
    },
    {
        "case_id": "2717",
        "case_type": "查找算法",
        "debugScore": 348.86,
        "firstConsScore": 379.53,
        "algorthmScore": 233.35
    },
    {
        "case_id": "2606",
        "case_type": "查找算法",
        "debugScore": 70.86,
        "firstConsScore": 276.56,
        "algorthmScore": 241.34
    },
    {
        "case_id": "2716",
        "case_type": "查找算法",
        "debugScore": 189.98,
        "firstConsScore": 444.2,
        "algorthmScore": 274.05
    },
    {
        "case_id": "2639",
        "case_type": "查找算法",
        "debugScore": 940.51,
        "firstConsScore": 262.43,
        "algorthmScore": 264.78
    },
    {
        "case_id": "2705",
        "case_type": "查找算法",
        "debugScore": 1081.92,
        "firstConsScore": 327.07,
        "algorthmScore": 256.98
    },
    {
        "case_id": "2737",
        "case_type": "查找算法",
        "debugScore": 74.09,
        "firstConsScore": 265.82,
        "algorthmScore": 225.79
    },
    {
        "case_id": "2715",
        "case_type": "查找算法",
        "debugScore": 169.82,
        "firstConsScore": 348.71,
        "algorthmScore": 258.29
    },
    {
        "case_id": "2726",
        "case_type": "查找算法",
        "debugScore": 101.13,
        "firstConsScore": 401.74,
        "algorthmScore": 282.57
    },
    {
        "case_id": "2703",
        "case_type": "查找算法",
        "debugScore": 92.62,
        "firstConsScore": 330.78,
        "algorthmScore": 237.98
    }
]