[
    {
        "case_id": "2870",
        "case_type": "数组",
        "debugScore": 102.62,
        "firstConsScore": 248.37,
        "algorthmScore": 191.83
    },
    {
        "case_id": "2867",
        "case_type": "数组",
        "debugScore": 1516.41,
        "firstConsScore": 207.9,
        "algorthmScore": 220.24
    },
    {
        "case_id": "2845",
        "case_type": "数组",
        "debugScore": 160.64,
        "firstConsScore": 269.45,
        "algorthmScore": 240.81
    },
    {
        "case_id": "2823",
        "case_type": "数组",
        "debugScore": 459.92,
        "firstConsScore": 12.42,
        "algorthmScore": 184.13
    },
    {
        "case_id": "2844",
        "case_type": "数组",
        "debugScore": 427.98,
        "firstConsScore": 247.0,
        "algorthmScore": 313.22
    },
    {
        "case_id": "2866",
        "case_type": "数组",
        "debugScore": 675.77,
        "firstConsScore": 111.78,
        "algorthmScore": 144.43
    },
    {
        "case_id": "2865",
        "case_type": "数组",
        "debugScore": 75.41,
        "firstConsScore": 287.32,
        "algorthmScore": 264.79
    },
    {
        "case_id": "2843",
        "case_type": "数组",
        "debugScore": 77.99,
        "firstConsScore": 303.53,
        "algorthmScore": 256.41
    },
    {
        "case_id": "2864",
        "case_type": "数组",
        "debugScore": 602.1,
        "firstConsScore": 103.04,
        "algorthmScore": 178.64
    },
    {
        "case_id": "2863",
        "case_type": "数组",
        "debugScore": 84.28,
        "firstConsScore": 278.52,
        "algorthmScore": 254.37
    },
    {
        "case_id": "2840",
        "case_type": "数组",
        "debugScore": 80.88,
        "firstConsScore": 292.22,
        "algorthmScore": 273.78
    },
    {
        "case_id": "2861",
        "case_type": "数组",
        "debugScore": 957.23,
        "firstConsScore": 224.66,
        "algorthmScore": 180.55
    },
    {
        "case_id": "2849",
        "case_type": "数组",
        "debugScore": 90.72,
        "firstConsScore": 237.14,
        "algorthmScore": 223.46
    },
    {
        "case_id": "2848",
        "case_type": "数组",
        "debugScore": 617.18,
        "firstConsScore": 207.02,
        "algorthmScore": 230.72
    },
    {
        "case_id": "2868",
        "case_type": "数组",
        "debugScore": 834.37,
        "firstConsScore": 7.73,
        "algorthmScore": 155.52
    },
    {
        "case_id": "2877",
        "case_type": "数组",
        "debugScore": 1503.96,
        "firstConsScore": 232.94,
        "algorthmScore": 268.31
    },
    {
        "case_id": "2855",
        "case_type": "数组",
        "debugScore": 731.91,
        "firstConsScore": 201.6,
        "algorthmScore": 290.43
    },
    {
        "case_id": "2854",
        "case_type": "数组",
        "debugScore": 88.3,
        "firstConsScore": 255.52,
        "algorthmScore": 227.94
    },
    {
        "case_id": "2832",
        "case_type": "数组",
        "debugScore": 274.37,
        "firstConsScore": 304.73,
        "algorthmScore": 258.4
    },
    {
        "case_id": "2875",
        "case_type": "数组",
        "debugScore": 74.56,
        "firstConsScore": 319.53,
        "algorthmScore": 302.72
    },
    {
        "case_id": "2831",
        "case_type": "数组",
        "debugScore": 241.7,
        "firstConsScore": 237.48,
        "algorthmScore": 245.77
    },
    {
        "case_id": "2853",
        "case_type": "数组",
        "debugScore": 106.45,
        "firstConsScore": 299.32,
        "algorthmScore": 259.12
    },
    {
        "case_id": "2852",
        "case_type": "数组",
        "debugScore": 876.37,
        "firstConsScore": 8.27,
        "algorthmScore": 152.02
    },
    {
        "case_id": "2873",
        "case_type": "数组",
        "debugScore": 625.14,
        "firstConsScore": 178.55,
        "algorthmScore": 236.95
    },
    {
        "case_id": "2851",
        "case_type": "数组",
        "debugScore": 96.63,
        "firstConsScore": 315.97,
        "algorthmScore": 328.92
    },
    {
        "case_id": "2872",
        "case_type": "数组",
        "debugScore": 806.46,
        "firstConsScore": 174.57,
        "algorthmScore": 240.7
    },
    {
        "case_id": "2850",
        "case_type": "数组",
        "debugScore": 500.1,
        "firstConsScore": 191.23,
        "algorthmScore": 248.45
    },
    {
        "case_id": "2819",
        "case_type": "数组",
        "debugScore": 691.84,
        "firstConsScore": 5.78,
        "algorthmScore": 239.35
    },
    {
        "case_id": "2838",
        "case_type": "数组",
        "debugScore": 1449.05,
        "firstConsScore": 220.7,
        "algorthmScore": 257.07
    },
    {
        "case_id": "2859",
        "case_type": "数组",
        "debugScore": 909.58,
        "firstConsScore": 226.72,
        "algorthmScore": 230.07
    },
    {
        "case_id": "2837",
        "case_type": "数组",
        "debugScore": 865.4,
        "firstConsScore": 230.91,
        "algorthmScore": 203.64
    },
    {
        "case_id": "2815",
        "case_type": "数组",
        "debugScore": 981.69,
        "firstConsScore": 18.06,
        "algorthmScore": 205.85
    },
    {
        "case_id": "2836",
        "case_type": "数组",
        "debugScore": 164.78,
        "firstConsScore": 352.28,
        "algorthmScore": 288.96
    },
    {
        "case_id": "2858",
        "case_type": "数组",
        "debugScore": 1007.41,
        "firstConsScore": 208.51,
        "algorthmScore": 278.55
    },
    {
        "case_id": "2835",
        "case_type": "数组",
        "debugScore": 364.32,
        "firstConsScore": 314.93,
        "algorthmScore": 231.59
    },
    {
        "case_id": "2857",
        "case_type": "数组",
        "debugScore": 344.27,
        "firstConsScore": 148.83,
        "algorthmScore": 262.24
    }
]