[
    {
        "case_id": "2473",
        "case_type": "线性表",
        "debugScore": 86.76,
        "firstConsScore": 327.02,
        "algorthmScore": 210.08
    },
    {
        "case_id": "2471",
        "case_type": "线性表",
        "debugScore": 75.55,
        "firstConsScore": 321.23,
        "algorthmScore": 303.32
    },
    {
        "case_id": "2691",
        "case_type": "线性表",
        "debugScore": 100.02,
        "firstConsScore": 358.2,
        "algorthmScore": 315.57
    },
    {
        "case_id": "2690",
        "case_type": "线性表",
        "debugScore": 139.87,
        "firstConsScore": 358.53,
        "algorthmScore": 159.77
    },
    {
        "case_id": "2590",
        "case_type": "线性表",
        "debugScore": 83.15,
        "firstConsScore": 335.01,
        "algorthmScore": 344.43
    },
    {
        "case_id": "2724",
        "case_type": "线性表",
        "debugScore": 96.42,
        "firstConsScore": 255.82,
        "algorthmScore": 202.7
    },
    {
        "case_id": "2646",
        "case_type": "线性表",
        "debugScore": 85.37,
        "firstConsScore": 294.81,
        "algorthmScore": 266.81
    },
    {
        "case_id": "2723",
        "case_type": "线性表",
        "debugScore": 85.66,
        "firstConsScore": 299.53,
        "algorthmScore": 297.37
    },
    {
        "case_id": "2722",
        "case_type": "线性表",
        "debugScore": 78.28,
        "firstConsScore": 281.39,
        "algorthmScore": 265.18
    },
    {
        "case_id": "2721",
        "case_type": "线性表",
        "debugScore": 82.94,
        "firstConsScore": 283.54,
        "algorthmScore": 287.2
    },
    {
        "case_id": "2487",
        "case_type": "线性表",
        "debugScore": 77.87,
        "firstConsScore": 304.91,
        "algorthmScore": 358.21
    },
    {
        "case_id": "2486",
        "case_type": "线性表",
        "debugScore": 91.37,
        "firstConsScore": 326.65,
        "algorthmScore": 237.53
    },
    {
        "case_id": "2761",
        "case_type": "线性表",
        "debugScore": 84.71,
        "firstConsScore": 308.93,
        "algorthmScore": 300.79
    },
    {
        "case_id": "2728",
        "case_type": "线性表",
        "debugScore": 86.84,
        "firstConsScore": 340.99,
        "algorthmScore": 270.33
    },
    {
        "case_id": "2727",
        "case_type": "线性表",
        "debugScore": 95.35,
        "firstConsScore": 368.6,
        "algorthmScore": 278.09
    },
    {
        "case_id": "2649",
        "case_type": "线性表",
        "debugScore": 84.85,
        "firstConsScore": 268.77,
        "algorthmScore": 247.95
    },
    {
        "case_id": "2725",
        "case_type": "线性表",
        "debugScore": 85.38,
        "firstConsScore": 361.06,
        "algorthmScore": 288.28
    },
    {
        "case_id": "2485",
        "case_type": "线性表",
        "debugScore": 77.05,
        "firstConsScore": 311.56,
        "algorthmScore": 299.88
    },
    {
        "case_id": "2760",
        "case_type": "线性表",
        "debugScore": 94.78,
        "firstConsScore": 297.68,
        "algorthmScore": 266.2
    },
    {
        "case_id": "2484",
        "case_type": "线性表",
        "debugScore": 93.92,
        "firstConsScore": 282.05,
        "algorthmScore": 268.78
    },
    {
        "case_id": "2560",
        "case_type": "线性表",
        "debugScore": 94.09,
        "firstConsScore": 264.04,
        "algorthmScore": 184.5
    },
    {
        "case_id": "2483",
        "case_type": "线性表",
        "debugScore": 100.28,
        "firstConsScore": 289.85,
        "algorthmScore": 286.27
    },
    {
        "case_id": "2559",
        "case_type": "线性表",
        "debugScore": 85.53,
        "firstConsScore": 288.42,
        "algorthmScore": 185.3
    },
    {
        "case_id": "2557",
        "case_type": "线性表",
        "debugScore": 81.3,
        "firstConsScore": 232.08,
        "algorthmScore": 164.42
    },
    {
        "case_id": "2755",
        "case_type": "线性表",
        "debugScore": 105.5,
        "firstConsScore": 313.54,
        "algorthmScore": 213.18
    },
    {
        "case_id": "2732",
        "case_type": "线性表",
        "debugScore": 77.69,
        "firstConsScore": 299.68,
        "algorthmScore": 281.28
    },
    {
        "case_id": "2336",
        "case_type": "线性表",
        "debugScore": 90.11,
        "firstConsScore": 436.05,
        "algorthmScore": 308.34
    },
    {
        "case_id": "2731",
        "case_type": "线性表",
        "debugScore": 92.02,
        "firstConsScore": 332.47,
        "algorthmScore": 271.55
    },
    {
        "case_id": "2730",
        "case_type": "线性表",
        "debugScore": 77.3,
        "firstConsScore": 299.38,
        "algorthmScore": 265.74
    },
    {
        "case_id": "2759",
        "case_type": "线性表",
        "debugScore": 82.68,
        "firstConsScore": 298.96,
        "algorthmScore": 261.51
    }
]