[
    {
        "case_id": "2092",
        "case_type": "数字操作",
        "debugScore": 126.16,
        "firstConsScore": 75.01,
        "algorthmScore": 149.33
    },
    {
        "case_id": "2276",
        "case_type": "数字操作",
        "debugScore": 269.9,
        "firstConsScore": 175.21,
        "algorthmScore": 269.55
    },
    {
        "case_id": "2275",
        "case_type": "数字操作",
        "debugScore": 192.24,
        "firstConsScore": 187.35,
        "algorthmScore": 273.65
    },
    {
        "case_id": "2330",
        "case_type": "数字操作",
        "debugScore": 87.82,
        "firstConsScore": 264.17,
        "algorthmScore": 229.96
    },
    {
        "case_id": "2250",
        "case_type": "数字操作",
        "debugScore": 91.5,
        "firstConsScore": 183.07,
        "algorthmScore": 184.73
    },
    {
        "case_id": "2370",
        "case_type": "数字操作",
        "debugScore": 731.91,
        "firstConsScore": 98.76,
        "algorthmScore": 262.38
    },
    {
        "case_id": "2403",
        "case_type": "数字操作",
        "debugScore": 97.27,
        "firstConsScore": 184.31,
        "algorthmScore": 257.3
    },
    {
        "case_id": "2326",
        "case_type": "数字操作",
        "debugScore": 95.77,
        "firstConsScore": 233.68,
        "algorthmScore": 352.83
    },
    {
        "case_id": "2402",
        "case_type": "数字操作",
        "debugScore": 115.64,
        "firstConsScore": 156.66,
        "algorthmScore": 264.98
    },
    {
        "case_id": "2401",
        "case_type": "数字操作",
        "debugScore": 88.98,
        "firstConsScore": 163.62,
        "algorthmScore": 252.4
    },
    {
        "case_id": "2324",
        "case_type": "数字操作",
        "debugScore": 104.1,
        "firstConsScore": 153.52,
        "algorthmScore": 294.21
    },
    {
        "case_id": "2367",
        "case_type": "数字操作",
        "debugScore": 91.57,
        "firstConsScore": 172.94,
        "algorthmScore": 274.4
    },
    {
        "case_id": "2421",
        "case_type": "数字操作",
        "debugScore": 77.62,
        "firstConsScore": 171.58,
        "algorthmScore": 278.3
    },
    {
        "case_id": "2322",
        "case_type": "数字操作",
        "debugScore": 95.27,
        "firstConsScore": 183.65,
        "algorthmScore": 168.47
    },
    {
        "case_id": "2420",
        "case_type": "数字操作",
        "debugScore": 177.65,
        "firstConsScore": 169.09,
        "algorthmScore": 151.44
    },
    {
        "case_id": "2442",
        "case_type": "数字操作",
        "debugScore": 80.59,
        "firstConsScore": 175.75,
        "algorthmScore": 182.59
    },
    {
        "case_id": "2409",
        "case_type": "数字操作",
        "debugScore": 71.83,
        "firstConsScore": 210.16,
        "algorthmScore": 268.07
    },
    {
        "case_id": "2408",
        "case_type": "数字操作",
        "debugScore": 76.42,
        "firstConsScore": 212.79,
        "algorthmScore": 308.48
    },
    {
        "case_id": "2407",
        "case_type": "数字操作",
        "debugScore": 76.67,
        "firstConsScore": 167.42,
        "algorthmScore": 158.63
    },
    {
        "case_id": "2329",
        "case_type": "数字操作",
        "debugScore": 112.07,
        "firstConsScore": 189.87,
        "algorthmScore": 371.69
    },
    {
        "case_id": "2364",
        "case_type": "数字操作",
        "debugScore": 96.03,
        "firstConsScore": 142.9,
        "algorthmScore": 276.45
    },
    {
        "case_id": "2363",
        "case_type": "数字操作",
        "debugScore": 86.27,
        "firstConsScore": 179.97,
        "algorthmScore": 212.26
    },
    {
        "case_id": "2362",
        "case_type": "数字操作",
        "debugScore": 82.97,
        "firstConsScore": 180.05,
        "algorthmScore": 316.57
    },
    {
        "case_id": "2162",
        "case_type": "数字操作",
        "debugScore": 89.14,
        "firstConsScore": 242.28,
        "algorthmScore": 262.2
    },
    {
        "case_id": "2381",
        "case_type": "数字操作",
        "debugScore": 621.57,
        "firstConsScore": 75.97,
        "algorthmScore": 268.28
    },
    {
        "case_id": "2239",
        "case_type": "数字操作",
        "debugScore": 459.65,
        "firstConsScore": 104.88,
        "algorthmScore": 143.68
    },
    {
        "case_id": "2379",
        "case_type": "数字操作",
        "debugScore": 1396.52,
        "firstConsScore": 75.84,
        "algorthmScore": 237.09
    },
    {
        "case_id": "2411",
        "case_type": "数字操作",
        "debugScore": 74.09,
        "firstConsScore": 194.24,
        "algorthmScore": 263.52
    },
    {
        "case_id": "2377",
        "case_type": "数字操作",
        "debugScore": 66.45,
        "firstConsScore": 198.09,
        "algorthmScore": 243.47
    },
    {
        "case_id": "2332",
        "case_type": "数字操作",
        "debugScore": 103.86,
        "firstConsScore": 155.12,
        "algorthmScore": 272.78
    },
    {
        "case_id": "2419",
        "case_type": "数字操作",
        "debugScore": 816.27,
        "firstConsScore": 70.4,
        "algorthmScore": 267.7
    },
    {
        "case_id": "2518",
        "case_type": "数字操作",
        "debugScore": 75.59,
        "firstConsScore": 202.78,
        "algorthmScore": 237.48
    }
]