[
    {
        "case_id": "2954",
        "case_type": "字符串",
        "debugScore": 119.33,
        "firstConsScore": 192.7,
        "algorthmScore": 231.88
    },
    {
        "case_id": "2975",
        "case_type": "字符串",
        "debugScore": 82.68,
        "firstConsScore": 185.94,
        "algorthmScore": 186.32
    },
    {
        "case_id": "2942",
        "case_type": "字符串",
        "debugScore": 79.37,
        "firstConsScore": 358.41,
        "algorthmScore": 262.7
    },
    {
        "case_id": "2963",
        "case_type": "字符串",
        "debugScore": 122.46,
        "firstConsScore": 153.66,
        "algorthmScore": 193.97
    },
    {
        "case_id": "2974",
        "case_type": "字符串",
        "debugScore": 97.32,
        "firstConsScore": 207.34,
        "algorthmScore": 222.65
    },
    {
        "case_id": "2984",
        "case_type": "字符串",
        "debugScore": 92.47,
        "firstConsScore": 201.91,
        "algorthmScore": 163.32
    },
    {
        "case_id": "2961",
        "case_type": "字符串",
        "debugScore": 96.64,
        "firstConsScore": 279.2,
        "algorthmScore": 226.67
    },
    {
        "case_id": "2972",
        "case_type": "字符串",
        "debugScore": 109.77,
        "firstConsScore": 241.46,
        "algorthmScore": 238.42
    },
    {
        "case_id": "2981",
        "case_type": "字符串",
        "debugScore": 90.21,
        "firstConsScore": 249.54,
        "algorthmScore": 270.67
    },
    {
        "case_id": "2970",
        "case_type": "字符串",
        "debugScore": 111.67,
        "firstConsScore": 160.03,
        "algorthmScore": 323.72
    },
    {
        "case_id": "2969",
        "case_type": "字符串",
        "debugScore": 125.36,
        "firstConsScore": 128.55,
        "algorthmScore": 258.82
    },
    {
        "case_id": "2979",
        "case_type": "字符串",
        "debugScore": 93.76,
        "firstConsScore": 233.16,
        "algorthmScore": 215.12
    },
    {
        "case_id": "2946",
        "case_type": "字符串",
        "debugScore": 81.27,
        "firstConsScore": 280.31,
        "algorthmScore": 270.01
    },
    {
        "case_id": "2968",
        "case_type": "字符串",
        "debugScore": 107.61,
        "firstConsScore": 240.85,
        "algorthmScore": 222.26
    },
    {
        "case_id": "2957",
        "case_type": "字符串",
        "debugScore": 122.3,
        "firstConsScore": 177.94,
        "algorthmScore": 363.22
    },
    {
        "case_id": "2978",
        "case_type": "字符串",
        "debugScore": 67.14,
        "firstConsScore": 179.6,
        "algorthmScore": 177.29
    },
    {
        "case_id": "2945",
        "case_type": "字符串",
        "debugScore": 82.75,
        "firstConsScore": 279.42,
        "algorthmScore": 220.99
    },
    {
        "case_id": "2956",
        "case_type": "字符串",
        "debugScore": 106.37,
        "firstConsScore": 247.85,
        "algorthmScore": 268.78
    }
]