[
    {
        "case_id": "2525",
        "case_type": "排序算法",
        "debugScore": 85.29,
        "firstConsScore": 226.45,
        "algorthmScore": 249.29
    },
    {
        "case_id": "2523",
        "case_type": "排序算法",
        "debugScore": 719.68,
        "firstConsScore": 216.64,
        "algorthmScore": 322.73
    },
    {
        "case_id": "2521",
        "case_type": "排序算法",
        "debugScore": 674.22,
        "firstConsScore": 183.57,
        "algorthmScore": 296.4
    },
    {
        "case_id": "2532",
        "case_type": "排序算法",
        "debugScore": 388.04,
        "firstConsScore": 206.71,
        "algorthmScore": 325.27
    },
    {
        "case_id": "2531",
        "case_type": "排序算法",
        "debugScore": 814.01,
        "firstConsScore": 166.74,
        "algorthmScore": 249.02
    },
    {
        "case_id": "2530",
        "case_type": "排序算法",
        "debugScore": 1075.32,
        "firstConsScore": 167.18,
        "algorthmScore": 247.87
    },
    {
        "case_id": "2497",
        "case_type": "排序算法",
        "debugScore": 798.39,
        "firstConsScore": 114.41,
        "algorthmScore": 237.86
    },
    {
        "case_id": "2519",
        "case_type": "排序算法",
        "debugScore": 78.91,
        "firstConsScore": 285.51,
        "algorthmScore": 214.96
    },
    {
        "case_id": "2529",
        "case_type": "排序算法",
        "debugScore": 778.04,
        "firstConsScore": 187.27,
        "algorthmScore": 160.05
    },
    {
        "case_id": "2528",
        "case_type": "排序算法",
        "debugScore": 98.89,
        "firstConsScore": 281.04,
        "algorthmScore": 239.33
    },
    {
        "case_id": "2527",
        "case_type": "排序算法",
        "debugScore": 694.57,
        "firstConsScore": 173.74,
        "algorthmScore": 260.85
    }
]