[
    {
        "case_id": "2870",
        "case_type": "数组",
        "debugScore": 102.62,
        "firstConsScore": 205.85,
        "algorthmScore": 264.46
    },
    {
        "case_id": "2374",
        "case_type": "数组",
        "debugScore": 391.49,
        "firstConsScore": 109.06,
        "algorthmScore": 166.15
    },
    {
        "case_id": "2393",
        "case_type": "数组",
        "debugScore": 98.88,
        "firstConsScore": 191.42,
        "algorthmScore": 198.12
    },
    {
        "case_id": "2470",
        "case_type": "数组",
        "debugScore": 554.45,
        "firstConsScore": 141.03,
        "algorthmScore": 287.66
    },
    {
        "case_id": "2867",
        "case_type": "数组",
        "debugScore": 1504.33,
        "firstConsScore": 114.22,
        "algorthmScore": 191.83
    },
    {
        "case_id": "2845",
        "case_type": "数组",
        "debugScore": 160.64,
        "firstConsScore": 202.57,
        "algorthmScore": 234.37
    },
    {
        "case_id": "2823",
        "case_type": "数组",
        "debugScore": 436.63,
        "firstConsScore": 131.08,
        "algorthmScore": 249.69
    },
    {
        "case_id": "2844",
        "case_type": "数组",
        "debugScore": 427.25,
        "firstConsScore": 166.17,
        "algorthmScore": 236.11
    },
    {
        "case_id": "2866",
        "case_type": "数组",
        "debugScore": 522.02,
        "firstConsScore": 148.6,
        "algorthmScore": 246.61
    },
    {
        "case_id": "2865",
        "case_type": "数组",
        "debugScore": 814.43,
        "firstConsScore": 137.16,
        "algorthmScore": 196.68
    },
    {
        "case_id": "2843",
        "case_type": "数组",
        "debugScore": 120.03,
        "firstConsScore": 200.26,
        "algorthmScore": 191.81
    },
    {
        "case_id": "2469",
        "case_type": "数组",
        "debugScore": 817.86,
        "firstConsScore": 120.53,
        "algorthmScore": 261.92
    },
    {
        "case_id": "2864",
        "case_type": "数组",
        "debugScore": 593.83,
        "firstConsScore": 118.47,
        "algorthmScore": 208.92
    },
    {
        "case_id": "2842",
        "case_type": "数组",
        "debugScore": 671.51,
        "firstConsScore": 141.79,
        "algorthmScore": 138.07
    },
    {
        "case_id": "2863",
        "case_type": "数组",
        "debugScore": 1735.23,
        "firstConsScore": 72.62,
        "algorthmScore": 129.32
    },
    {
        "case_id": "2840",
        "case_type": "数组",
        "debugScore": 1424.04,
        "firstConsScore": 111.62,
        "algorthmScore": 212.1
    },
    {
        "case_id": "2861",
        "case_type": "数组",
        "debugScore": 79.57,
        "firstConsScore": 183.76,
        "algorthmScore": 216.12
    },
    {
        "case_id": "2849",
        "case_type": "数组",
        "debugScore": 90.72,
        "firstConsScore": 121.22,
        "algorthmScore": 89.09
    },
    {
        "case_id": "2848",
        "case_type": "数组",
        "debugScore": 85.23,
        "firstConsScore": 215.75,
        "algorthmScore": 236.0
    },
    {
        "case_id": "2868",
        "case_type": "数组",
        "debugScore": 738.53,
        "firstConsScore": 128.65,
        "algorthmScore": 252.35
    },
    {
        "case_id": "2824",
        "case_type": "数组",
        "debugScore": 683.57,
        "firstConsScore": 165.37,
        "algorthmScore": 233.85
    },
    {
        "case_id": "2384",
        "case_type": "数组",
        "debugScore": 954.62,
        "firstConsScore": 123.66,
        "algorthmScore": 218.88
    },
    {
        "case_id": "2834",
        "case_type": "数组",
        "debugScore": 1576.66,
        "firstConsScore": 126.47,
        "algorthmScore": 208.61
    },
    {
        "case_id": "2877",
        "case_type": "数组",
        "debugScore": 1503.66,
        "firstConsScore": 166.56,
        "algorthmScore": 250.37
    },
    {
        "case_id": "2855",
        "case_type": "数组",
        "debugScore": 707.6,
        "firstConsScore": 140.74,
        "algorthmScore": 271.77
    },
    {
        "case_id": "2854",
        "case_type": "数组",
        "debugScore": 384.32,
        "firstConsScore": 152.31,
        "algorthmScore": 139.81
    },
    {
        "case_id": "2832",
        "case_type": "数组",
        "debugScore": 711.89,
        "firstConsScore": 121.3,
        "algorthmScore": 196.48
    },
    {
        "case_id": "2875",
        "case_type": "数组",
        "debugScore": 908.61,
        "firstConsScore": 105.15,
        "algorthmScore": 128.76
    },
    {
        "case_id": "2831",
        "case_type": "数组",
        "debugScore": 1134.48,
        "firstConsScore": 86.31,
        "algorthmScore": 114.81
    },
    {
        "case_id": "2853",
        "case_type": "数组",
        "debugScore": 1178.94,
        "firstConsScore": 120.51,
        "algorthmScore": 245.37
    },
    {
        "case_id": "2830",
        "case_type": "数组",
        "debugScore": 362.88,
        "firstConsScore": 185.68,
        "algorthmScore": 247.45
    },
    {
        "case_id": "2852",
        "case_type": "数组",
        "debugScore": 937.63,
        "firstConsScore": 131.31,
        "algorthmScore": 262.4
    },
    {
        "case_id": "2873",
        "case_type": "数组",
        "debugScore": 615.98,
        "firstConsScore": 82.77,
        "algorthmScore": 132.37
    },
    {
        "case_id": "2851",
        "case_type": "数组",
        "debugScore": 1740.36,
        "firstConsScore": 100.16,
        "algorthmScore": 106.99
    },
    {
        "case_id": "2872",
        "case_type": "数组",
        "debugScore": 807.69,
        "firstConsScore": 92.86,
        "algorthmScore": 222.61
    },
    {
        "case_id": "2850",
        "case_type": "数组",
        "debugScore": 612.69,
        "firstConsScore": 100.43,
        "algorthmScore": 220.5
    },
    {
        "case_id": "2819",
        "case_type": "数组",
        "debugScore": 177.82,
        "firstConsScore": 194.94,
        "algorthmScore": 124.24
    },
    {
        "case_id": "2838",
        "case_type": "数组",
        "debugScore": 77.66,
        "firstConsScore": 203.78,
        "algorthmScore": 237.52
    },
    {
        "case_id": "2859",
        "case_type": "数组",
        "debugScore": 124.69,
        "firstConsScore": 168.5,
        "algorthmScore": 175.74
    },
    {
        "case_id": "2837",
        "case_type": "数组",
        "debugScore": 910.09,
        "firstConsScore": 129.37,
        "algorthmScore": 211.71
    },
    {
        "case_id": "2815",
        "case_type": "数组",
        "debugScore": 120.66,
        "firstConsScore": 196.56,
        "algorthmScore": 215.9
    },
    {
        "case_id": "2836",
        "case_type": "数组",
        "debugScore": 978.11,
        "firstConsScore": 196.99,
        "algorthmScore": 240.61
    },
    {
        "case_id": "2858",
        "case_type": "数组",
        "debugScore": 118.89,
        "firstConsScore": 198.72,
        "algorthmScore": 217.57
    },
    {
        "case_id": "2835",
        "case_type": "数组",
        "debugScore": 793.17,
        "firstConsScore": 94.59,
        "algorthmScore": 278.36
    },
    {
        "case_id": "2857",
        "case_type": "数组",
        "debugScore": 353.47,
        "firstConsScore": 99.6,
        "algorthmScore": 286.23
    }
]