[
    {
        "case_id": "2954",
        "case_type": "字符串",
        "debugScore": 119.33,
        "firstConsScore": 282.6,
        "algorthmScore": 298.13
    },
    {
        "case_id": "2975",
        "case_type": "字符串",
        "debugScore": 82.68,
        "firstConsScore": 270.89,
        "algorthmScore": 269.97
    },
    {
        "case_id": "2942",
        "case_type": "字符串",
        "debugScore": 80.71,
        "firstConsScore": 425.23,
        "algorthmScore": 212.87
    },
    {
        "case_id": "2974",
        "case_type": "字符串",
        "debugScore": 97.32,
        "firstConsScore": 216.38,
        "algorthmScore": 207.25
    },
    {
        "case_id": "2963",
        "case_type": "字符串",
        "debugScore": 122.46,
        "firstConsScore": 326.48,
        "algorthmScore": 268.57
    },
    {
        "case_id": "2984",
        "case_type": "字符串",
        "debugScore": 92.47,
        "firstConsScore": 273.44,
        "algorthmScore": 245.45
    },
    {
        "case_id": "2972",
        "case_type": "字符串",
        "debugScore": 109.77,
        "firstConsScore": 327.38,
        "algorthmScore": 266.55
    },
    {
        "case_id": "2961",
        "case_type": "字符串",
        "debugScore": 96.64,
        "firstConsScore": 288.45,
        "algorthmScore": 250.59
    },
    {
        "case_id": "2981",
        "case_type": "字符串",
        "debugScore": 90.21,
        "firstConsScore": 248.25,
        "algorthmScore": 232.43
    },
    {
        "case_id": "2970",
        "case_type": "字符串",
        "debugScore": 111.67,
        "firstConsScore": 295.18,
        "algorthmScore": 291.81
    },
    {
        "case_id": "2969",
        "case_type": "字符串",
        "debugScore": 434.95,
        "firstConsScore": 372.34,
        "algorthmScore": 254.23
    },
    {
        "case_id": "2979",
        "case_type": "字符串",
        "debugScore": 1078.4,
        "firstConsScore": 139.4,
        "algorthmScore": 262.24
    },
    {
        "case_id": "2946",
        "case_type": "字符串",
        "debugScore": 468.1,
        "firstConsScore": 140.03,
        "algorthmScore": 284.94
    },
    {
        "case_id": "2968",
        "case_type": "字符串",
        "debugScore": 204.85,
        "firstConsScore": 319.15,
        "algorthmScore": 232.56
    },
    {
        "case_id": "2957",
        "case_type": "字符串",
        "debugScore": 122.3,
        "firstConsScore": 241.76,
        "algorthmScore": 197.14
    },
    {
        "case_id": "2978",
        "case_type": "字符串",
        "debugScore": 67.14,
        "firstConsScore": 262.05,
        "algorthmScore": 257.29
    },
    {
        "case_id": "2945",
        "case_type": "字符串",
        "debugScore": 452.07,
        "firstConsScore": 110.73,
        "algorthmScore": 194.46
    },
    {
        "case_id": "2956",
        "case_type": "字符串",
        "debugScore": 106.37,
        "firstConsScore": 249.09,
        "algorthmScore": 223.42
    }
]