[
    {
        "case_id": "2092",
        "case_type": "数字操作",
        "debugScore": 376.87,
        "firstConsScore": 112.13,
        "algorthmScore": 276.94
    },
    {
        "case_id": "2276",
        "case_type": "数字操作",
        "debugScore": 103.29,
        "firstConsScore": 258.63,
        "algorthmScore": 192.68
    },
    {
        "case_id": "2275",
        "case_type": "数字操作",
        "debugScore": 428.01,
        "firstConsScore": 151.08,
        "algorthmScore": 117.6
    },
    {
        "case_id": "2330",
        "case_type": "数字操作",
        "debugScore": 524.47,
        "firstConsScore": 159.25,
        "algorthmScore": 211.34
    },
    {
        "case_id": "2250",
        "case_type": "数字操作",
        "debugScore": 91.5,
        "firstConsScore": 264.44,
        "algorthmScore": 163.4
    },
    {
        "case_id": "2370",
        "case_type": "数字操作",
        "debugScore": 98.06,
        "firstConsScore": 221.26,
        "algorthmScore": 97.49
    },
    {
        "case_id": "2403",
        "case_type": "数字操作",
        "debugScore": 883.71,
        "firstConsScore": 137.72,
        "algorthmScore": 257.3
    },
    {
        "case_id": "2326",
        "case_type": "数字操作",
        "debugScore": 95.77,
        "firstConsScore": 244.15,
        "algorthmScore": 158.73
    },
    {
        "case_id": "2402",
        "case_type": "数字操作",
        "debugScore": 115.64,
        "firstConsScore": 200.54,
        "algorthmScore": 120.39
    },
    {
        "case_id": "2401",
        "case_type": "数字操作",
        "debugScore": 88.98,
        "firstConsScore": 218.87,
        "algorthmScore": 66.24
    },
    {
        "case_id": "2324",
        "case_type": "数字操作",
        "debugScore": 104.1,
        "firstConsScore": 218.87,
        "algorthmScore": 140.18
    },
    {
        "case_id": "2367",
        "case_type": "数字操作",
        "debugScore": 728.25,
        "firstConsScore": 206.66,
        "algorthmScore": 208.02
    },
    {
        "case_id": "2421",
        "case_type": "数字操作",
        "debugScore": 77.62,
        "firstConsScore": 243.12,
        "algorthmScore": 280.06
    },
    {
        "case_id": "2322",
        "case_type": "数字操作",
        "debugScore": 482.79,
        "firstConsScore": 134.89,
        "algorthmScore": 136.42
    },
    {
        "case_id": "2420",
        "case_type": "数字操作",
        "debugScore": 947.0,
        "firstConsScore": 175.15,
        "algorthmScore": 255.55
    },
    {
        "case_id": "2442",
        "case_type": "数字操作",
        "debugScore": 80.59,
        "firstConsScore": 275.59,
        "algorthmScore": 307.01
    },
    {
        "case_id": "2321",
        "case_type": "数字操作",
        "debugScore": 169.9,
        "firstConsScore": 247.96,
        "algorthmScore": 172.1
    },
    {
        "case_id": "2409",
        "case_type": "数字操作",
        "debugScore": 685.65,
        "firstConsScore": 126.08,
        "algorthmScore": 246.76
    },
    {
        "case_id": "2408",
        "case_type": "数字操作",
        "debugScore": 76.42,
        "firstConsScore": 232.11,
        "algorthmScore": 254.41
    },
    {
        "case_id": "2407",
        "case_type": "数字操作",
        "debugScore": 76.67,
        "firstConsScore": 247.98,
        "algorthmScore": 252.28
    },
    {
        "case_id": "2329",
        "case_type": "数字操作",
        "debugScore": 696.33,
        "firstConsScore": 164.6,
        "algorthmScore": 135.84
    },
    {
        "case_id": "2364",
        "case_type": "数字操作",
        "debugScore": 96.03,
        "firstConsScore": 198.47,
        "algorthmScore": 181.26
    },
    {
        "case_id": "2363",
        "case_type": "数字操作",
        "debugScore": 86.27,
        "firstConsScore": 222.87,
        "algorthmScore": 216.11
    },
    {
        "case_id": "2362",
        "case_type": "数字操作",
        "debugScore": 82.97,
        "firstConsScore": 240.51,
        "algorthmScore": 295.24
    },
    {
        "case_id": "2162",
        "case_type": "数字操作",
        "debugScore": 486.68,
        "firstConsScore": 129.28,
        "algorthmScore": 0.0
    },
    {
        "case_id": "2360",
        "case_type": "数字操作",
        "debugScore": 1193.34,
        "firstConsScore": 183.19,
        "algorthmScore": 158.75
    },
    {
        "case_id": "2381",
        "case_type": "数字操作",
        "debugScore": 621.57,
        "firstConsScore": 132.38,
        "algorthmScore": 189.91
    },
    {
        "case_id": "2239",
        "case_type": "数字操作",
        "debugScore": 901.49,
        "firstConsScore": 124.37,
        "algorthmScore": 36.81
    },
    {
        "case_id": "2216",
        "case_type": "数字操作",
        "debugScore": 1412.73,
        "firstConsScore": 137.76,
        "algorthmScore": 196.55
    },
    {
        "case_id": "2379",
        "case_type": "数字操作",
        "debugScore": 79.85,
        "firstConsScore": 214.97,
        "algorthmScore": 278.39
    },
    {
        "case_id": "2411",
        "case_type": "数字操作",
        "debugScore": 74.09,
        "firstConsScore": 265.52,
        "algorthmScore": 242.59
    },
    {
        "case_id": "2377",
        "case_type": "数字操作",
        "debugScore": 66.45,
        "firstConsScore": 263.26,
        "algorthmScore": 143.04
    },
    {
        "case_id": "2332",
        "case_type": "数字操作",
        "debugScore": 103.86,
        "firstConsScore": 253.73,
        "algorthmScore": 256.81
    },
    {
        "case_id": "2419",
        "case_type": "数字操作",
        "debugScore": 75.29,
        "firstConsScore": 236.68,
        "algorthmScore": 226.68
    },
    {
        "case_id": "2518",
        "case_type": "数字操作",
        "debugScore": 746.45,
        "firstConsScore": 144.32,
        "algorthmScore": 96.44
    }
]