[
    {
        "case_id": "2954",
        "case_type": "字符串",
        "debugScore": 119.33,
        "firstConsScore": 128.24,
        "algorthmScore": 203.89
    },
    {
        "case_id": "2975",
        "case_type": "字符串",
        "debugScore": 1020.52,
        "firstConsScore": 90.63,
        "algorthmScore": 230.81
    },
    {
        "case_id": "2942",
        "case_type": "字符串",
        "debugScore": 371.01,
        "firstConsScore": 62.31,
        "algorthmScore": 274.18
    },
    {
        "case_id": "2974",
        "case_type": "字符串",
        "debugScore": 1256.9,
        "firstConsScore": 172.8,
        "algorthmScore": 231.25
    },
    {
        "case_id": "2963",
        "case_type": "字符串",
        "debugScore": 184.5,
        "firstConsScore": 98.06,
        "algorthmScore": 192.92
    },
    {
        "case_id": "2984",
        "case_type": "字符串",
        "debugScore": 92.47,
        "firstConsScore": 222.2,
        "algorthmScore": 283.65
    },
    {
        "case_id": "2961",
        "case_type": "字符串",
        "debugScore": 483.38,
        "firstConsScore": 91.54,
        "algorthmScore": 243.9
    },
    {
        "case_id": "2972",
        "case_type": "字符串",
        "debugScore": 155.82,
        "firstConsScore": 164.51,
        "algorthmScore": 207.59
    },
    {
        "case_id": "2981",
        "case_type": "字符串",
        "debugScore": 913.32,
        "firstConsScore": 135.28,
        "algorthmScore": 155.95
    },
    {
        "case_id": "2970",
        "case_type": "字符串",
        "debugScore": 334.43,
        "firstConsScore": 100.58,
        "algorthmScore": 172.12
    },
    {
        "case_id": "2969",
        "case_type": "字符串",
        "debugScore": 564.55,
        "firstConsScore": 173.89,
        "algorthmScore": 294.95
    },
    {
        "case_id": "2979",
        "case_type": "字符串",
        "debugScore": 93.76,
        "firstConsScore": 171.11,
        "algorthmScore": 249.54
    },
    {
        "case_id": "2946",
        "case_type": "字符串",
        "debugScore": 468.1,
        "firstConsScore": 92.96,
        "algorthmScore": 215.46
    },
    {
        "case_id": "2957",
        "case_type": "字符串",
        "debugScore": 395.88,
        "firstConsScore": 235.46,
        "algorthmScore": 274.73
    },
    {
        "case_id": "2968",
        "case_type": "字符串",
        "debugScore": 107.61,
        "firstConsScore": 275.05,
        "algorthmScore": 270.39
    },
    {
        "case_id": "2978",
        "case_type": "字符串",
        "debugScore": 67.14,
        "firstConsScore": 217.56,
        "algorthmScore": 201.13
    },
    {
        "case_id": "2945",
        "case_type": "字符串",
        "debugScore": 459.93,
        "firstConsScore": 68.46,
        "algorthmScore": 202.56
    },
    {
        "case_id": "2956",
        "case_type": "字符串",
        "debugScore": 729.67,
        "firstConsScore": 175.14,
        "algorthmScore": 255.68
    }
]