[
    {
        "case_id": "2525",
        "case_type": "排序算法",
        "debugScore": 85.29,
        "firstConsScore": 349.59,
        "algorthmScore": 245.61
    },
    {
        "case_id": "2523",
        "case_type": "排序算法",
        "debugScore": 771.5,
        "firstConsScore": 174.28,
        "algorthmScore": 132.67
    },
    {
        "case_id": "2521",
        "case_type": "排序算法",
        "debugScore": 93.94,
        "firstConsScore": 326.32,
        "algorthmScore": 246.23
    },
    {
        "case_id": "2532",
        "case_type": "排序算法",
        "debugScore": 84.22,
        "firstConsScore": 236.97,
        "algorthmScore": 153.33
    },
    {
        "case_id": "2531",
        "case_type": "排序算法",
        "debugScore": 336.34,
        "firstConsScore": 251.02,
        "algorthmScore": 258.4
    },
    {
        "case_id": "2530",
        "case_type": "排序算法",
        "debugScore": 72.8,
        "firstConsScore": 261.87,
        "algorthmScore": 231.21
    },
    {
        "case_id": "2497",
        "case_type": "排序算法",
        "debugScore": 82.11,
        "firstConsScore": 316.05,
        "algorthmScore": 189.81
    },
    {
        "case_id": "2519",
        "case_type": "排序算法",
        "debugScore": 78.91,
        "firstConsScore": 305.58,
        "algorthmScore": 275.93
    },
    {
        "case_id": "2529",
        "case_type": "排序算法",
        "debugScore": 80.16,
        "firstConsScore": 180.84,
        "algorthmScore": 193.77
    },
    {
        "case_id": "2528",
        "case_type": "排序算法",
        "debugScore": 75.97,
        "firstConsScore": 245.45,
        "algorthmScore": 152.94
    },
    {
        "case_id": "2527",
        "case_type": "排序算法",
        "debugScore": 257.21,
        "firstConsScore": 306.42,
        "algorthmScore": 180.13
    }
]