[
    {
        "case_id": "2525",
        "case_type": "排序算法",
        "debugScore": 85.29,
        "firstConsScore": 325.13,
        "algorthmScore": 194.91
    },
    {
        "case_id": "2523",
        "case_type": "排序算法",
        "debugScore": 90.36,
        "firstConsScore": 245.35,
        "algorthmScore": 155.3
    },
    {
        "case_id": "2521",
        "case_type": "排序算法",
        "debugScore": 93.94,
        "firstConsScore": 304.15,
        "algorthmScore": 211.04
    },
    {
        "case_id": "2532",
        "case_type": "排序算法",
        "debugScore": 58.9,
        "firstConsScore": 385.2,
        "algorthmScore": 252.96
    },
    {
        "case_id": "2531",
        "case_type": "排序算法",
        "debugScore": 79.16,
        "firstConsScore": 257.53,
        "algorthmScore": 183.0
    },
    {
        "case_id": "2530",
        "case_type": "排序算法",
        "debugScore": 72.8,
        "firstConsScore": 248.73,
        "algorthmScore": 220.57
    },
    {
        "case_id": "2497",
        "case_type": "排序算法",
        "debugScore": 82.11,
        "firstConsScore": 345.75,
        "algorthmScore": 242.72
    },
    {
        "case_id": "2519",
        "case_type": "排序算法",
        "debugScore": 78.91,
        "firstConsScore": 280.65,
        "algorthmScore": 217.93
    },
    {
        "case_id": "2529",
        "case_type": "排序算法",
        "debugScore": 80.16,
        "firstConsScore": 285.72,
        "algorthmScore": 250.24
    },
    {
        "case_id": "2528",
        "case_type": "排序算法",
        "debugScore": 98.89,
        "firstConsScore": 312.36,
        "algorthmScore": 246.84
    },
    {
        "case_id": "2527",
        "case_type": "排序算法",
        "debugScore": 92.8,
        "firstConsScore": 378.84,
        "algorthmScore": 256.46
    }
]