[
    {
        "case_id": "2473",
        "case_type": "线性表",
        "debugScore": 86.76,
        "firstConsScore": 248.41,
        "algorthmScore": 263.43
    },
    {
        "case_id": "2471",
        "case_type": "线性表",
        "debugScore": 75.55,
        "firstConsScore": 230.48,
        "algorthmScore": 230.9
    },
    {
        "case_id": "2691",
        "case_type": "线性表",
        "debugScore": 100.02,
        "firstConsScore": 268.23,
        "algorthmScore": 315.17
    },
    {
        "case_id": "2690",
        "case_type": "线性表",
        "debugScore": 139.87,
        "firstConsScore": 313.56,
        "algorthmScore": 274.42
    },
    {
        "case_id": "2590",
        "case_type": "线性表",
        "debugScore": 83.15,
        "firstConsScore": 282.41,
        "algorthmScore": 301.13
    },
    {
        "case_id": "2724",
        "case_type": "线性表",
        "debugScore": 96.42,
        "firstConsScore": 181.84,
        "algorthmScore": 280.36
    },
    {
        "case_id": "2646",
        "case_type": "线性表",
        "debugScore": 85.37,
        "firstConsScore": 236.74,
        "algorthmScore": 262.55
    },
    {
        "case_id": "2723",
        "case_type": "线性表",
        "debugScore": 85.66,
        "firstConsScore": 202.86,
        "algorthmScore": 255.24
    },
    {
        "case_id": "2722",
        "case_type": "线性表",
        "debugScore": 78.28,
        "firstConsScore": 189.89,
        "algorthmScore": 259.75
    },
    {
        "case_id": "2721",
        "case_type": "线性表",
        "debugScore": 82.94,
        "firstConsScore": 183.82,
        "algorthmScore": 199.53
    },
    {
        "case_id": "2487",
        "case_type": "线性表",
        "debugScore": 77.87,
        "firstConsScore": 232.82,
        "algorthmScore": 327.17
    },
    {
        "case_id": "2486",
        "case_type": "线性表",
        "debugScore": 91.37,
        "firstConsScore": 274.54,
        "algorthmScore": 286.0
    },
    {
        "case_id": "2761",
        "case_type": "线性表",
        "debugScore": 84.71,
        "firstConsScore": 209.49,
        "algorthmScore": 289.57
    },
    {
        "case_id": "2728",
        "case_type": "线性表",
        "debugScore": 86.84,
        "firstConsScore": 248.07,
        "algorthmScore": 265.94
    },
    {
        "case_id": "2727",
        "case_type": "线性表",
        "debugScore": 95.35,
        "firstConsScore": 286.33,
        "algorthmScore": 311.94
    },
    {
        "case_id": "2649",
        "case_type": "线性表",
        "debugScore": 84.85,
        "firstConsScore": 264.34,
        "algorthmScore": 300.53
    },
    {
        "case_id": "2725",
        "case_type": "线性表",
        "debugScore": 85.38,
        "firstConsScore": 249.69,
        "algorthmScore": 293.37
    },
    {
        "case_id": "2485",
        "case_type": "线性表",
        "debugScore": 77.05,
        "firstConsScore": 246.22,
        "algorthmScore": 291.58
    },
    {
        "case_id": "2760",
        "case_type": "线性表",
        "debugScore": 94.78,
        "firstConsScore": 222.55,
        "algorthmScore": 281.09
    },
    {
        "case_id": "2484",
        "case_type": "线性表",
        "debugScore": 93.92,
        "firstConsScore": 208.86,
        "algorthmScore": 262.01
    },
    {
        "case_id": "2560",
        "case_type": "线性表",
        "debugScore": 94.09,
        "firstConsScore": 242.1,
        "algorthmScore": 276.19
    },
    {
        "case_id": "2483",
        "case_type": "线性表",
        "debugScore": 100.28,
        "firstConsScore": 228.43,
        "algorthmScore": 286.92
    },
    {
        "case_id": "2559",
        "case_type": "线性表",
        "debugScore": 85.53,
        "firstConsScore": 222.84,
        "algorthmScore": 246.97
    },
    {
        "case_id": "2557",
        "case_type": "线性表",
        "debugScore": 81.3,
        "firstConsScore": 261.16,
        "algorthmScore": 334.88
    },
    {
        "case_id": "2755",
        "case_type": "线性表",
        "debugScore": 105.5,
        "firstConsScore": 259.23,
        "algorthmScore": 261.28
    },
    {
        "case_id": "2732",
        "case_type": "线性表",
        "debugScore": 77.69,
        "firstConsScore": 211.09,
        "algorthmScore": 266.84
    },
    {
        "case_id": "2336",
        "case_type": "线性表",
        "debugScore": 90.11,
        "firstConsScore": 361.83,
        "algorthmScore": 316.12
    },
    {
        "case_id": "2731",
        "case_type": "线性表",
        "debugScore": 92.02,
        "firstConsScore": 264.11,
        "algorthmScore": 351.81
    },
    {
        "case_id": "2730",
        "case_type": "线性表",
        "debugScore": 77.3,
        "firstConsScore": 207.77,
        "algorthmScore": 267.37
    },
    {
        "case_id": "2759",
        "case_type": "线性表",
        "debugScore": 82.68,
        "firstConsScore": 194.87,
        "algorthmScore": 261.39
    }
]