[
    {
        "case_id": "2694",
        "case_type": "查找算法",
        "debugScore": 97.4,
        "firstConsScore": 232.9,
        "algorthmScore": 257.18
    },
    {
        "case_id": "2570",
        "case_type": "查找算法",
        "debugScore": 106.26,
        "firstConsScore": 249.4,
        "algorthmScore": 293.22
    },
    {
        "case_id": "2701",
        "case_type": "查找算法",
        "debugScore": 1085.38,
        "firstConsScore": 147.18,
        "algorthmScore": 240.23
    },
    {
        "case_id": "2745",
        "case_type": "查找算法",
        "debugScore": 325.0,
        "firstConsScore": 236.88,
        "algorthmScore": 238.2
    },
    {
        "case_id": "2711",
        "case_type": "查找算法",
        "debugScore": 1324.65,
        "firstConsScore": 197.39,
        "algorthmScore": 170.05
    },
    {
        "case_id": "2567",
        "case_type": "查找算法",
        "debugScore": 525.8,
        "firstConsScore": 123.95,
        "algorthmScore": 274.44
    },
    {
        "case_id": "2720",
        "case_type": "查找算法",
        "debugScore": 649.17,
        "firstConsScore": 201.56,
        "algorthmScore": 277.79
    },
    {
        "case_id": "2729",
        "case_type": "查找算法",
        "debugScore": 76.48,
        "firstConsScore": 290.38,
        "algorthmScore": 235.34
    },
    {
        "case_id": "2707",
        "case_type": "查找算法",
        "debugScore": 82.37,
        "firstConsScore": 197.89,
        "algorthmScore": 217.74
    },
    {
        "case_id": "2718",
        "case_type": "查找算法",
        "debugScore": 114.84,
        "firstConsScore": 246.75,
        "algorthmScore": 289.95
    },
    {
        "case_id": "2706",
        "case_type": "查找算法",
        "debugScore": 616.81,
        "firstConsScore": 175.31,
        "algorthmScore": 326.72
    },
    {
        "case_id": "2717",
        "case_type": "查找算法",
        "debugScore": 841.27,
        "firstConsScore": 158.5,
        "algorthmScore": 285.35
    },
    {
        "case_id": "2606",
        "case_type": "查找算法",
        "debugScore": 388.06,
        "firstConsScore": 192.54,
        "algorthmScore": 317.82
    },
    {
        "case_id": "2716",
        "case_type": "查找算法",
        "debugScore": 687.86,
        "firstConsScore": 146.99,
        "algorthmScore": 280.9
    },
    {
        "case_id": "2639",
        "case_type": "查找算法",
        "debugScore": 80.58,
        "firstConsScore": 217.23,
        "algorthmScore": 259.08
    },
    {
        "case_id": "2705",
        "case_type": "查找算法",
        "debugScore": 86.41,
        "firstConsScore": 207.3,
        "algorthmScore": 245.71
    },
    {
        "case_id": "2737",
        "case_type": "查找算法",
        "debugScore": 77.12,
        "firstConsScore": 256.02,
        "algorthmScore": 203.72
    },
    {
        "case_id": "2715",
        "case_type": "查找算法",
        "debugScore": 446.23,
        "firstConsScore": 163.44,
        "algorthmScore": 246.36
    },
    {
        "case_id": "2726",
        "case_type": "查找算法",
        "debugScore": 1371.17,
        "firstConsScore": 137.41,
        "algorthmScore": 270.05
    },
    {
        "case_id": "2703",
        "case_type": "查找算法",
        "debugScore": 775.65,
        "firstConsScore": 169.3,
        "algorthmScore": 147.09
    }
]