[
    {
        "case_id": "2870",
        "case_type": "数组",
        "debugScore": 102.62,
        "firstConsScore": 286.44,
        "algorthmScore": 249.34
    },
    {
        "case_id": "2374",
        "case_type": "数组",
        "debugScore": 92.51,
        "firstConsScore": 455.07,
        "algorthmScore": 252.58
    },
    {
        "case_id": "2393",
        "case_type": "数组",
        "debugScore": 98.88,
        "firstConsScore": 364.69,
        "algorthmScore": 270.22
    },
    {
        "case_id": "2470",
        "case_type": "数组",
        "debugScore": 83.34,
        "firstConsScore": 420.21,
        "algorthmScore": 299.99
    },
    {
        "case_id": "2867",
        "case_type": "数组",
        "debugScore": 79.5,
        "firstConsScore": 343.06,
        "algorthmScore": 342.85
    },
    {
        "case_id": "2845",
        "case_type": "数组",
        "debugScore": 160.64,
        "firstConsScore": 324.47,
        "algorthmScore": 272.38
    },
    {
        "case_id": "2823",
        "case_type": "数组",
        "debugScore": 520.73,
        "firstConsScore": 286.27,
        "algorthmScore": 259.77
    },
    {
        "case_id": "2844",
        "case_type": "数组",
        "debugScore": 111.52,
        "firstConsScore": 318.92,
        "algorthmScore": 247.0
    },
    {
        "case_id": "2866",
        "case_type": "数组",
        "debugScore": 82.82,
        "firstConsScore": 381.21,
        "algorthmScore": 265.77
    },
    {
        "case_id": "2865",
        "case_type": "数组",
        "debugScore": 75.41,
        "firstConsScore": 266.0,
        "algorthmScore": 222.0
    },
    {
        "case_id": "2843",
        "case_type": "数组",
        "debugScore": 77.99,
        "firstConsScore": 338.89,
        "algorthmScore": 256.94
    },
    {
        "case_id": "2469",
        "case_type": "数组",
        "debugScore": 103.45,
        "firstConsScore": 381.91,
        "algorthmScore": 338.24
    },
    {
        "case_id": "2864",
        "case_type": "数组",
        "debugScore": 77.38,
        "firstConsScore": 425.26,
        "algorthmScore": 299.32
    },
    {
        "case_id": "2842",
        "case_type": "数组",
        "debugScore": 108.29,
        "firstConsScore": 457.61,
        "algorthmScore": 291.43
    },
    {
        "case_id": "2863",
        "case_type": "数组",
        "debugScore": 84.28,
        "firstConsScore": 277.12,
        "algorthmScore": 254.62
    },
    {
        "case_id": "2840",
        "case_type": "数组",
        "debugScore": 80.88,
        "firstConsScore": 286.59,
        "algorthmScore": 248.17
    },
    {
        "case_id": "2861",
        "case_type": "数组",
        "debugScore": 79.57,
        "firstConsScore": 341.44,
        "algorthmScore": 267.06
    },
    {
        "case_id": "2849",
        "case_type": "数组",
        "debugScore": 90.72,
        "firstConsScore": 220.0,
        "algorthmScore": 189.75
    },
    {
        "case_id": "2848",
        "case_type": "数组",
        "debugScore": 85.23,
        "firstConsScore": 300.97,
        "algorthmScore": 266.41
    },
    {
        "case_id": "2868",
        "case_type": "数组",
        "debugScore": 88.1,
        "firstConsScore": 371.39,
        "algorthmScore": 238.55
    },
    {
        "case_id": "2824",
        "case_type": "数组",
        "debugScore": 681.64,
        "firstConsScore": 309.84,
        "algorthmScore": 265.47
    },
    {
        "case_id": "2384",
        "case_type": "数组",
        "debugScore": 97.01,
        "firstConsScore": 398.51,
        "algorthmScore": 313.7
    },
    {
        "case_id": "2834",
        "case_type": "数组",
        "debugScore": 82.17,
        "firstConsScore": 366.71,
        "algorthmScore": 263.44
    },
    {
        "case_id": "2877",
        "case_type": "数组",
        "debugScore": 81.19,
        "firstConsScore": 313.25,
        "algorthmScore": 279.78
    },
    {
        "case_id": "2855",
        "case_type": "数组",
        "debugScore": 79.92,
        "firstConsScore": 343.19,
        "algorthmScore": 278.15
    },
    {
        "case_id": "2854",
        "case_type": "数组",
        "debugScore": 88.3,
        "firstConsScore": 202.34,
        "algorthmScore": 182.18
    },
    {
        "case_id": "2832",
        "case_type": "数组",
        "debugScore": 84.17,
        "firstConsScore": 319.19,
        "algorthmScore": 277.83
    },
    {
        "case_id": "2875",
        "case_type": "数组",
        "debugScore": 74.56,
        "firstConsScore": 264.71,
        "algorthmScore": 206.69
    },
    {
        "case_id": "2831",
        "case_type": "数组",
        "debugScore": 89.78,
        "firstConsScore": 372.73,
        "algorthmScore": 366.78
    },
    {
        "case_id": "2853",
        "case_type": "数组",
        "debugScore": 106.45,
        "firstConsScore": 339.16,
        "algorthmScore": 264.96
    },
    {
        "case_id": "2830",
        "case_type": "数组",
        "debugScore": 84.13,
        "firstConsScore": 382.91,
        "algorthmScore": 297.99
    },
    {
        "case_id": "2852",
        "case_type": "数组",
        "debugScore": 92.08,
        "firstConsScore": 391.45,
        "algorthmScore": 250.21
    },
    {
        "case_id": "2873",
        "case_type": "数组",
        "debugScore": 81.47,
        "firstConsScore": 333.93,
        "algorthmScore": 268.55
    },
    {
        "case_id": "2851",
        "case_type": "数组",
        "debugScore": 96.63,
        "firstConsScore": 321.76,
        "algorthmScore": 263.01
    },
    {
        "case_id": "2872",
        "case_type": "数组",
        "debugScore": 86.13,
        "firstConsScore": 304.38,
        "algorthmScore": 218.14
    },
    {
        "case_id": "2850",
        "case_type": "数组",
        "debugScore": 84.73,
        "firstConsScore": 332.45,
        "algorthmScore": 230.79
    },
    {
        "case_id": "2819",
        "case_type": "数组",
        "debugScore": 109.67,
        "firstConsScore": 350.06,
        "algorthmScore": 279.95
    },
    {
        "case_id": "2838",
        "case_type": "数组",
        "debugScore": 77.66,
        "firstConsScore": 361.63,
        "algorthmScore": 263.66
    },
    {
        "case_id": "2859",
        "case_type": "数组",
        "debugScore": 80.73,
        "firstConsScore": 277.8,
        "algorthmScore": 291.26
    },
    {
        "case_id": "2837",
        "case_type": "数组",
        "debugScore": 79.15,
        "firstConsScore": 273.48,
        "algorthmScore": 194.77
    },
    {
        "case_id": "2815",
        "case_type": "数组",
        "debugScore": 82.82,
        "firstConsScore": 358.59,
        "algorthmScore": 282.01
    },
    {
        "case_id": "2836",
        "case_type": "数组",
        "debugScore": 97.01,
        "firstConsScore": 284.62,
        "algorthmScore": 240.81
    },
    {
        "case_id": "2858",
        "case_type": "数组",
        "debugScore": 118.89,
        "firstConsScore": 311.95,
        "algorthmScore": 234.06
    },
    {
        "case_id": "2857",
        "case_type": "数组",
        "debugScore": 142.76,
        "firstConsScore": 491.1,
        "algorthmScore": 188.07
    },
    {
        "case_id": "2835",
        "case_type": "数组",
        "debugScore": 90.2,
        "firstConsScore": 199.75,
        "algorthmScore": 217.09
    }
]