[
    {
        "case_id": "2473",
        "case_type": "线性表",
        "debugScore": 625.96,
        "firstConsScore": 72.74,
        "algorthmScore": 256.84
    },
    {
        "case_id": "2471",
        "case_type": "线性表",
        "debugScore": 856.96,
        "firstConsScore": 135.1,
        "algorthmScore": 292.58
    },
    {
        "case_id": "2691",
        "case_type": "线性表",
        "debugScore": 751.47,
        "firstConsScore": 91.6,
        "algorthmScore": 286.31
    },
    {
        "case_id": "2690",
        "case_type": "线性表",
        "debugScore": 458.1,
        "firstConsScore": 97.84,
        "algorthmScore": 309.59
    },
    {
        "case_id": "2590",
        "case_type": "线性表",
        "debugScore": 543.25,
        "firstConsScore": 190.05,
        "algorthmScore": 373.56
    },
    {
        "case_id": "2724",
        "case_type": "线性表",
        "debugScore": 3126.5,
        "firstConsScore": 99.36,
        "algorthmScore": 217.45
    },
    {
        "case_id": "2646",
        "case_type": "线性表",
        "debugScore": 734.9,
        "firstConsScore": 154.02,
        "algorthmScore": 262.8
    },
    {
        "case_id": "2723",
        "case_type": "线性表",
        "debugScore": 1147.76,
        "firstConsScore": 130.48,
        "algorthmScore": 286.42
    },
    {
        "case_id": "2722",
        "case_type": "线性表",
        "debugScore": 1704.92,
        "firstConsScore": 82.83,
        "algorthmScore": 205.49
    },
    {
        "case_id": "2721",
        "case_type": "线性表",
        "debugScore": 1750.26,
        "firstConsScore": 105.97,
        "algorthmScore": 206.51
    },
    {
        "case_id": "2487",
        "case_type": "线性表",
        "debugScore": 971.33,
        "firstConsScore": 196.84,
        "algorthmScore": 385.41
    },
    {
        "case_id": "2486",
        "case_type": "线性表",
        "debugScore": 671.25,
        "firstConsScore": 180.96,
        "algorthmScore": 285.11
    },
    {
        "case_id": "2761",
        "case_type": "线性表",
        "debugScore": 1068.48,
        "firstConsScore": 43.3,
        "algorthmScore": 179.53
    },
    {
        "case_id": "2728",
        "case_type": "线性表",
        "debugScore": 750.52,
        "firstConsScore": 75.74,
        "algorthmScore": 257.12
    },
    {
        "case_id": "2727",
        "case_type": "线性表",
        "debugScore": 632.86,
        "firstConsScore": 99.44,
        "algorthmScore": 254.46
    },
    {
        "case_id": "2649",
        "case_type": "线性表",
        "debugScore": 731.28,
        "firstConsScore": 231.66,
        "algorthmScore": 368.49
    },
    {
        "case_id": "2725",
        "case_type": "线性表",
        "debugScore": 878.37,
        "firstConsScore": 62.89,
        "algorthmScore": 257.6
    },
    {
        "case_id": "2485",
        "case_type": "线性表",
        "debugScore": 77.05,
        "firstConsScore": 291.45,
        "algorthmScore": 276.24
    },
    {
        "case_id": "2760",
        "case_type": "线性表",
        "debugScore": 762.42,
        "firstConsScore": 50.96,
        "algorthmScore": 206.66
    },
    {
        "case_id": "2484",
        "case_type": "线性表",
        "debugScore": 93.92,
        "firstConsScore": 284.48,
        "algorthmScore": 310.13
    },
    {
        "case_id": "2560",
        "case_type": "线性表",
        "debugScore": 838.89,
        "firstConsScore": 182.36,
        "algorthmScore": 267.87
    },
    {
        "case_id": "2483",
        "case_type": "线性表",
        "debugScore": 100.28,
        "firstConsScore": 280.3,
        "algorthmScore": 286.79
    },
    {
        "case_id": "2559",
        "case_type": "线性表",
        "debugScore": 1220.09,
        "firstConsScore": 235.44,
        "algorthmScore": 293.4
    },
    {
        "case_id": "2557",
        "case_type": "线性表",
        "debugScore": 791.27,
        "firstConsScore": 199.39,
        "algorthmScore": 292.87
    },
    {
        "case_id": "2755",
        "case_type": "线性表",
        "debugScore": 521.82,
        "firstConsScore": 85.68,
        "algorthmScore": 268.62
    },
    {
        "case_id": "2732",
        "case_type": "线性表",
        "debugScore": 1108.46,
        "firstConsScore": 98.33,
        "algorthmScore": 238.9
    },
    {
        "case_id": "2336",
        "case_type": "线性表",
        "debugScore": 435.37,
        "firstConsScore": 63.88,
        "algorthmScore": 245.0
    },
    {
        "case_id": "2731",
        "case_type": "线性表",
        "debugScore": 750.95,
        "firstConsScore": 134.73,
        "algorthmScore": 302.13
    },
    {
        "case_id": "2730",
        "case_type": "线性表",
        "debugScore": 1209.53,
        "firstConsScore": 96.97,
        "algorthmScore": 229.94
    },
    {
        "case_id": "2759",
        "case_type": "线性表",
        "debugScore": 1651.66,
        "firstConsScore": 75.46,
        "algorthmScore": 231.13
    }
]