[
    {
        "case_id": "2954",
        "case_type": "字符串",
        "debugScore": 569.47,
        "firstConsScore": 306.83,
        "algorthmScore": 306.7
    },
    {
        "case_id": "2975",
        "case_type": "字符串",
        "debugScore": 82.68,
        "firstConsScore": 289.7,
        "algorthmScore": 246.58
    },
    {
        "case_id": "2942",
        "case_type": "字符串",
        "debugScore": 307.83,
        "firstConsScore": 115.62,
        "algorthmScore": 274.71
    },
    {
        "case_id": "2963",
        "case_type": "字符串",
        "debugScore": 495.75,
        "firstConsScore": 104.32,
        "algorthmScore": 307.69
    },
    {
        "case_id": "2974",
        "case_type": "字符串",
        "debugScore": 1229.98,
        "firstConsScore": 186.01,
        "algorthmScore": 363.41
    },
    {
        "case_id": "2984",
        "case_type": "字符串",
        "debugScore": 681.42,
        "firstConsScore": 224.65,
        "algorthmScore": 287.96
    },
    {
        "case_id": "2961",
        "case_type": "字符串",
        "debugScore": 421.26,
        "firstConsScore": 190.64,
        "algorthmScore": 291.86
    },
    {
        "case_id": "2972",
        "case_type": "字符串",
        "debugScore": 378.8,
        "firstConsScore": 276.66,
        "algorthmScore": 262.24
    },
    {
        "case_id": "2970",
        "case_type": "字符串",
        "debugScore": 881.47,
        "firstConsScore": 477.57,
        "algorthmScore": 304.65
    },
    {
        "case_id": "2981",
        "case_type": "字符串",
        "debugScore": 368.28,
        "firstConsScore": 404.77,
        "algorthmScore": 219.37
    },
    {
        "case_id": "2969",
        "case_type": "字符串",
        "debugScore": 503.02,
        "firstConsScore": 149.13,
        "algorthmScore": 316.11
    },
    {
        "case_id": "2979",
        "case_type": "字符串",
        "debugScore": 93.76,
        "firstConsScore": 265.46,
        "algorthmScore": 263.27
    },
    {
        "case_id": "2946",
        "case_type": "字符串",
        "debugScore": 428.0,
        "firstConsScore": 132.52,
        "algorthmScore": 267.72
    },
    {
        "case_id": "2968",
        "case_type": "字符串",
        "debugScore": 809.31,
        "firstConsScore": 301.35,
        "algorthmScore": 340.21
    },
    {
        "case_id": "2957",
        "case_type": "字符串",
        "debugScore": 867.17,
        "firstConsScore": 189.16,
        "algorthmScore": 336.38
    },
    {
        "case_id": "2978",
        "case_type": "字符串",
        "debugScore": 679.6,
        "firstConsScore": 172.76,
        "algorthmScore": 252.17
    },
    {
        "case_id": "2945",
        "case_type": "字符串",
        "debugScore": 385.28,
        "firstConsScore": 139.26,
        "algorthmScore": 302.73
    },
    {
        "case_id": "2956",
        "case_type": "字符串",
        "debugScore": 701.2,
        "firstConsScore": 137.72,
        "algorthmScore": 320.29
    }
]