[
    {
        "case_id": "2954",
        "case_type": "字符串",
        "debugScore": 480.39,
        "firstConsScore": 337.36,
        "algorthmScore": 281.09
    },
    {
        "case_id": "2975",
        "case_type": "字符串",
        "debugScore": 82.68,
        "firstConsScore": 308.09,
        "algorthmScore": 268.13
    },
    {
        "case_id": "2942",
        "case_type": "字符串",
        "debugScore": 80.71,
        "firstConsScore": 480.34,
        "algorthmScore": 196.93
    },
    {
        "case_id": "2963",
        "case_type": "字符串",
        "debugScore": 548.61,
        "firstConsScore": 131.49,
        "algorthmScore": 306.51
    },
    {
        "case_id": "2974",
        "case_type": "字符串",
        "debugScore": 97.32,
        "firstConsScore": 219.1,
        "algorthmScore": 352.82
    },
    {
        "case_id": "2984",
        "case_type": "字符串",
        "debugScore": 192.24,
        "firstConsScore": 292.07,
        "algorthmScore": 275.24
    },
    {
        "case_id": "2961",
        "case_type": "字符串",
        "debugScore": 96.64,
        "firstConsScore": 425.06,
        "algorthmScore": 286.42
    },
    {
        "case_id": "2972",
        "case_type": "字符串",
        "debugScore": 109.77,
        "firstConsScore": 429.39,
        "algorthmScore": 322.25
    },
    {
        "case_id": "2981",
        "case_type": "字符串",
        "debugScore": 90.21,
        "firstConsScore": 305.15,
        "algorthmScore": 332.16
    },
    {
        "case_id": "2970",
        "case_type": "字符串",
        "debugScore": 111.67,
        "firstConsScore": 325.06,
        "algorthmScore": 340.99
    },
    {
        "case_id": "2969",
        "case_type": "字符串",
        "debugScore": 125.36,
        "firstConsScore": 311.02,
        "algorthmScore": 305.75
    },
    {
        "case_id": "2979",
        "case_type": "字符串",
        "debugScore": 93.76,
        "firstConsScore": 295.3,
        "algorthmScore": 267.33
    },
    {
        "case_id": "2946",
        "case_type": "字符串",
        "debugScore": 81.27,
        "firstConsScore": 342.39,
        "algorthmScore": 243.61
    },
    {
        "case_id": "2968",
        "case_type": "字符串",
        "debugScore": 821.28,
        "firstConsScore": 301.08,
        "algorthmScore": 288.49
    },
    {
        "case_id": "2957",
        "case_type": "字符串",
        "debugScore": 579.91,
        "firstConsScore": 202.63,
        "algorthmScore": 360.74
    },
    {
        "case_id": "2978",
        "case_type": "字符串",
        "debugScore": 410.75,
        "firstConsScore": 236.46,
        "algorthmScore": 269.07
    },
    {
        "case_id": "2945",
        "case_type": "字符串",
        "debugScore": 82.75,
        "firstConsScore": 342.99,
        "algorthmScore": 196.09
    },
    {
        "case_id": "2956",
        "case_type": "字符串",
        "debugScore": 106.37,
        "firstConsScore": 300.84,
        "algorthmScore": 320.29
    }
]