[
    {
        "case_id": "2975",
        "case_type": "字符串",
        "debugScore": 82.68,
        "firstConsScore": 240.67,
        "algorthmScore": 232.66
    },
    {
        "case_id": "2942",
        "case_type": "字符串",
        "debugScore": 300.58,
        "firstConsScore": 107.43,
        "algorthmScore": 259.86
    },
    {
        "case_id": "2984",
        "case_type": "字符串",
        "debugScore": 92.47,
        "firstConsScore": 255.48,
        "algorthmScore": 253.48
    },
    {
        "case_id": "2979",
        "case_type": "字符串",
        "debugScore": 93.76,
        "firstConsScore": 275.16,
        "algorthmScore": 225.55
    },
    {
        "case_id": "2946",
        "case_type": "字符串",
        "debugScore": 81.27,
        "firstConsScore": 347.39,
        "algorthmScore": 299.41
    },
    {
        "case_id": "2978",
        "case_type": "字符串",
        "debugScore": 67.14,
        "firstConsScore": 290.26,
        "algorthmScore": 220.38
    },
    {
        "case_id": "2945",
        "case_type": "字符串",
        "debugScore": 82.75,
        "firstConsScore": 359.31,
        "algorthmScore": 296.45
    }
]