[
    {
        "case_id": "2729",
        "case_type": "查找算法",
        "debugScore": 520.91,
        "firstConsScore": 158.39,
        "algorthmScore": 190.94
    },
    {
        "case_id": "2707",
        "case_type": "查找算法",
        "debugScore": 541.86,
        "firstConsScore": 160.44,
        "algorthmScore": 292.77
    },
    {
        "case_id": "2606",
        "case_type": "查找算法",
        "debugScore": 764.81,
        "firstConsScore": 50.57,
        "algorthmScore": 168.93
    },
    {
        "case_id": "2716",
        "case_type": "查找算法",
        "debugScore": 678.52,
        "firstConsScore": 64.46,
        "algorthmScore": 265.42
    },
    {
        "case_id": "2639",
        "case_type": "查找算法",
        "debugScore": 80.58,
        "firstConsScore": 149.26,
        "algorthmScore": 171.82
    },
    {
        "case_id": "2737",
        "case_type": "查找算法",
        "debugScore": 64.45,
        "firstConsScore": 224.54,
        "algorthmScore": 251.34
    },
    {
        "case_id": "2715",
        "case_type": "查找算法",
        "debugScore": 446.94,
        "firstConsScore": 128.59,
        "algorthmScore": 253.57
    },
    {
        "case_id": "2703",
        "case_type": "查找算法",
        "debugScore": 92.62,
        "firstConsScore": 185.05,
        "algorthmScore": 176.85
    }
]