[
    {
        "case_id": "2694",
        "case_type": "查找算法",
        "debugScore": 106.82,
        "firstConsScore": 343.26,
        "algorthmScore": 192.91
    },
    {
        "case_id": "2570",
        "case_type": "查找算法",
        "debugScore": 435.5,
        "firstConsScore": 390.91,
        "algorthmScore": 285.74
    },
    {
        "case_id": "2745",
        "case_type": "查找算法",
        "debugScore": 103.02,
        "firstConsScore": 529.67,
        "algorthmScore": 351.07
    },
    {
        "case_id": "2701",
        "case_type": "查找算法",
        "debugScore": 54.34,
        "firstConsScore": 350.95,
        "algorthmScore": 292.79
    },
    {
        "case_id": "2711",
        "case_type": "查找算法",
        "debugScore": 109.95,
        "firstConsScore": 373.86,
        "algorthmScore": 236.35
    },
    {
        "case_id": "2567",
        "case_type": "查找算法",
        "debugScore": 525.8,
        "firstConsScore": 237.51,
        "algorthmScore": 284.55
    },
    {
        "case_id": "2720",
        "case_type": "查找算法",
        "debugScore": 95.1,
        "firstConsScore": 466.4,
        "algorthmScore": 281.35
    },
    {
        "case_id": "2729",
        "case_type": "查找算法",
        "debugScore": 76.48,
        "firstConsScore": 280.44,
        "algorthmScore": 264.85
    },
    {
        "case_id": "2707",
        "case_type": "查找算法",
        "debugScore": 82.37,
        "firstConsScore": 287.74,
        "algorthmScore": 230.99
    },
    {
        "case_id": "2718",
        "case_type": "查找算法",
        "debugScore": 114.84,
        "firstConsScore": 397.27,
        "algorthmScore": 247.58
    },
    {
        "case_id": "2717",
        "case_type": "查找算法",
        "debugScore": 89.71,
        "firstConsScore": 400.25,
        "algorthmScore": 227.86
    },
    {
        "case_id": "2706",
        "case_type": "查找算法",
        "debugScore": 98.66,
        "firstConsScore": 364.01,
        "algorthmScore": 159.35
    },
    {
        "case_id": "2606",
        "case_type": "查找算法",
        "debugScore": 70.86,
        "firstConsScore": 300.4,
        "algorthmScore": 291.51
    },
    {
        "case_id": "2705",
        "case_type": "查找算法",
        "debugScore": 86.41,
        "firstConsScore": 424.41,
        "algorthmScore": 246.45
    },
    {
        "case_id": "2639",
        "case_type": "查找算法",
        "debugScore": 80.58,
        "firstConsScore": 298.47,
        "algorthmScore": 135.48
    },
    {
        "case_id": "2716",
        "case_type": "查找算法",
        "debugScore": 280.73,
        "firstConsScore": 120.95,
        "algorthmScore": 272.52
    },
    {
        "case_id": "2737",
        "case_type": "查找算法",
        "debugScore": 1780.38,
        "firstConsScore": 198.42,
        "algorthmScore": 286.9
    },
    {
        "case_id": "2715",
        "case_type": "查找算法",
        "debugScore": 303.67,
        "firstConsScore": 326.14,
        "algorthmScore": 247.37
    },
    {
        "case_id": "2726",
        "case_type": "查找算法",
        "debugScore": 101.13,
        "firstConsScore": 393.78,
        "algorthmScore": 307.65
    },
    {
        "case_id": "2703",
        "case_type": "查找算法",
        "debugScore": 92.62,
        "firstConsScore": 328.56,
        "algorthmScore": 264.53
    }
]