[
    {
        "case_id": "2650",
        "case_type": "树结构",
        "debugScore": 103.37,
        "firstConsScore": 511.8,
        "algorthmScore": 312.14
    },
    {
        "case_id": "2397",
        "case_type": "树结构",
        "debugScore": 135.7,
        "firstConsScore": 867.91,
        "algorthmScore": 286.8
    },
    {
        "case_id": "2353",
        "case_type": "树结构",
        "debugScore": 256.68,
        "firstConsScore": 674.13,
        "algorthmScore": 314.02
    },
    {
        "case_id": "2524",
        "case_type": "树结构",
        "debugScore": 93.55,
        "firstConsScore": 508.67,
        "algorthmScore": 226.74
    },
    {
        "case_id": "2600",
        "case_type": "树结构",
        "debugScore": 114.11,
        "firstConsScore": 501.65,
        "algorthmScore": 319.55
    },
    {
        "case_id": "2400",
        "case_type": "树结构",
        "debugScore": 133.94,
        "firstConsScore": 677.09,
        "algorthmScore": 347.89
    },
    {
        "case_id": "2509",
        "case_type": "树结构",
        "debugScore": 89.65,
        "firstConsScore": 464.07,
        "algorthmScore": 282.31
    },
    {
        "case_id": "2605",
        "case_type": "树结构",
        "debugScore": 86.96,
        "firstConsScore": 541.61,
        "algorthmScore": 236.86
    },
    {
        "case_id": "2549",
        "case_type": "树结构",
        "debugScore": 95.72,
        "firstConsScore": 484.43,
        "algorthmScore": 302.18
    },
    {
        "case_id": "2648",
        "case_type": "树结构",
        "debugScore": 101.08,
        "firstConsScore": 534.88,
        "algorthmScore": 323.57
    },
    {
        "case_id": "2540",
        "case_type": "树结构",
        "debugScore": 139.08,
        "firstConsScore": 774.66,
        "algorthmScore": 354.97
    },
    {
        "case_id": "2660",
        "case_type": "树结构",
        "debugScore": 107.68,
        "firstConsScore": 566.7,
        "algorthmScore": 308.53
    },
    {
        "case_id": "2382",
        "case_type": "树结构",
        "debugScore": 94.56,
        "firstConsScore": 427.98,
        "algorthmScore": 247.87
    },
    {
        "case_id": "2416",
        "case_type": "树结构",
        "debugScore": 136.26,
        "firstConsScore": 433.04,
        "algorthmScore": 269.85
    },
    {
        "case_id": "2636",
        "case_type": "树结构",
        "debugScore": 109.29,
        "firstConsScore": 797.77,
        "algorthmScore": 317.11
    },
    {
        "case_id": "2657",
        "case_type": "树结构",
        "debugScore": 100.79,
        "firstConsScore": 568.59,
        "algorthmScore": 247.83
    },
    {
        "case_id": "2633",
        "case_type": "树结构",
        "debugScore": 154.13,
        "firstConsScore": 499.06,
        "algorthmScore": 295.15
    },
    {
        "case_id": "2699",
        "case_type": "树结构",
        "debugScore": 119.51,
        "firstConsScore": 693.58,
        "algorthmScore": 377.23
    },
    {
        "case_id": "2599",
        "case_type": "树结构",
        "debugScore": 99.8,
        "firstConsScore": 520.6,
        "algorthmScore": 246.45
    },
    {
        "case_id": "2632",
        "case_type": "树结构",
        "debugScore": 116.46,
        "firstConsScore": 523.92,
        "algorthmScore": 300.4
    },
    {
        "case_id": "2654",
        "case_type": "树结构",
        "debugScore": 110.29,
        "firstConsScore": 565.3,
        "algorthmScore": 311.55
    },
    {
        "case_id": "2598",
        "case_type": "树结构",
        "debugScore": 410.14,
        "firstConsScore": 478.73,
        "algorthmScore": 305.27
    },
    {
        "case_id": "2631",
        "case_type": "树结构",
        "debugScore": 90.08,
        "firstConsScore": 531.75,
        "algorthmScore": 261.33
    },
    {
        "case_id": "2697",
        "case_type": "树结构",
        "debugScore": 96.64,
        "firstConsScore": 525.75,
        "algorthmScore": 292.73
    },
    {
        "case_id": "2696",
        "case_type": "树结构",
        "debugScore": 88.81,
        "firstConsScore": 677.64,
        "algorthmScore": 389.07
    },
    {
        "case_id": "2355",
        "case_type": "树结构",
        "debugScore": 129.65,
        "firstConsScore": 698.4,
        "algorthmScore": 294.9
    },
    {
        "case_id": "2695",
        "case_type": "树结构",
        "debugScore": 113.57,
        "firstConsScore": 633.58,
        "algorthmScore": 258.16
    },
    {
        "case_id": "2398",
        "case_type": "树结构",
        "debugScore": 90.55,
        "firstConsScore": 577.27,
        "algorthmScore": 271.18
    },
    {
        "case_id": "2638",
        "case_type": "树结构",
        "debugScore": 103.09,
        "firstConsScore": 494.85,
        "algorthmScore": 309.86
    }
]