[
    {
        "case_id": "2092",
        "case_type": "数字操作",
        "debugScore": 188.32,
        "firstConsScore": 110.35,
        "algorthmScore": 188.11
    },
    {
        "case_id": "2276",
        "case_type": "数字操作",
        "debugScore": 983.24,
        "firstConsScore": 215.84,
        "algorthmScore": 198.14
    },
    {
        "case_id": "2250",
        "case_type": "数字操作",
        "debugScore": 713.94,
        "firstConsScore": 135.02,
        "algorthmScore": 233.05
    },
    {
        "case_id": "2370",
        "case_type": "数字操作",
        "debugScore": 98.06,
        "firstConsScore": 190.55,
        "algorthmScore": 328.59
    },
    {
        "case_id": "2403",
        "case_type": "数字操作",
        "debugScore": 721.56,
        "firstConsScore": 120.09,
        "algorthmScore": 257.3
    },
    {
        "case_id": "2402",
        "case_type": "数字操作",
        "debugScore": 1462.53,
        "firstConsScore": 205.03,
        "algorthmScore": 292.15
    },
    {
        "case_id": "2324",
        "case_type": "数字操作",
        "debugScore": 1049.71,
        "firstConsScore": 197.24,
        "algorthmScore": 294.21
    },
    {
        "case_id": "2401",
        "case_type": "数字操作",
        "debugScore": 88.98,
        "firstConsScore": 160.95,
        "algorthmScore": 216.16
    },
    {
        "case_id": "2367",
        "case_type": "数字操作",
        "debugScore": 863.18,
        "firstConsScore": 171.04,
        "algorthmScore": 228.93
    },
    {
        "case_id": "2421",
        "case_type": "数字操作",
        "debugScore": 641.92,
        "firstConsScore": 148.32,
        "algorthmScore": 130.94
    },
    {
        "case_id": "2322",
        "case_type": "数字操作",
        "debugScore": 330.89,
        "firstConsScore": 139.68,
        "algorthmScore": 278.9
    },
    {
        "case_id": "2420",
        "case_type": "数字操作",
        "debugScore": 987.9,
        "firstConsScore": 123.4,
        "algorthmScore": 192.98
    },
    {
        "case_id": "2442",
        "case_type": "数字操作",
        "debugScore": 80.59,
        "firstConsScore": 247.8,
        "algorthmScore": 308.88
    },
    {
        "case_id": "2321",
        "case_type": "数字操作",
        "debugScore": 682.7,
        "firstConsScore": 153.13,
        "algorthmScore": 178.92
    },
    {
        "case_id": "2409",
        "case_type": "数字操作",
        "debugScore": 73.83,
        "firstConsScore": 255.06,
        "algorthmScore": 288.33
    },
    {
        "case_id": "2408",
        "case_type": "数字操作",
        "debugScore": 645.87,
        "firstConsScore": 196.27,
        "algorthmScore": 302.79
    },
    {
        "case_id": "2407",
        "case_type": "数字操作",
        "debugScore": 76.67,
        "firstConsScore": 208.34,
        "algorthmScore": 258.32
    },
    {
        "case_id": "2329",
        "case_type": "数字操作",
        "debugScore": 739.2,
        "firstConsScore": 145.07,
        "algorthmScore": 273.43
    },
    {
        "case_id": "2364",
        "case_type": "数字操作",
        "debugScore": 1169.87,
        "firstConsScore": 184.58,
        "algorthmScore": 282.3
    },
    {
        "case_id": "2363",
        "case_type": "数字操作",
        "debugScore": 86.27,
        "firstConsScore": 159.5,
        "algorthmScore": 168.89
    },
    {
        "case_id": "2362",
        "case_type": "数字操作",
        "debugScore": 82.97,
        "firstConsScore": 241.52,
        "algorthmScore": 283.93
    },
    {
        "case_id": "2162",
        "case_type": "数字操作",
        "debugScore": 554.49,
        "firstConsScore": 159.07,
        "algorthmScore": 261.03
    },
    {
        "case_id": "2360",
        "case_type": "数字操作",
        "debugScore": 1166.52,
        "firstConsScore": 108.73,
        "algorthmScore": 180.51
    },
    {
        "case_id": "2381",
        "case_type": "数字操作",
        "debugScore": 609.98,
        "firstConsScore": 84.39,
        "algorthmScore": 290.2
    },
    {
        "case_id": "2239",
        "case_type": "数字操作",
        "debugScore": 459.65,
        "firstConsScore": 145.14,
        "algorthmScore": 230.45
    },
    {
        "case_id": "2379",
        "case_type": "数字操作",
        "debugScore": 79.85,
        "firstConsScore": 239.53,
        "algorthmScore": 251.75
    },
    {
        "case_id": "2411",
        "case_type": "数字操作",
        "debugScore": 74.09,
        "firstConsScore": 222.9,
        "algorthmScore": 286.3
    },
    {
        "case_id": "2377",
        "case_type": "数字操作",
        "debugScore": 777.79,
        "firstConsScore": 108.72,
        "algorthmScore": 278.22
    },
    {
        "case_id": "2419",
        "case_type": "数字操作",
        "debugScore": 1005.01,
        "firstConsScore": 114.1,
        "algorthmScore": 260.02
    },
    {
        "case_id": "2518",
        "case_type": "数字操作",
        "debugScore": 70.25,
        "firstConsScore": 234.66,
        "algorthmScore": 295.46
    }
]