[
    {
        "case_id": "2870",
        "case_type": "数组",
        "debugScore": 102.62,
        "firstConsScore": 346.21,
        "algorthmScore": 331.41
    },
    {
        "case_id": "2374",
        "case_type": "数组",
        "debugScore": 451.82,
        "firstConsScore": 180.27,
        "algorthmScore": 302.86
    },
    {
        "case_id": "2393",
        "case_type": "数组",
        "debugScore": 98.88,
        "firstConsScore": 375.76,
        "algorthmScore": 355.33
    },
    {
        "case_id": "2470",
        "case_type": "数组",
        "debugScore": 549.3,
        "firstConsScore": 209.49,
        "algorthmScore": 297.74
    },
    {
        "case_id": "2867",
        "case_type": "数组",
        "debugScore": 79.5,
        "firstConsScore": 276.67,
        "algorthmScore": 236.02
    },
    {
        "case_id": "2845",
        "case_type": "数组",
        "debugScore": 373.03,
        "firstConsScore": 290.45,
        "algorthmScore": 259.37
    },
    {
        "case_id": "2823",
        "case_type": "数组",
        "debugScore": 508.61,
        "firstConsScore": 248.62,
        "algorthmScore": 278.8
    },
    {
        "case_id": "2844",
        "case_type": "数组",
        "debugScore": 543.63,
        "firstConsScore": 216.96,
        "algorthmScore": 279.19
    },
    {
        "case_id": "2866",
        "case_type": "数组",
        "debugScore": 596.36,
        "firstConsScore": 222.05,
        "algorthmScore": 240.84
    },
    {
        "case_id": "2865",
        "case_type": "数组",
        "debugScore": 1129.44,
        "firstConsScore": 205.94,
        "algorthmScore": 199.49
    },
    {
        "case_id": "2843",
        "case_type": "数组",
        "debugScore": 1059.18,
        "firstConsScore": 181.11,
        "algorthmScore": 249.62
    },
    {
        "case_id": "2469",
        "case_type": "数组",
        "debugScore": 854.34,
        "firstConsScore": 230.03,
        "algorthmScore": 296.15
    },
    {
        "case_id": "2864",
        "case_type": "数组",
        "debugScore": 628.39,
        "firstConsScore": 217.96,
        "algorthmScore": 281.95
    },
    {
        "case_id": "2842",
        "case_type": "数组",
        "debugScore": 724.4,
        "firstConsScore": 186.26,
        "algorthmScore": 307.65
    },
    {
        "case_id": "2863",
        "case_type": "数组",
        "debugScore": 1702.05,
        "firstConsScore": 319.97,
        "algorthmScore": 278.15
    },
    {
        "case_id": "2840",
        "case_type": "数组",
        "debugScore": 1368.52,
        "firstConsScore": 199.6,
        "algorthmScore": 133.5
    },
    {
        "case_id": "2861",
        "case_type": "数组",
        "debugScore": 959.14,
        "firstConsScore": 266.78,
        "algorthmScore": 253.96
    },
    {
        "case_id": "2849",
        "case_type": "数组",
        "debugScore": 1907.93,
        "firstConsScore": 473.76,
        "algorthmScore": 359.48
    },
    {
        "case_id": "2848",
        "case_type": "数组",
        "debugScore": 85.23,
        "firstConsScore": 293.65,
        "algorthmScore": 261.4
    },
    {
        "case_id": "2868",
        "case_type": "数组",
        "debugScore": 88.1,
        "firstConsScore": 315.36,
        "algorthmScore": 265.38
    },
    {
        "case_id": "2824",
        "case_type": "数组",
        "debugScore": 89.12,
        "firstConsScore": 343.56,
        "algorthmScore": 344.08
    },
    {
        "case_id": "2384",
        "case_type": "数组",
        "debugScore": 1003.53,
        "firstConsScore": 233.04,
        "algorthmScore": 336.05
    },
    {
        "case_id": "2834",
        "case_type": "数组",
        "debugScore": 82.17,
        "firstConsScore": 321.74,
        "algorthmScore": 289.28
    },
    {
        "case_id": "2877",
        "case_type": "数组",
        "debugScore": 81.19,
        "firstConsScore": 225.91,
        "algorthmScore": 177.2
    },
    {
        "case_id": "2855",
        "case_type": "数组",
        "debugScore": 79.92,
        "firstConsScore": 322.29,
        "algorthmScore": 323.57
    },
    {
        "case_id": "2854",
        "case_type": "数组",
        "debugScore": 382.9,
        "firstConsScore": 319.68,
        "algorthmScore": 199.23
    },
    {
        "case_id": "2832",
        "case_type": "数组",
        "debugScore": 866.57,
        "firstConsScore": 216.6,
        "algorthmScore": 287.85
    },
    {
        "case_id": "2875",
        "case_type": "数组",
        "debugScore": 74.56,
        "firstConsScore": 360.87,
        "algorthmScore": 370.59
    },
    {
        "case_id": "2831",
        "case_type": "数组",
        "debugScore": 89.78,
        "firstConsScore": 301.87,
        "algorthmScore": 284.71
    },
    {
        "case_id": "2853",
        "case_type": "数组",
        "debugScore": 1096.95,
        "firstConsScore": 208.22,
        "algorthmScore": 258.97
    },
    {
        "case_id": "2830",
        "case_type": "数组",
        "debugScore": 1206.52,
        "firstConsScore": 241.19,
        "algorthmScore": 297.96
    },
    {
        "case_id": "2852",
        "case_type": "数组",
        "debugScore": 929.52,
        "firstConsScore": 231.95,
        "algorthmScore": 274.37
    },
    {
        "case_id": "2873",
        "case_type": "数组",
        "debugScore": 626.94,
        "firstConsScore": 211.92,
        "algorthmScore": 282.4
    },
    {
        "case_id": "2851",
        "case_type": "数组",
        "debugScore": 1764.75,
        "firstConsScore": 248.52,
        "algorthmScore": 328.92
    },
    {
        "case_id": "2872",
        "case_type": "数组",
        "debugScore": 872.05,
        "firstConsScore": 178.73,
        "algorthmScore": 264.58
    },
    {
        "case_id": "2850",
        "case_type": "数组",
        "debugScore": 596.48,
        "firstConsScore": 167.82,
        "algorthmScore": 273.76
    },
    {
        "case_id": "2819",
        "case_type": "数组",
        "debugScore": 699.8,
        "firstConsScore": 204.6,
        "algorthmScore": 289.93
    },
    {
        "case_id": "2838",
        "case_type": "数组",
        "debugScore": 587.09,
        "firstConsScore": 144.85,
        "algorthmScore": 180.24
    },
    {
        "case_id": "2859",
        "case_type": "数组",
        "debugScore": 937.26,
        "firstConsScore": 232.07,
        "algorthmScore": 203.28
    },
    {
        "case_id": "2837",
        "case_type": "数组",
        "debugScore": 851.51,
        "firstConsScore": 237.83,
        "algorthmScore": 176.89
    },
    {
        "case_id": "2815",
        "case_type": "数组",
        "debugScore": 1075.4,
        "firstConsScore": 231.53,
        "algorthmScore": 274.45
    },
    {
        "case_id": "2836",
        "case_type": "数组",
        "debugScore": 1356.31,
        "firstConsScore": 296.72,
        "algorthmScore": 282.9
    },
    {
        "case_id": "2858",
        "case_type": "数组",
        "debugScore": 118.89,
        "firstConsScore": 301.0,
        "algorthmScore": 278.4
    },
    {
        "case_id": "2835",
        "case_type": "数组",
        "debugScore": 837.72,
        "firstConsScore": 236.03,
        "algorthmScore": 226.86
    },
    {
        "case_id": "2857",
        "case_type": "数组",
        "debugScore": 331.22,
        "firstConsScore": 152.04,
        "algorthmScore": 250.26
    }
]