[
    {
        "case_id": "2473",
        "case_type": "线性表",
        "debugScore": 86.76,
        "firstConsScore": 408.65,
        "algorthmScore": 229.68
    },
    {
        "case_id": "2471",
        "case_type": "线性表",
        "debugScore": 75.55,
        "firstConsScore": 369.53,
        "algorthmScore": 287.24
    },
    {
        "case_id": "2691",
        "case_type": "线性表",
        "debugScore": 94.83,
        "firstConsScore": 417.31,
        "algorthmScore": 262.49
    },
    {
        "case_id": "2690",
        "case_type": "线性表",
        "debugScore": 552.94,
        "firstConsScore": 262.93,
        "algorthmScore": 261.81
    },
    {
        "case_id": "2590",
        "case_type": "线性表",
        "debugScore": 83.15,
        "firstConsScore": 338.79,
        "algorthmScore": 287.11
    },
    {
        "case_id": "2724",
        "case_type": "线性表",
        "debugScore": 96.42,
        "firstConsScore": 379.38,
        "algorthmScore": 217.31
    },
    {
        "case_id": "2646",
        "case_type": "线性表",
        "debugScore": 85.37,
        "firstConsScore": 337.68,
        "algorthmScore": 247.82
    },
    {
        "case_id": "2723",
        "case_type": "线性表",
        "debugScore": 85.66,
        "firstConsScore": 336.97,
        "algorthmScore": 240.65
    },
    {
        "case_id": "2722",
        "case_type": "线性表",
        "debugScore": 78.28,
        "firstConsScore": 365.7,
        "algorthmScore": 248.89
    },
    {
        "case_id": "2721",
        "case_type": "线性表",
        "debugScore": 82.94,
        "firstConsScore": 352.5,
        "algorthmScore": 250.67
    },
    {
        "case_id": "2487",
        "case_type": "线性表",
        "debugScore": 76.27,
        "firstConsScore": 336.14,
        "algorthmScore": 257.55
    },
    {
        "case_id": "2761",
        "case_type": "线性表",
        "debugScore": 72.07,
        "firstConsScore": 383.38,
        "algorthmScore": 244.04
    },
    {
        "case_id": "2486",
        "case_type": "线性表",
        "debugScore": 718.68,
        "firstConsScore": 126.44,
        "algorthmScore": 325.35
    },
    {
        "case_id": "2728",
        "case_type": "线性表",
        "debugScore": 86.84,
        "firstConsScore": 389.42,
        "algorthmScore": 227.97
    },
    {
        "case_id": "2727",
        "case_type": "线性表",
        "debugScore": 95.35,
        "firstConsScore": 414.58,
        "algorthmScore": 220.07
    },
    {
        "case_id": "2649",
        "case_type": "线性表",
        "debugScore": 84.85,
        "firstConsScore": 255.16,
        "algorthmScore": 177.19
    },
    {
        "case_id": "2725",
        "case_type": "线性表",
        "debugScore": 85.38,
        "firstConsScore": 433.63,
        "algorthmScore": 202.74
    },
    {
        "case_id": "2485",
        "case_type": "线性表",
        "debugScore": 77.05,
        "firstConsScore": 344.34,
        "algorthmScore": 252.83
    },
    {
        "case_id": "2760",
        "case_type": "线性表",
        "debugScore": 94.78,
        "firstConsScore": 335.84,
        "algorthmScore": 223.4
    },
    {
        "case_id": "2484",
        "case_type": "线性表",
        "debugScore": 93.92,
        "firstConsScore": 326.19,
        "algorthmScore": 253.21
    },
    {
        "case_id": "2560",
        "case_type": "线性表",
        "debugScore": 94.09,
        "firstConsScore": 329.64,
        "algorthmScore": 252.39
    },
    {
        "case_id": "2483",
        "case_type": "线性表",
        "debugScore": 100.28,
        "firstConsScore": 315.7,
        "algorthmScore": 258.2
    },
    {
        "case_id": "2559",
        "case_type": "线性表",
        "debugScore": 85.53,
        "firstConsScore": 332.62,
        "algorthmScore": 212.36
    },
    {
        "case_id": "2557",
        "case_type": "线性表",
        "debugScore": 81.3,
        "firstConsScore": 297.3,
        "algorthmScore": 237.9
    },
    {
        "case_id": "2755",
        "case_type": "线性表",
        "debugScore": 105.5,
        "firstConsScore": 344.69,
        "algorthmScore": 180.9
    },
    {
        "case_id": "2732",
        "case_type": "线性表",
        "debugScore": 77.69,
        "firstConsScore": 380.64,
        "algorthmScore": 136.06
    },
    {
        "case_id": "2336",
        "case_type": "线性表",
        "debugScore": 90.11,
        "firstConsScore": 479.95,
        "algorthmScore": 194.04
    },
    {
        "case_id": "2730",
        "case_type": "线性表",
        "debugScore": 77.3,
        "firstConsScore": 389.9,
        "algorthmScore": 255.91
    },
    {
        "case_id": "2759",
        "case_type": "线性表",
        "debugScore": 77.8,
        "firstConsScore": 354.09,
        "algorthmScore": 199.63
    }
]