[
    {
        "case_id": "2954",
        "case_type": "字符串",
        "debugScore": 119.33,
        "firstConsScore": 492.59,
        "algorthmScore": 304.77
    },
    {
        "case_id": "2975",
        "case_type": "字符串",
        "debugScore": 82.68,
        "firstConsScore": 307.63,
        "algorthmScore": 266.14
    },
    {
        "case_id": "2942",
        "case_type": "字符串",
        "debugScore": 370.9,
        "firstConsScore": 135.8,
        "algorthmScore": 273.07
    },
    {
        "case_id": "2963",
        "case_type": "字符串",
        "debugScore": 546.76,
        "firstConsScore": 308.38,
        "algorthmScore": 279.5
    },
    {
        "case_id": "2974",
        "case_type": "字符串",
        "debugScore": 97.32,
        "firstConsScore": 423.89,
        "algorthmScore": 347.19
    },
    {
        "case_id": "2984",
        "case_type": "字符串",
        "debugScore": 176.77,
        "firstConsScore": 293.73,
        "algorthmScore": 207.11
    },
    {
        "case_id": "2961",
        "case_type": "字符串",
        "debugScore": 96.64,
        "firstConsScore": 417.79,
        "algorthmScore": 267.59
    },
    {
        "case_id": "2972",
        "case_type": "字符串",
        "debugScore": 109.77,
        "firstConsScore": 404.39,
        "algorthmScore": 304.79
    },
    {
        "case_id": "2981",
        "case_type": "字符串",
        "debugScore": 90.21,
        "firstConsScore": 435.42,
        "algorthmScore": 273.03
    },
    {
        "case_id": "2970",
        "case_type": "字符串",
        "debugScore": 111.67,
        "firstConsScore": 601.09,
        "algorthmScore": 305.56
    },
    {
        "case_id": "2969",
        "case_type": "字符串",
        "debugScore": 125.36,
        "firstConsScore": 569.63,
        "algorthmScore": 299.53
    },
    {
        "case_id": "2979",
        "case_type": "字符串",
        "debugScore": 93.76,
        "firstConsScore": 285.1,
        "algorthmScore": 238.28
    },
    {
        "case_id": "2946",
        "case_type": "字符串",
        "debugScore": 81.27,
        "firstConsScore": 360.98,
        "algorthmScore": 268.11
    },
    {
        "case_id": "2957",
        "case_type": "字符串",
        "debugScore": 122.3,
        "firstConsScore": 439.77,
        "algorthmScore": 281.85
    },
    {
        "case_id": "2968",
        "case_type": "字符串",
        "debugScore": 107.61,
        "firstConsScore": 380.02,
        "algorthmScore": 266.18
    },
    {
        "case_id": "2978",
        "case_type": "字符串",
        "debugScore": 67.14,
        "firstConsScore": 297.02,
        "algorthmScore": 252.59
    },
    {
        "case_id": "2945",
        "case_type": "字符串",
        "debugScore": 82.75,
        "firstConsScore": 368.03,
        "algorthmScore": 240.4
    },
    {
        "case_id": "2956",
        "case_type": "字符串",
        "debugScore": 106.37,
        "firstConsScore": 463.51,
        "algorthmScore": 286.23
    }
]