[
    {
        "case_id": "2954",
        "case_type": "字符串",
        "debugScore": 119.33,
        "firstConsScore": 357.65,
        "algorthmScore": 292.73
    },
    {
        "case_id": "2975",
        "case_type": "字符串",
        "debugScore": 73.9,
        "firstConsScore": 256.98,
        "algorthmScore": 245.96
    },
    {
        "case_id": "2942",
        "case_type": "字符串",
        "debugScore": 97.75,
        "firstConsScore": 379.47,
        "algorthmScore": 259.56
    },
    {
        "case_id": "2963",
        "case_type": "字符串",
        "debugScore": 554.75,
        "firstConsScore": 291.91,
        "algorthmScore": 290.84
    },
    {
        "case_id": "2974",
        "case_type": "字符串",
        "debugScore": 97.32,
        "firstConsScore": 440.64,
        "algorthmScore": 319.26
    },
    {
        "case_id": "2984",
        "case_type": "字符串",
        "debugScore": 92.47,
        "firstConsScore": 268.9,
        "algorthmScore": 279.3
    },
    {
        "case_id": "2961",
        "case_type": "字符串",
        "debugScore": 96.64,
        "firstConsScore": 394.87,
        "algorthmScore": 276.62
    },
    {
        "case_id": "2972",
        "case_type": "字符串",
        "debugScore": 265.16,
        "firstConsScore": 343.07,
        "algorthmScore": 286.84
    },
    {
        "case_id": "2970",
        "case_type": "字符串",
        "debugScore": 111.67,
        "firstConsScore": 559.6,
        "algorthmScore": 280.67
    },
    {
        "case_id": "2981",
        "case_type": "字符串",
        "debugScore": 90.21,
        "firstConsScore": 442.86,
        "algorthmScore": 366.9
    },
    {
        "case_id": "2969",
        "case_type": "字符串",
        "debugScore": 125.36,
        "firstConsScore": 536.09,
        "algorthmScore": 271.96
    },
    {
        "case_id": "2979",
        "case_type": "字符串",
        "debugScore": 93.76,
        "firstConsScore": 231.22,
        "algorthmScore": 105.97
    },
    {
        "case_id": "2946",
        "case_type": "字符串",
        "debugScore": 81.27,
        "firstConsScore": 332.38,
        "algorthmScore": 245.58
    },
    {
        "case_id": "2957",
        "case_type": "字符串",
        "debugScore": 122.3,
        "firstConsScore": 363.51,
        "algorthmScore": 262.21
    },
    {
        "case_id": "2968",
        "case_type": "字符串",
        "debugScore": 107.61,
        "firstConsScore": 346.2,
        "algorthmScore": 237.86
    },
    {
        "case_id": "2978",
        "case_type": "字符串",
        "debugScore": 410.68,
        "firstConsScore": 231.92,
        "algorthmScore": 236.34
    },
    {
        "case_id": "2945",
        "case_type": "字符串",
        "debugScore": 82.75,
        "firstConsScore": 359.27,
        "algorthmScore": 279.0
    },
    {
        "case_id": "2956",
        "case_type": "字符串",
        "debugScore": 106.37,
        "firstConsScore": 420.53,
        "algorthmScore": 219.85
    }
]