[
    {
        "case_id": "2092",
        "case_type": "数字操作",
        "debugScore": 359.23,
        "firstConsScore": 94.55,
        "algorthmScore": 225.0
    },
    {
        "case_id": "2276",
        "case_type": "数字操作",
        "debugScore": 763.71,
        "firstConsScore": 175.42,
        "algorthmScore": 250.31
    },
    {
        "case_id": "2330",
        "case_type": "数字操作",
        "debugScore": 160.39,
        "firstConsScore": 268.62,
        "algorthmScore": 210.13
    },
    {
        "case_id": "2275",
        "case_type": "数字操作",
        "debugScore": 192.24,
        "firstConsScore": 274.01,
        "algorthmScore": 207.71
    },
    {
        "case_id": "2250",
        "case_type": "数字操作",
        "debugScore": 374.72,
        "firstConsScore": 172.47,
        "algorthmScore": 247.91
    },
    {
        "case_id": "2370",
        "case_type": "数字操作",
        "debugScore": 801.25,
        "firstConsScore": 131.21,
        "algorthmScore": 145.6
    },
    {
        "case_id": "2403",
        "case_type": "数字操作",
        "debugScore": 861.21,
        "firstConsScore": 84.47,
        "algorthmScore": 211.33
    },
    {
        "case_id": "2326",
        "case_type": "数字操作",
        "debugScore": 241.8,
        "firstConsScore": 224.5,
        "algorthmScore": 269.86
    },
    {
        "case_id": "2402",
        "case_type": "数字操作",
        "debugScore": 115.64,
        "firstConsScore": 179.99,
        "algorthmScore": 206.57
    },
    {
        "case_id": "2401",
        "case_type": "数字操作",
        "debugScore": 1211.14,
        "firstConsScore": 154.63,
        "algorthmScore": 251.19
    },
    {
        "case_id": "2324",
        "case_type": "数字操作",
        "debugScore": 104.1,
        "firstConsScore": 189.24,
        "algorthmScore": 204.94
    },
    {
        "case_id": "2367",
        "case_type": "数字操作",
        "debugScore": 367.36,
        "firstConsScore": 126.39,
        "algorthmScore": 202.14
    },
    {
        "case_id": "2421",
        "case_type": "数字操作",
        "debugScore": 945.18,
        "firstConsScore": 97.72,
        "algorthmScore": 140.43
    },
    {
        "case_id": "2322",
        "case_type": "数字操作",
        "debugScore": 332.1,
        "firstConsScore": 185.34,
        "algorthmScore": 181.6
    },
    {
        "case_id": "2420",
        "case_type": "数字操作",
        "debugScore": 68.03,
        "firstConsScore": 207.54,
        "algorthmScore": 268.45
    },
    {
        "case_id": "2442",
        "case_type": "数字操作",
        "debugScore": 833.97,
        "firstConsScore": 182.99,
        "algorthmScore": 46.23
    },
    {
        "case_id": "2321",
        "case_type": "数字操作",
        "debugScore": 554.63,
        "firstConsScore": 138.94,
        "algorthmScore": 161.58
    },
    {
        "case_id": "2409",
        "case_type": "数字操作",
        "debugScore": 678.34,
        "firstConsScore": 88.71,
        "algorthmScore": 177.93
    },
    {
        "case_id": "2408",
        "case_type": "数字操作",
        "debugScore": 76.42,
        "firstConsScore": 209.67,
        "algorthmScore": 179.6
    },
    {
        "case_id": "2407",
        "case_type": "数字操作",
        "debugScore": 971.47,
        "firstConsScore": 117.33,
        "algorthmScore": 249.43
    },
    {
        "case_id": "2329",
        "case_type": "数字操作",
        "debugScore": 112.07,
        "firstConsScore": 266.51,
        "algorthmScore": 245.72
    },
    {
        "case_id": "2364",
        "case_type": "数字操作",
        "debugScore": 96.03,
        "firstConsScore": 222.27,
        "algorthmScore": 87.36
    },
    {
        "case_id": "2363",
        "case_type": "数字操作",
        "debugScore": 86.27,
        "firstConsScore": 206.1,
        "algorthmScore": 165.04
    },
    {
        "case_id": "2362",
        "case_type": "数字操作",
        "debugScore": 82.97,
        "firstConsScore": 183.41,
        "algorthmScore": 118.09
    },
    {
        "case_id": "2162",
        "case_type": "数字操作",
        "debugScore": 554.49,
        "firstConsScore": 55.59,
        "algorthmScore": 223.83
    },
    {
        "case_id": "2360",
        "case_type": "数字操作",
        "debugScore": 105.44,
        "firstConsScore": 205.51,
        "algorthmScore": 182.01
    },
    {
        "case_id": "2381",
        "case_type": "数字操作",
        "debugScore": 77.8,
        "firstConsScore": 253.8,
        "algorthmScore": 230.45
    },
    {
        "case_id": "2239",
        "case_type": "数字操作",
        "debugScore": 901.49,
        "firstConsScore": 188.53,
        "algorthmScore": 314.78
    },
    {
        "case_id": "2216",
        "case_type": "数字操作",
        "debugScore": 943.33,
        "firstConsScore": 178.26,
        "algorthmScore": 274.87
    },
    {
        "case_id": "2379",
        "case_type": "数字操作",
        "debugScore": 79.85,
        "firstConsScore": 190.75,
        "algorthmScore": 249.05
    },
    {
        "case_id": "2411",
        "case_type": "数字操作",
        "debugScore": 762.61,
        "firstConsScore": 124.75,
        "algorthmScore": 171.79
    },
    {
        "case_id": "2377",
        "case_type": "数字操作",
        "debugScore": 771.32,
        "firstConsScore": 111.03,
        "algorthmScore": 247.84
    },
    {
        "case_id": "2332",
        "case_type": "数字操作",
        "debugScore": 320.33,
        "firstConsScore": 215.35,
        "algorthmScore": 147.75
    },
    {
        "case_id": "2419",
        "case_type": "数字操作",
        "debugScore": 75.29,
        "firstConsScore": 164.54,
        "algorthmScore": 0.0
    },
    {
        "case_id": "2518",
        "case_type": "数字操作",
        "debugScore": 75.59,
        "firstConsScore": 209.24,
        "algorthmScore": 206.84
    }
]