[
    {
        "case_id": "2870",
        "case_type": "数组",
        "debugScore": 102.62,
        "firstConsScore": 299.1,
        "algorthmScore": 297.63
    },
    {
        "case_id": "2374",
        "case_type": "数组",
        "debugScore": 468.77,
        "firstConsScore": 170.04,
        "algorthmScore": 260.38
    },
    {
        "case_id": "2393",
        "case_type": "数组",
        "debugScore": 98.88,
        "firstConsScore": 211.67,
        "algorthmScore": 208.64
    },
    {
        "case_id": "2470",
        "case_type": "数组",
        "debugScore": 554.45,
        "firstConsScore": 145.29,
        "algorthmScore": 281.57
    },
    {
        "case_id": "2867",
        "case_type": "数组",
        "debugScore": 79.5,
        "firstConsScore": 272.35,
        "algorthmScore": 252.09
    },
    {
        "case_id": "2845",
        "case_type": "数组",
        "debugScore": 160.64,
        "firstConsScore": 258.59,
        "algorthmScore": 234.62
    },
    {
        "case_id": "2823",
        "case_type": "数组",
        "debugScore": 453.07,
        "firstConsScore": 179.47,
        "algorthmScore": 276.02
    },
    {
        "case_id": "2844",
        "case_type": "数组",
        "debugScore": 150.98,
        "firstConsScore": 295.12,
        "algorthmScore": 257.32
    },
    {
        "case_id": "2866",
        "case_type": "数组",
        "debugScore": 692.29,
        "firstConsScore": 215.54,
        "algorthmScore": 250.05
    },
    {
        "case_id": "2865",
        "case_type": "数组",
        "debugScore": 75.41,
        "firstConsScore": 279.64,
        "algorthmScore": 260.52
    },
    {
        "case_id": "2843",
        "case_type": "数组",
        "debugScore": 1059.18,
        "firstConsScore": 178.71,
        "algorthmScore": 263.79
    },
    {
        "case_id": "2469",
        "case_type": "数组",
        "debugScore": 201.18,
        "firstConsScore": 290.68,
        "algorthmScore": 168.3
    },
    {
        "case_id": "2864",
        "case_type": "数组",
        "debugScore": 662.01,
        "firstConsScore": 79.65,
        "algorthmScore": 294.85
    },
    {
        "case_id": "2842",
        "case_type": "数组",
        "debugScore": 108.29,
        "firstConsScore": 222.33,
        "algorthmScore": 250.87
    },
    {
        "case_id": "2863",
        "case_type": "数组",
        "debugScore": 84.28,
        "firstConsScore": 222.13,
        "algorthmScore": 189.62
    },
    {
        "case_id": "2840",
        "case_type": "数组",
        "debugScore": 80.88,
        "firstConsScore": 249.19,
        "algorthmScore": 223.75
    },
    {
        "case_id": "2861",
        "case_type": "数组",
        "debugScore": 79.57,
        "firstConsScore": 275.99,
        "algorthmScore": 228.38
    },
    {
        "case_id": "2849",
        "case_type": "数组",
        "debugScore": 90.72,
        "firstConsScore": 221.75,
        "algorthmScore": 221.72
    },
    {
        "case_id": "2848",
        "case_type": "数组",
        "debugScore": 81.44,
        "firstConsScore": 262.96,
        "algorthmScore": 246.66
    },
    {
        "case_id": "2868",
        "case_type": "数组",
        "debugScore": 88.1,
        "firstConsScore": 311.98,
        "algorthmScore": 255.09
    },
    {
        "case_id": "2824",
        "case_type": "数组",
        "debugScore": 89.12,
        "firstConsScore": 315.17,
        "algorthmScore": 264.3
    },
    {
        "case_id": "2384",
        "case_type": "数组",
        "debugScore": 97.01,
        "firstConsScore": 319.13,
        "algorthmScore": 208.47
    },
    {
        "case_id": "2834",
        "case_type": "数组",
        "debugScore": 82.17,
        "firstConsScore": 282.06,
        "algorthmScore": 180.89
    },
    {
        "case_id": "2877",
        "case_type": "数组",
        "debugScore": 81.19,
        "firstConsScore": 279.53,
        "algorthmScore": 260.51
    },
    {
        "case_id": "2855",
        "case_type": "数组",
        "debugScore": 79.92,
        "firstConsScore": 309.2,
        "algorthmScore": 277.3
    },
    {
        "case_id": "2854",
        "case_type": "数组",
        "debugScore": 382.9,
        "firstConsScore": 158.01,
        "algorthmScore": 181.78
    },
    {
        "case_id": "2832",
        "case_type": "数组",
        "debugScore": 84.17,
        "firstConsScore": 272.95,
        "algorthmScore": 222.0
    },
    {
        "case_id": "2875",
        "case_type": "数组",
        "debugScore": 74.56,
        "firstConsScore": 269.13,
        "algorthmScore": 237.34
    },
    {
        "case_id": "2831",
        "case_type": "数组",
        "debugScore": 924.38,
        "firstConsScore": 160.79,
        "algorthmScore": 109.95
    },
    {
        "case_id": "2853",
        "case_type": "数组",
        "debugScore": 106.45,
        "firstConsScore": 278.51,
        "algorthmScore": 226.37
    },
    {
        "case_id": "2852",
        "case_type": "数组",
        "debugScore": 92.08,
        "firstConsScore": 342.64,
        "algorthmScore": 275.95
    },
    {
        "case_id": "2830",
        "case_type": "数组",
        "debugScore": 84.13,
        "firstConsScore": 314.73,
        "algorthmScore": 263.9
    },
    {
        "case_id": "2873",
        "case_type": "数组",
        "debugScore": 81.47,
        "firstConsScore": 312.12,
        "algorthmScore": 268.52
    },
    {
        "case_id": "2851",
        "case_type": "数组",
        "debugScore": 96.63,
        "firstConsScore": 293.17,
        "algorthmScore": 284.64
    },
    {
        "case_id": "2872",
        "case_type": "数组",
        "debugScore": 86.13,
        "firstConsScore": 297.46,
        "algorthmScore": 253.29
    },
    {
        "case_id": "2850",
        "case_type": "数组",
        "debugScore": 84.73,
        "firstConsScore": 322.58,
        "algorthmScore": 236.43
    },
    {
        "case_id": "2819",
        "case_type": "数组",
        "debugScore": 126.77,
        "firstConsScore": 290.25,
        "algorthmScore": 96.77
    },
    {
        "case_id": "2838",
        "case_type": "数组",
        "debugScore": 77.66,
        "firstConsScore": 253.55,
        "algorthmScore": 138.98
    },
    {
        "case_id": "2859",
        "case_type": "数组",
        "debugScore": 83.97,
        "firstConsScore": 273.55,
        "algorthmScore": 245.5
    },
    {
        "case_id": "2837",
        "case_type": "数组",
        "debugScore": 550.64,
        "firstConsScore": 208.65,
        "algorthmScore": 213.69
    },
    {
        "case_id": "2815",
        "case_type": "数组",
        "debugScore": 82.82,
        "firstConsScore": 296.76,
        "algorthmScore": 296.19
    },
    {
        "case_id": "2836",
        "case_type": "数组",
        "debugScore": 428.53,
        "firstConsScore": 240.01,
        "algorthmScore": 201.72
    },
    {
        "case_id": "2858",
        "case_type": "数组",
        "debugScore": 118.89,
        "firstConsScore": 300.85,
        "algorthmScore": 287.67
    },
    {
        "case_id": "2835",
        "case_type": "数组",
        "debugScore": 453.98,
        "firstConsScore": 246.05,
        "algorthmScore": 160.36
    },
    {
        "case_id": "2857",
        "case_type": "数组",
        "debugScore": 323.95,
        "firstConsScore": 145.86,
        "algorthmScore": 306.9
    }
]