[
    {
        "case_id": "2305",
        "case_type": "图结构",
        "debugScore": 151.47,
        "firstConsScore": 274.24,
        "algorthmScore": 254.86
    },
    {
        "case_id": "2536",
        "case_type": "图结构",
        "debugScore": 115.41,
        "firstConsScore": 239.35,
        "algorthmScore": 318.84
    },
    {
        "case_id": "2316",
        "case_type": "图结构",
        "debugScore": 161.56,
        "firstConsScore": 382.29,
        "algorthmScore": 251.8
    },
    {
        "case_id": "2348",
        "case_type": "图结构",
        "debugScore": 125.51,
        "firstConsScore": 298.13,
        "algorthmScore": 268.12
    },
    {
        "case_id": "2347",
        "case_type": "图结构",
        "debugScore": 148.04,
        "firstConsScore": 283.69,
        "algorthmScore": 244.51
    },
    {
        "case_id": "2444",
        "case_type": "图结构",
        "debugScore": 99.71,
        "firstConsScore": 237.63,
        "algorthmScore": 345.31
    },
    {
        "case_id": "2235",
        "case_type": "图结构",
        "debugScore": 153.84,
        "firstConsScore": 267.2,
        "algorthmScore": 378.79
    },
    {
        "case_id": "2343",
        "case_type": "图结构",
        "debugScore": 159.91,
        "firstConsScore": 209.02,
        "algorthmScore": 318.12
    },
    {
        "case_id": "2354",
        "case_type": "图结构",
        "debugScore": 107.53,
        "firstConsScore": 274.59,
        "algorthmScore": 299.48
    },
    {
        "case_id": "2331",
        "case_type": "图结构",
        "debugScore": 130.47,
        "firstConsScore": 269.38,
        "algorthmScore": 336.88
    },
    {
        "case_id": "2352",
        "case_type": "图结构",
        "debugScore": 125.91,
        "firstConsScore": 241.81,
        "algorthmScore": 341.52
    },
    {
        "case_id": "2704",
        "case_type": "图结构",
        "debugScore": 115.53,
        "firstConsScore": 486.67,
        "algorthmScore": 282.39
    }
]