[
    {
        "case_id": "2870",
        "case_type": "数组",
        "debugScore": 102.62,
        "firstConsScore": 215.17,
        "algorthmScore": 314.4
    },
    {
        "case_id": "2374",
        "case_type": "数组",
        "debugScore": 92.51,
        "firstConsScore": 331.03,
        "algorthmScore": 277.54
    },
    {
        "case_id": "2393",
        "case_type": "数组",
        "debugScore": 98.88,
        "firstConsScore": 143.18,
        "algorthmScore": 237.2
    },
    {
        "case_id": "2470",
        "case_type": "数组",
        "debugScore": 83.34,
        "firstConsScore": 301.57,
        "algorthmScore": 269.99
    },
    {
        "case_id": "2867",
        "case_type": "数组",
        "debugScore": 79.5,
        "firstConsScore": 222.35,
        "algorthmScore": 288.02
    },
    {
        "case_id": "2845",
        "case_type": "数组",
        "debugScore": 159.07,
        "firstConsScore": 166.74,
        "algorthmScore": 215.47
    },
    {
        "case_id": "2823",
        "case_type": "数组",
        "debugScore": 111.08,
        "firstConsScore": 304.29,
        "algorthmScore": 257.4
    },
    {
        "case_id": "2844",
        "case_type": "数组",
        "debugScore": 111.52,
        "firstConsScore": 172.48,
        "algorthmScore": 175.38
    },
    {
        "case_id": "2866",
        "case_type": "数组",
        "debugScore": 82.82,
        "firstConsScore": 202.44,
        "algorthmScore": 239.52
    },
    {
        "case_id": "2865",
        "case_type": "数组",
        "debugScore": 1045.78,
        "firstConsScore": 122.15,
        "algorthmScore": 251.54
    },
    {
        "case_id": "2843",
        "case_type": "数组",
        "debugScore": 77.99,
        "firstConsScore": 200.89,
        "algorthmScore": 271.34
    },
    {
        "case_id": "2469",
        "case_type": "数组",
        "debugScore": 197.07,
        "firstConsScore": 227.54,
        "algorthmScore": 250.5
    },
    {
        "case_id": "2864",
        "case_type": "数组",
        "debugScore": 174.91,
        "firstConsScore": 160.24,
        "algorthmScore": 195.88
    },
    {
        "case_id": "2842",
        "case_type": "数组",
        "debugScore": 676.56,
        "firstConsScore": 106.91,
        "algorthmScore": 322.45
    },
    {
        "case_id": "2863",
        "case_type": "数组",
        "debugScore": 84.28,
        "firstConsScore": 205.16,
        "algorthmScore": 254.76
    },
    {
        "case_id": "2840",
        "case_type": "数组",
        "debugScore": 80.88,
        "firstConsScore": 173.98,
        "algorthmScore": 201.07
    },
    {
        "case_id": "2861",
        "case_type": "数组",
        "debugScore": 79.57,
        "firstConsScore": 179.56,
        "algorthmScore": 253.81
    },
    {
        "case_id": "2849",
        "case_type": "数组",
        "debugScore": 90.72,
        "firstConsScore": 230.44,
        "algorthmScore": 284.02
    },
    {
        "case_id": "2848",
        "case_type": "数组",
        "debugScore": 85.23,
        "firstConsScore": 209.22,
        "algorthmScore": 235.27
    },
    {
        "case_id": "2868",
        "case_type": "数组",
        "debugScore": 88.1,
        "firstConsScore": 192.38,
        "algorthmScore": 255.07
    },
    {
        "case_id": "2824",
        "case_type": "数组",
        "debugScore": 89.12,
        "firstConsScore": 160.82,
        "algorthmScore": 146.3
    },
    {
        "case_id": "2384",
        "case_type": "数组",
        "debugScore": 97.01,
        "firstConsScore": 209.66,
        "algorthmScore": 229.1
    },
    {
        "case_id": "2834",
        "case_type": "数组",
        "debugScore": 82.17,
        "firstConsScore": 154.87,
        "algorthmScore": 180.78
    },
    {
        "case_id": "2877",
        "case_type": "数组",
        "debugScore": 81.19,
        "firstConsScore": 215.35,
        "algorthmScore": 260.62
    },
    {
        "case_id": "2855",
        "case_type": "数组",
        "debugScore": 79.92,
        "firstConsScore": 223.69,
        "algorthmScore": 290.26
    },
    {
        "case_id": "2854",
        "case_type": "数组",
        "debugScore": 88.3,
        "firstConsScore": 225.29,
        "algorthmScore": 216.42
    },
    {
        "case_id": "2832",
        "case_type": "数组",
        "debugScore": 802.84,
        "firstConsScore": 112.97,
        "algorthmScore": 205.57
    },
    {
        "case_id": "2875",
        "case_type": "数组",
        "debugScore": 74.56,
        "firstConsScore": 169.63,
        "algorthmScore": 112.1
    },
    {
        "case_id": "2831",
        "case_type": "数组",
        "debugScore": 89.78,
        "firstConsScore": 264.58,
        "algorthmScore": 325.29
    },
    {
        "case_id": "2853",
        "case_type": "数组",
        "debugScore": 106.45,
        "firstConsScore": 173.82,
        "algorthmScore": 214.18
    },
    {
        "case_id": "2830",
        "case_type": "数组",
        "debugScore": 84.13,
        "firstConsScore": 182.0,
        "algorthmScore": 255.53
    },
    {
        "case_id": "2852",
        "case_type": "数组",
        "debugScore": 92.08,
        "firstConsScore": 202.19,
        "algorthmScore": 266.13
    },
    {
        "case_id": "2873",
        "case_type": "数组",
        "debugScore": 81.47,
        "firstConsScore": 235.13,
        "algorthmScore": 283.95
    },
    {
        "case_id": "2851",
        "case_type": "数组",
        "debugScore": 1755.29,
        "firstConsScore": 184.45,
        "algorthmScore": 167.27
    },
    {
        "case_id": "2872",
        "case_type": "数组",
        "debugScore": 86.13,
        "firstConsScore": 210.07,
        "algorthmScore": 259.4
    },
    {
        "case_id": "2850",
        "case_type": "数组",
        "debugScore": 84.73,
        "firstConsScore": 240.03,
        "algorthmScore": 295.65
    },
    {
        "case_id": "2819",
        "case_type": "数组",
        "debugScore": 109.67,
        "firstConsScore": 203.37,
        "algorthmScore": 167.72
    },
    {
        "case_id": "2838",
        "case_type": "数组",
        "debugScore": 77.66,
        "firstConsScore": 188.33,
        "algorthmScore": 248.32
    },
    {
        "case_id": "2859",
        "case_type": "数组",
        "debugScore": 83.97,
        "firstConsScore": 236.98,
        "algorthmScore": 373.02
    },
    {
        "case_id": "2837",
        "case_type": "数组",
        "debugScore": 79.15,
        "firstConsScore": 208.41,
        "algorthmScore": 212.4
    },
    {
        "case_id": "2815",
        "case_type": "数组",
        "debugScore": 82.82,
        "firstConsScore": 178.07,
        "algorthmScore": 265.15
    },
    {
        "case_id": "2836",
        "case_type": "数组",
        "debugScore": 97.01,
        "firstConsScore": 188.43,
        "algorthmScore": 267.23
    },
    {
        "case_id": "2858",
        "case_type": "数组",
        "debugScore": 118.89,
        "firstConsScore": 197.53,
        "algorthmScore": 270.78
    },
    {
        "case_id": "2835",
        "case_type": "数组",
        "debugScore": 90.2,
        "firstConsScore": 219.33,
        "algorthmScore": 236.89
    },
    {
        "case_id": "2857",
        "case_type": "数组",
        "debugScore": 145.1,
        "firstConsScore": 89.67,
        "algorthmScore": 234.59
    }
]