[
    {
        "case_id": "2092",
        "case_type": "数字操作",
        "debugScore": 121.66,
        "firstConsScore": 431.3,
        "algorthmScore": 294.16
    },
    {
        "case_id": "2276",
        "case_type": "数字操作",
        "debugScore": 413.46,
        "firstConsScore": 340.29,
        "algorthmScore": 242.68
    },
    {
        "case_id": "2275",
        "case_type": "数字操作",
        "debugScore": 491.06,
        "firstConsScore": 260.43,
        "algorthmScore": 156.01
    },
    {
        "case_id": "2330",
        "case_type": "数字操作",
        "debugScore": 544.46,
        "firstConsScore": 235.96,
        "algorthmScore": 286.58
    },
    {
        "case_id": "2250",
        "case_type": "数字操作",
        "debugScore": 670.11,
        "firstConsScore": 166.07,
        "algorthmScore": 321.5
    },
    {
        "case_id": "2370",
        "case_type": "数字操作",
        "debugScore": 98.06,
        "firstConsScore": 335.13,
        "algorthmScore": 295.63
    },
    {
        "case_id": "2403",
        "case_type": "数字操作",
        "debugScore": 97.27,
        "firstConsScore": 307.86,
        "algorthmScore": 247.71
    },
    {
        "case_id": "2326",
        "case_type": "数字操作",
        "debugScore": 95.77,
        "firstConsScore": 347.01,
        "algorthmScore": 252.56
    },
    {
        "case_id": "2402",
        "case_type": "数字操作",
        "debugScore": 115.64,
        "firstConsScore": 335.48,
        "algorthmScore": 256.45
    },
    {
        "case_id": "2401",
        "case_type": "数字操作",
        "debugScore": 1211.14,
        "firstConsScore": 307.82,
        "algorthmScore": 310.29
    },
    {
        "case_id": "2324",
        "case_type": "数字操作",
        "debugScore": 104.1,
        "firstConsScore": 373.59,
        "algorthmScore": 274.83
    },
    {
        "case_id": "2367",
        "case_type": "数字操作",
        "debugScore": 91.57,
        "firstConsScore": 310.14,
        "algorthmScore": 274.43
    },
    {
        "case_id": "2421",
        "case_type": "数字操作",
        "debugScore": 77.62,
        "firstConsScore": 264.16,
        "algorthmScore": 299.58
    },
    {
        "case_id": "2322",
        "case_type": "数字操作",
        "debugScore": 95.27,
        "firstConsScore": 384.37,
        "algorthmScore": 376.43
    },
    {
        "case_id": "2420",
        "case_type": "数字操作",
        "debugScore": 68.03,
        "firstConsScore": 307.74,
        "algorthmScore": 382.75
    },
    {
        "case_id": "2442",
        "case_type": "数字操作",
        "debugScore": 183.07,
        "firstConsScore": 284.38,
        "algorthmScore": 249.76
    },
    {
        "case_id": "2321",
        "case_type": "数字操作",
        "debugScore": 101.51,
        "firstConsScore": 412.33,
        "algorthmScore": 346.92
    },
    {
        "case_id": "2409",
        "case_type": "数字操作",
        "debugScore": 73.83,
        "firstConsScore": 302.82,
        "algorthmScore": 293.57
    },
    {
        "case_id": "2408",
        "case_type": "数字操作",
        "debugScore": 76.42,
        "firstConsScore": 283.1,
        "algorthmScore": 115.12
    },
    {
        "case_id": "2407",
        "case_type": "数字操作",
        "debugScore": 979.57,
        "firstConsScore": 151.61,
        "algorthmScore": 258.41
    },
    {
        "case_id": "2329",
        "case_type": "数字操作",
        "debugScore": 112.07,
        "firstConsScore": 382.97,
        "algorthmScore": 136.89
    },
    {
        "case_id": "2364",
        "case_type": "数字操作",
        "debugScore": 96.03,
        "firstConsScore": 354.47,
        "algorthmScore": 270.96
    },
    {
        "case_id": "2363",
        "case_type": "数字操作",
        "debugScore": 86.27,
        "firstConsScore": 273.16,
        "algorthmScore": 264.27
    },
    {
        "case_id": "2362",
        "case_type": "数字操作",
        "debugScore": 384.2,
        "firstConsScore": 306.12,
        "algorthmScore": 315.43
    },
    {
        "case_id": "2162",
        "case_type": "数字操作",
        "debugScore": 543.75,
        "firstConsScore": 148.51,
        "algorthmScore": 244.61
    },
    {
        "case_id": "2360",
        "case_type": "数字操作",
        "debugScore": 1168.58,
        "firstConsScore": 317.12,
        "algorthmScore": 255.47
    },
    {
        "case_id": "2381",
        "case_type": "数字操作",
        "debugScore": 77.8,
        "firstConsScore": 353.44,
        "algorthmScore": 240.57
    },
    {
        "case_id": "2239",
        "case_type": "数字操作",
        "debugScore": 88.57,
        "firstConsScore": 311.36,
        "algorthmScore": 229.54
    },
    {
        "case_id": "2216",
        "case_type": "数字操作",
        "debugScore": 111.64,
        "firstConsScore": 358.76,
        "algorthmScore": 301.97
    },
    {
        "case_id": "2379",
        "case_type": "数字操作",
        "debugScore": 79.85,
        "firstConsScore": 345.67,
        "algorthmScore": 280.92
    },
    {
        "case_id": "2411",
        "case_type": "数字操作",
        "debugScore": 74.09,
        "firstConsScore": 273.25,
        "algorthmScore": 149.4
    },
    {
        "case_id": "2377",
        "case_type": "数字操作",
        "debugScore": 66.45,
        "firstConsScore": 272.58,
        "algorthmScore": 224.32
    },
    {
        "case_id": "2332",
        "case_type": "数字操作",
        "debugScore": 103.86,
        "firstConsScore": 444.94,
        "algorthmScore": 192.45
    },
    {
        "case_id": "2419",
        "case_type": "数字操作",
        "debugScore": 75.29,
        "firstConsScore": 260.21,
        "algorthmScore": 246.91
    },
    {
        "case_id": "2518",
        "case_type": "数字操作",
        "debugScore": 166.97,
        "firstConsScore": 257.42,
        "algorthmScore": 222.11
    }
]