[
    {
        "case_id": "2523",
        "case_type": "排序算法",
        "debugScore": 90.36,
        "firstConsScore": 238.63,
        "algorthmScore": 274.6
    },
    {
        "case_id": "2521",
        "case_type": "排序算法",
        "debugScore": 93.94,
        "firstConsScore": 204.42,
        "algorthmScore": 250.77
    },
    {
        "case_id": "2531",
        "case_type": "排序算法",
        "debugScore": 79.16,
        "firstConsScore": 172.7,
        "algorthmScore": 205.33
    },
    {
        "case_id": "2530",
        "case_type": "排序算法",
        "debugScore": 72.8,
        "firstConsScore": 201.38,
        "algorthmScore": 244.15
    },
    {
        "case_id": "2497",
        "case_type": "排序算法",
        "debugScore": 82.11,
        "firstConsScore": 204.58,
        "algorthmScore": 203.89
    },
    {
        "case_id": "2519",
        "case_type": "排序算法",
        "debugScore": 190.73,
        "firstConsScore": 176.46,
        "algorthmScore": 250.38
    },
    {
        "case_id": "2529",
        "case_type": "排序算法",
        "debugScore": 80.16,
        "firstConsScore": 121.49,
        "algorthmScore": 192.57
    },
    {
        "case_id": "2528",
        "case_type": "排序算法",
        "debugScore": 98.89,
        "firstConsScore": 202.38,
        "algorthmScore": 188.23
    }
]