[
    {
        "case_id": "2650",
        "case_type": "树结构",
        "debugScore": 95.43,
        "firstConsScore": 197.54,
        "algorthmScore": 285.46
    },
    {
        "case_id": "2353",
        "case_type": "树结构",
        "debugScore": 481.15,
        "firstConsScore": 137.13,
        "algorthmScore": 331.79
    },
    {
        "case_id": "2397",
        "case_type": "树结构",
        "debugScore": 869.72,
        "firstConsScore": 145.69,
        "algorthmScore": 348.45
    },
    {
        "case_id": "2524",
        "case_type": "树结构",
        "debugScore": 596.25,
        "firstConsScore": 141.95,
        "algorthmScore": 334.3
    },
    {
        "case_id": "2600",
        "case_type": "树结构",
        "debugScore": 928.57,
        "firstConsScore": 127.15,
        "algorthmScore": 292.65
    },
    {
        "case_id": "2400",
        "case_type": "树结构",
        "debugScore": 1065.23,
        "firstConsScore": 111.56,
        "algorthmScore": 332.07
    },
    {
        "case_id": "2509",
        "case_type": "树结构",
        "debugScore": 89.65,
        "firstConsScore": 162.38,
        "algorthmScore": 268.42
    },
    {
        "case_id": "2605",
        "case_type": "树结构",
        "debugScore": 731.75,
        "firstConsScore": 137.94,
        "algorthmScore": 243.79
    },
    {
        "case_id": "2549",
        "case_type": "树结构",
        "debugScore": 1311.24,
        "firstConsScore": 107.14,
        "algorthmScore": 274.54
    },
    {
        "case_id": "2648",
        "case_type": "树结构",
        "debugScore": 597.29,
        "firstConsScore": 81.13,
        "algorthmScore": 165.53
    },
    {
        "case_id": "2540",
        "case_type": "树结构",
        "debugScore": 815.23,
        "firstConsScore": 121.09,
        "algorthmScore": 246.65
    },
    {
        "case_id": "2660",
        "case_type": "树结构",
        "debugScore": 107.68,
        "firstConsScore": 181.75,
        "algorthmScore": 289.72
    },
    {
        "case_id": "2382",
        "case_type": "树结构",
        "debugScore": 824.4,
        "firstConsScore": 94.07,
        "algorthmScore": 261.35
    },
    {
        "case_id": "2416",
        "case_type": "树结构",
        "debugScore": 218.89,
        "firstConsScore": 167.19,
        "algorthmScore": 221.25
    },
    {
        "case_id": "2636",
        "case_type": "树结构",
        "debugScore": 1029.05,
        "firstConsScore": 97.63,
        "algorthmScore": 312.48
    },
    {
        "case_id": "2657",
        "case_type": "树结构",
        "debugScore": 920.47,
        "firstConsScore": 124.41,
        "algorthmScore": 326.12
    },
    {
        "case_id": "2633",
        "case_type": "树结构",
        "debugScore": 659.8,
        "firstConsScore": 93.62,
        "algorthmScore": 270.9
    },
    {
        "case_id": "2699",
        "case_type": "树结构",
        "debugScore": 599.03,
        "firstConsScore": 154.53,
        "algorthmScore": 312.33
    },
    {
        "case_id": "2599",
        "case_type": "树结构",
        "debugScore": 852.89,
        "firstConsScore": 123.12,
        "algorthmScore": 320.27
    },
    {
        "case_id": "2632",
        "case_type": "树结构",
        "debugScore": 736.96,
        "firstConsScore": 128.76,
        "algorthmScore": 296.82
    },
    {
        "case_id": "2654",
        "case_type": "树结构",
        "debugScore": 1370.72,
        "firstConsScore": 128.56,
        "algorthmScore": 181.94
    },
    {
        "case_id": "2598",
        "case_type": "树结构",
        "debugScore": 95.29,
        "firstConsScore": 182.78,
        "algorthmScore": 283.25
    },
    {
        "case_id": "2631",
        "case_type": "树结构",
        "debugScore": 593.61,
        "firstConsScore": 99.27,
        "algorthmScore": 261.36
    },
    {
        "case_id": "2697",
        "case_type": "树结构",
        "debugScore": 1007.3,
        "firstConsScore": 81.24,
        "algorthmScore": 189.42
    },
    {
        "case_id": "2696",
        "case_type": "树结构",
        "debugScore": 95.8,
        "firstConsScore": 237.51,
        "algorthmScore": 233.6
    },
    {
        "case_id": "2355",
        "case_type": "树结构",
        "debugScore": 665.25,
        "firstConsScore": 99.81,
        "algorthmScore": 177.86
    },
    {
        "case_id": "2695",
        "case_type": "树结构",
        "debugScore": 860.65,
        "firstConsScore": 108.63,
        "algorthmScore": 206.44
    },
    {
        "case_id": "2398",
        "case_type": "树结构",
        "debugScore": 759.65,
        "firstConsScore": 90.19,
        "algorthmScore": 185.78
    },
    {
        "case_id": "2638",
        "case_type": "树结构",
        "debugScore": 103.09,
        "firstConsScore": 198.9,
        "algorthmScore": 140.42
    }
]