[
    {
        "case_id": "2870",
        "case_type": "数组",
        "debugScore": 102.62,
        "firstConsScore": 206.51,
        "algorthmScore": 149.93
    },
    {
        "case_id": "2374",
        "case_type": "数组",
        "debugScore": 92.51,
        "firstConsScore": 349.65,
        "algorthmScore": 160.09
    },
    {
        "case_id": "2393",
        "case_type": "数组",
        "debugScore": 98.88,
        "firstConsScore": 201.31,
        "algorthmScore": 106.06
    },
    {
        "case_id": "2470",
        "case_type": "数组",
        "debugScore": 83.34,
        "firstConsScore": 345.38,
        "algorthmScore": 307.9
    },
    {
        "case_id": "2867",
        "case_type": "数组",
        "debugScore": 79.5,
        "firstConsScore": 242.54,
        "algorthmScore": 192.74
    },
    {
        "case_id": "2845",
        "case_type": "数组",
        "debugScore": 503.34,
        "firstConsScore": 238.8,
        "algorthmScore": 235.03
    },
    {
        "case_id": "2823",
        "case_type": "数组",
        "debugScore": 469.99,
        "firstConsScore": 85.21,
        "algorthmScore": 284.47
    },
    {
        "case_id": "2844",
        "case_type": "数组",
        "debugScore": 419.66,
        "firstConsScore": 222.92,
        "algorthmScore": 161.77
    },
    {
        "case_id": "2866",
        "case_type": "数组",
        "debugScore": 686.26,
        "firstConsScore": 113.98,
        "algorthmScore": 246.88
    },
    {
        "case_id": "2865",
        "case_type": "数组",
        "debugScore": 75.41,
        "firstConsScore": 254.08,
        "algorthmScore": 229.84
    },
    {
        "case_id": "2469",
        "case_type": "数组",
        "debugScore": 103.45,
        "firstConsScore": 240.88,
        "algorthmScore": 268.69
    },
    {
        "case_id": "2843",
        "case_type": "数组",
        "debugScore": 848.65,
        "firstConsScore": 98.03,
        "algorthmScore": 192.55
    },
    {
        "case_id": "2864",
        "case_type": "数组",
        "debugScore": 512.98,
        "firstConsScore": 244.52,
        "algorthmScore": 151.88
    },
    {
        "case_id": "2842",
        "case_type": "数组",
        "debugScore": 673.07,
        "firstConsScore": 129.72,
        "algorthmScore": 307.69
    },
    {
        "case_id": "2863",
        "case_type": "数组",
        "debugScore": 84.28,
        "firstConsScore": 301.3,
        "algorthmScore": 303.53
    },
    {
        "case_id": "2840",
        "case_type": "数组",
        "debugScore": 80.88,
        "firstConsScore": 268.36,
        "algorthmScore": 235.8
    },
    {
        "case_id": "2861",
        "case_type": "数组",
        "debugScore": 79.57,
        "firstConsScore": 265.33,
        "algorthmScore": 194.39
    },
    {
        "case_id": "2849",
        "case_type": "数组",
        "debugScore": 90.72,
        "firstConsScore": 199.18,
        "algorthmScore": 158.82
    },
    {
        "case_id": "2848",
        "case_type": "数组",
        "debugScore": 218.6,
        "firstConsScore": 299.4,
        "algorthmScore": 229.09
    },
    {
        "case_id": "2868",
        "case_type": "数组",
        "debugScore": 738.34,
        "firstConsScore": 217.36,
        "algorthmScore": 219.21
    },
    {
        "case_id": "2824",
        "case_type": "数组",
        "debugScore": 89.12,
        "firstConsScore": 218.91,
        "algorthmScore": 214.57
    },
    {
        "case_id": "2384",
        "case_type": "数组",
        "debugScore": 97.01,
        "firstConsScore": 261.86,
        "algorthmScore": 313.7
    },
    {
        "case_id": "2834",
        "case_type": "数组",
        "debugScore": 82.17,
        "firstConsScore": 210.71,
        "algorthmScore": 235.03
    },
    {
        "case_id": "2877",
        "case_type": "数组",
        "debugScore": 81.19,
        "firstConsScore": 190.54,
        "algorthmScore": 143.39
    },
    {
        "case_id": "2855",
        "case_type": "数组",
        "debugScore": 79.92,
        "firstConsScore": 246.21,
        "algorthmScore": 118.55
    },
    {
        "case_id": "2854",
        "case_type": "数组",
        "debugScore": 902.4,
        "firstConsScore": 216.17,
        "algorthmScore": 277.25
    },
    {
        "case_id": "2832",
        "case_type": "数组",
        "debugScore": 84.17,
        "firstConsScore": 277.87,
        "algorthmScore": 213.58
    },
    {
        "case_id": "2875",
        "case_type": "数组",
        "debugScore": 74.56,
        "firstConsScore": 245.18,
        "algorthmScore": 177.78
    },
    {
        "case_id": "2831",
        "case_type": "数组",
        "debugScore": 89.78,
        "firstConsScore": 181.25,
        "algorthmScore": 123.98
    },
    {
        "case_id": "2853",
        "case_type": "数组",
        "debugScore": 106.45,
        "firstConsScore": 288.08,
        "algorthmScore": 213.74
    },
    {
        "case_id": "2830",
        "case_type": "数组",
        "debugScore": 84.13,
        "firstConsScore": 195.07,
        "algorthmScore": 150.98
    },
    {
        "case_id": "2852",
        "case_type": "数组",
        "debugScore": 296.77,
        "firstConsScore": 207.67,
        "algorthmScore": 209.14
    },
    {
        "case_id": "2873",
        "case_type": "数组",
        "debugScore": 81.47,
        "firstConsScore": 312.71,
        "algorthmScore": 251.49
    },
    {
        "case_id": "2851",
        "case_type": "数组",
        "debugScore": 96.63,
        "firstConsScore": 307.61,
        "algorthmScore": 284.67
    },
    {
        "case_id": "2872",
        "case_type": "数组",
        "debugScore": 86.13,
        "firstConsScore": 309.95,
        "algorthmScore": 244.81
    },
    {
        "case_id": "2850",
        "case_type": "数组",
        "debugScore": 84.73,
        "firstConsScore": 330.03,
        "algorthmScore": 205.09
    },
    {
        "case_id": "2819",
        "case_type": "数组",
        "debugScore": 118.65,
        "firstConsScore": 280.04,
        "algorthmScore": 143.95
    },
    {
        "case_id": "2838",
        "case_type": "数组",
        "debugScore": 145.68,
        "firstConsScore": 325.21,
        "algorthmScore": 238.46
    },
    {
        "case_id": "2859",
        "case_type": "数组",
        "debugScore": 1003.24,
        "firstConsScore": 159.9,
        "algorthmScore": 136.58
    },
    {
        "case_id": "2837",
        "case_type": "数组",
        "debugScore": 79.15,
        "firstConsScore": 237.87,
        "algorthmScore": 144.88
    },
    {
        "case_id": "2815",
        "case_type": "数组",
        "debugScore": 130.78,
        "firstConsScore": 274.23,
        "algorthmScore": 53.26
    },
    {
        "case_id": "2836",
        "case_type": "数组",
        "debugScore": 97.01,
        "firstConsScore": 203.06,
        "algorthmScore": 130.78
    },
    {
        "case_id": "2858",
        "case_type": "数组",
        "debugScore": 959.56,
        "firstConsScore": 190.47,
        "algorthmScore": 174.92
    },
    {
        "case_id": "2835",
        "case_type": "数组",
        "debugScore": 635.73,
        "firstConsScore": 208.63,
        "algorthmScore": 160.23
    },
    {
        "case_id": "2857",
        "case_type": "数组",
        "debugScore": 301.07,
        "firstConsScore": 150.64,
        "algorthmScore": 199.97
    }
]