[
    {
        "case_id": "2870",
        "case_type": "数组",
        "debugScore": 102.62,
        "firstConsScore": 232.14,
        "algorthmScore": 168.05
    },
    {
        "case_id": "2374",
        "case_type": "数组",
        "debugScore": 468.77,
        "firstConsScore": 204.51,
        "algorthmScore": 245.51
    },
    {
        "case_id": "2393",
        "case_type": "数组",
        "debugScore": 98.88,
        "firstConsScore": 410.47,
        "algorthmScore": 354.8
    },
    {
        "case_id": "2470",
        "case_type": "数组",
        "debugScore": 83.34,
        "firstConsScore": 469.92,
        "algorthmScore": 354.46
    },
    {
        "case_id": "2867",
        "case_type": "数组",
        "debugScore": 79.5,
        "firstConsScore": 215.34,
        "algorthmScore": 137.33
    },
    {
        "case_id": "2845",
        "case_type": "数组",
        "debugScore": 160.64,
        "firstConsScore": 302.51,
        "algorthmScore": 253.03
    },
    {
        "case_id": "2823",
        "case_type": "数组",
        "debugScore": 425.46,
        "firstConsScore": 323.14,
        "algorthmScore": 302.29
    },
    {
        "case_id": "2844",
        "case_type": "数组",
        "debugScore": 545.76,
        "firstConsScore": 228.41,
        "algorthmScore": 226.69
    },
    {
        "case_id": "2866",
        "case_type": "数组",
        "debugScore": 82.82,
        "firstConsScore": 352.72,
        "algorthmScore": 223.33
    },
    {
        "case_id": "2865",
        "case_type": "数组",
        "debugScore": 75.41,
        "firstConsScore": 273.83,
        "algorthmScore": 252.19
    },
    {
        "case_id": "2843",
        "case_type": "数组",
        "debugScore": 1063.67,
        "firstConsScore": 201.41,
        "algorthmScore": 192.46
    },
    {
        "case_id": "2469",
        "case_type": "数组",
        "debugScore": 103.45,
        "firstConsScore": 388.85,
        "algorthmScore": 357.7
    },
    {
        "case_id": "2864",
        "case_type": "数组",
        "debugScore": 582.42,
        "firstConsScore": 249.83,
        "algorthmScore": 249.15
    },
    {
        "case_id": "2842",
        "case_type": "数组",
        "debugScore": 108.29,
        "firstConsScore": 457.45,
        "algorthmScore": 278.6
    },
    {
        "case_id": "2863",
        "case_type": "数组",
        "debugScore": 879.64,
        "firstConsScore": 261.41,
        "algorthmScore": 278.33
    },
    {
        "case_id": "2840",
        "case_type": "数组",
        "debugScore": 1417.51,
        "firstConsScore": 272.43,
        "algorthmScore": 248.07
    },
    {
        "case_id": "2861",
        "case_type": "数组",
        "debugScore": 959.78,
        "firstConsScore": 299.32,
        "algorthmScore": 280.46
    },
    {
        "case_id": "2849",
        "case_type": "数组",
        "debugScore": 90.72,
        "firstConsScore": 275.98,
        "algorthmScore": 285.71
    },
    {
        "case_id": "2848",
        "case_type": "数组",
        "debugScore": 85.23,
        "firstConsScore": 301.24,
        "algorthmScore": 267.02
    },
    {
        "case_id": "2868",
        "case_type": "数组",
        "debugScore": 88.1,
        "firstConsScore": 383.72,
        "algorthmScore": 252.75
    },
    {
        "case_id": "2824",
        "case_type": "数组",
        "debugScore": 1126.77,
        "firstConsScore": 300.13,
        "algorthmScore": 320.76
    },
    {
        "case_id": "2384",
        "case_type": "数组",
        "debugScore": 97.01,
        "firstConsScore": 371.64,
        "algorthmScore": 249.11
    },
    {
        "case_id": "2834",
        "case_type": "数组",
        "debugScore": 82.17,
        "firstConsScore": 370.74,
        "algorthmScore": 263.48
    },
    {
        "case_id": "2877",
        "case_type": "数组",
        "debugScore": 81.19,
        "firstConsScore": 297.55,
        "algorthmScore": 260.69
    },
    {
        "case_id": "2855",
        "case_type": "数组",
        "debugScore": 79.92,
        "firstConsScore": 349.29,
        "algorthmScore": 283.54
    },
    {
        "case_id": "2854",
        "case_type": "数组",
        "debugScore": 109.05,
        "firstConsScore": 303.46,
        "algorthmScore": 255.16
    },
    {
        "case_id": "2832",
        "case_type": "数组",
        "debugScore": 276.87,
        "firstConsScore": 285.78,
        "algorthmScore": 239.71
    },
    {
        "case_id": "2875",
        "case_type": "数组",
        "debugScore": 74.56,
        "firstConsScore": 320.0,
        "algorthmScore": 302.68
    },
    {
        "case_id": "2831",
        "case_type": "数组",
        "debugScore": 89.78,
        "firstConsScore": 190.87,
        "algorthmScore": 124.15
    },
    {
        "case_id": "2853",
        "case_type": "数组",
        "debugScore": 106.45,
        "firstConsScore": 354.2,
        "algorthmScore": 286.89
    },
    {
        "case_id": "2830",
        "case_type": "数组",
        "debugScore": 369.68,
        "firstConsScore": 354.11,
        "algorthmScore": 280.6
    },
    {
        "case_id": "2852",
        "case_type": "数组",
        "debugScore": 92.08,
        "firstConsScore": 409.82,
        "algorthmScore": 278.07
    },
    {
        "case_id": "2873",
        "case_type": "数组",
        "debugScore": 81.47,
        "firstConsScore": 335.44,
        "algorthmScore": 268.52
    },
    {
        "case_id": "2851",
        "case_type": "数组",
        "debugScore": 96.63,
        "firstConsScore": 340.72,
        "algorthmScore": 306.09
    },
    {
        "case_id": "2872",
        "case_type": "数组",
        "debugScore": 86.13,
        "firstConsScore": 331.66,
        "algorthmScore": 256.47
    },
    {
        "case_id": "2850",
        "case_type": "数组",
        "debugScore": 638.81,
        "firstConsScore": 186.49,
        "algorthmScore": 254.9
    },
    {
        "case_id": "2819",
        "case_type": "数组",
        "debugScore": 109.67,
        "firstConsScore": 336.56,
        "algorthmScore": 304.35
    },
    {
        "case_id": "2838",
        "case_type": "数组",
        "debugScore": 77.66,
        "firstConsScore": 362.99,
        "algorthmScore": 257.61
    },
    {
        "case_id": "2859",
        "case_type": "数组",
        "debugScore": 83.97,
        "firstConsScore": 256.9,
        "algorthmScore": 145.63
    },
    {
        "case_id": "2837",
        "case_type": "数组",
        "debugScore": 79.15,
        "firstConsScore": 361.54,
        "algorthmScore": 356.52
    },
    {
        "case_id": "2815",
        "case_type": "数组",
        "debugScore": 82.82,
        "firstConsScore": 350.47,
        "algorthmScore": 271.24
    },
    {
        "case_id": "2836",
        "case_type": "数组",
        "debugScore": 1265.48,
        "firstConsScore": 257.89,
        "algorthmScore": 251.24
    },
    {
        "case_id": "2858",
        "case_type": "数组",
        "debugScore": 978.97,
        "firstConsScore": 243.14,
        "algorthmScore": 278.4
    },
    {
        "case_id": "2835",
        "case_type": "数组",
        "debugScore": 369.86,
        "firstConsScore": 238.01,
        "algorthmScore": 154.25
    },
    {
        "case_id": "2857",
        "case_type": "数组",
        "debugScore": 342.43,
        "firstConsScore": 174.07,
        "algorthmScore": 292.77
    }
]