[
    {
        "case_id": "2650",
        "case_type": "树结构",
        "debugScore": 103.37,
        "firstConsScore": 197.66,
        "algorthmScore": 299.88
    },
    {
        "case_id": "2353",
        "case_type": "树结构",
        "debugScore": 95.88,
        "firstConsScore": 224.1,
        "algorthmScore": 329.87
    },
    {
        "case_id": "2397",
        "case_type": "树结构",
        "debugScore": 135.7,
        "firstConsScore": 245.56,
        "algorthmScore": 398.63
    },
    {
        "case_id": "2600",
        "case_type": "树结构",
        "debugScore": 114.11,
        "firstConsScore": 223.41,
        "algorthmScore": 304.24
    },
    {
        "case_id": "2400",
        "case_type": "树结构",
        "debugScore": 133.94,
        "firstConsScore": 184.69,
        "algorthmScore": 371.29
    },
    {
        "case_id": "2509",
        "case_type": "树结构",
        "debugScore": 89.65,
        "firstConsScore": 165.44,
        "algorthmScore": 280.44
    },
    {
        "case_id": "2605",
        "case_type": "树结构",
        "debugScore": 725.79,
        "firstConsScore": 84.76,
        "algorthmScore": 243.22
    },
    {
        "case_id": "2549",
        "case_type": "树结构",
        "debugScore": 95.72,
        "firstConsScore": 178.93,
        "algorthmScore": 285.37
    },
    {
        "case_id": "2648",
        "case_type": "树结构",
        "debugScore": 101.08,
        "firstConsScore": 225.67,
        "algorthmScore": 282.83
    },
    {
        "case_id": "2660",
        "case_type": "树结构",
        "debugScore": 107.68,
        "firstConsScore": 163.15,
        "algorthmScore": 314.94
    },
    {
        "case_id": "2382",
        "case_type": "树结构",
        "debugScore": 94.56,
        "firstConsScore": 160.38,
        "algorthmScore": 148.7
    },
    {
        "case_id": "2416",
        "case_type": "树结构",
        "debugScore": 229.09,
        "firstConsScore": 172.99,
        "algorthmScore": 244.36
    },
    {
        "case_id": "2636",
        "case_type": "树结构",
        "debugScore": 109.29,
        "firstConsScore": 175.14,
        "algorthmScore": 324.93
    },
    {
        "case_id": "2657",
        "case_type": "树结构",
        "debugScore": 207.7,
        "firstConsScore": 117.75,
        "algorthmScore": 261.05
    },
    {
        "case_id": "2633",
        "case_type": "树结构",
        "debugScore": 347.29,
        "firstConsScore": 155.31,
        "algorthmScore": 269.14
    },
    {
        "case_id": "2699",
        "case_type": "树结构",
        "debugScore": 119.51,
        "firstConsScore": 158.74,
        "algorthmScore": 322.53
    },
    {
        "case_id": "2632",
        "case_type": "树结构",
        "debugScore": 116.46,
        "firstConsScore": 201.88,
        "algorthmScore": 305.89
    },
    {
        "case_id": "2654",
        "case_type": "树结构",
        "debugScore": 110.29,
        "firstConsScore": 159.56,
        "algorthmScore": 314.57
    },
    {
        "case_id": "2598",
        "case_type": "树结构",
        "debugScore": 95.29,
        "firstConsScore": 181.33,
        "algorthmScore": 284.14
    },
    {
        "case_id": "2631",
        "case_type": "树结构",
        "debugScore": 90.08,
        "firstConsScore": 222.73,
        "algorthmScore": 280.88
    },
    {
        "case_id": "2697",
        "case_type": "树结构",
        "debugScore": 96.64,
        "firstConsScore": 191.5,
        "algorthmScore": 385.15
    },
    {
        "case_id": "2696",
        "case_type": "树结构",
        "debugScore": 174.35,
        "firstConsScore": 201.17,
        "algorthmScore": 355.99
    },
    {
        "case_id": "2355",
        "case_type": "树结构",
        "debugScore": 129.65,
        "firstConsScore": 256.96,
        "algorthmScore": 334.8
    },
    {
        "case_id": "2695",
        "case_type": "树结构",
        "debugScore": 113.57,
        "firstConsScore": 126.86,
        "algorthmScore": 260.88
    },
    {
        "case_id": "2398",
        "case_type": "树结构",
        "debugScore": 91.47,
        "firstConsScore": 242.17,
        "algorthmScore": 434.22
    },
    {
        "case_id": "2638",
        "case_type": "树结构",
        "debugScore": 103.09,
        "firstConsScore": 195.96,
        "algorthmScore": 288.39
    }
]