[
    {
        "case_id": "2870",
        "case_type": "数组",
        "debugScore": 102.62,
        "firstConsScore": 185.38,
        "algorthmScore": 264.77
    },
    {
        "case_id": "2374",
        "case_type": "数组",
        "debugScore": 92.51,
        "firstConsScore": 331.99,
        "algorthmScore": 261.02
    },
    {
        "case_id": "2393",
        "case_type": "数组",
        "debugScore": 98.88,
        "firstConsScore": 145.82,
        "algorthmScore": 192.73
    },
    {
        "case_id": "2470",
        "case_type": "数组",
        "debugScore": 83.34,
        "firstConsScore": 288.84,
        "algorthmScore": 236.74
    },
    {
        "case_id": "2867",
        "case_type": "数组",
        "debugScore": 79.5,
        "firstConsScore": 214.31,
        "algorthmScore": 288.67
    },
    {
        "case_id": "2845",
        "case_type": "数组",
        "debugScore": 160.64,
        "firstConsScore": 209.98,
        "algorthmScore": 272.35
    },
    {
        "case_id": "2823",
        "case_type": "数组",
        "debugScore": 111.08,
        "firstConsScore": 90.18,
        "algorthmScore": 226.59
    },
    {
        "case_id": "2844",
        "case_type": "数组",
        "debugScore": 111.52,
        "firstConsScore": 211.11,
        "algorthmScore": 216.59
    },
    {
        "case_id": "2866",
        "case_type": "数组",
        "debugScore": 82.82,
        "firstConsScore": 195.55,
        "algorthmScore": 215.73
    },
    {
        "case_id": "2865",
        "case_type": "数组",
        "debugScore": 75.41,
        "firstConsScore": 207.85,
        "algorthmScore": 270.68
    },
    {
        "case_id": "2843",
        "case_type": "数组",
        "debugScore": 77.99,
        "firstConsScore": 191.74,
        "algorthmScore": 242.95
    },
    {
        "case_id": "2469",
        "case_type": "数组",
        "debugScore": 103.45,
        "firstConsScore": 201.14,
        "algorthmScore": 242.37
    },
    {
        "case_id": "2864",
        "case_type": "数组",
        "debugScore": 114.6,
        "firstConsScore": 138.6,
        "algorthmScore": 234.04
    },
    {
        "case_id": "2842",
        "case_type": "数组",
        "debugScore": 108.29,
        "firstConsScore": 250.47,
        "algorthmScore": 307.53
    },
    {
        "case_id": "2863",
        "case_type": "数组",
        "debugScore": 84.28,
        "firstConsScore": 151.78,
        "algorthmScore": 171.17
    },
    {
        "case_id": "2840",
        "case_type": "数组",
        "debugScore": 80.88,
        "firstConsScore": 188.43,
        "algorthmScore": 235.67
    },
    {
        "case_id": "2861",
        "case_type": "数组",
        "debugScore": 79.57,
        "firstConsScore": 172.04,
        "algorthmScore": 241.2
    },
    {
        "case_id": "2849",
        "case_type": "数组",
        "debugScore": 90.72,
        "firstConsScore": 204.43,
        "algorthmScore": 253.08
    },
    {
        "case_id": "2848",
        "case_type": "数组",
        "debugScore": 85.23,
        "firstConsScore": 224.6,
        "algorthmScore": 259.24
    },
    {
        "case_id": "2868",
        "case_type": "数组",
        "debugScore": 88.1,
        "firstConsScore": 189.76,
        "algorthmScore": 245.6
    },
    {
        "case_id": "2824",
        "case_type": "数组",
        "debugScore": 89.12,
        "firstConsScore": 171.71,
        "algorthmScore": 178.35
    },
    {
        "case_id": "2384",
        "case_type": "数组",
        "debugScore": 97.01,
        "firstConsScore": 218.37,
        "algorthmScore": 269.64
    },
    {
        "case_id": "2834",
        "case_type": "数组",
        "debugScore": 82.17,
        "firstConsScore": 174.67,
        "algorthmScore": 262.83
    },
    {
        "case_id": "2855",
        "case_type": "数组",
        "debugScore": 79.92,
        "firstConsScore": 206.24,
        "algorthmScore": 207.14
    },
    {
        "case_id": "2877",
        "case_type": "数组",
        "debugScore": 81.19,
        "firstConsScore": 200.0,
        "algorthmScore": 281.84
    },
    {
        "case_id": "2854",
        "case_type": "数组",
        "debugScore": 88.3,
        "firstConsScore": 147.11,
        "algorthmScore": 202.39
    },
    {
        "case_id": "2832",
        "case_type": "数组",
        "debugScore": 84.17,
        "firstConsScore": 210.05,
        "algorthmScore": 248.93
    },
    {
        "case_id": "2875",
        "case_type": "数组",
        "debugScore": 74.56,
        "firstConsScore": 159.17,
        "algorthmScore": 101.9
    },
    {
        "case_id": "2831",
        "case_type": "数组",
        "debugScore": 89.78,
        "firstConsScore": 137.23,
        "algorthmScore": 123.46
    },
    {
        "case_id": "2853",
        "case_type": "数组",
        "debugScore": 106.45,
        "firstConsScore": 176.54,
        "algorthmScore": 244.37
    },
    {
        "case_id": "2830",
        "case_type": "数组",
        "debugScore": 84.13,
        "firstConsScore": 180.24,
        "algorthmScore": 247.71
    },
    {
        "case_id": "2852",
        "case_type": "数组",
        "debugScore": 92.08,
        "firstConsScore": 195.4,
        "algorthmScore": 196.53
    },
    {
        "case_id": "2873",
        "case_type": "数组",
        "debugScore": 81.47,
        "firstConsScore": 201.65,
        "algorthmScore": 196.77
    },
    {
        "case_id": "2851",
        "case_type": "数组",
        "debugScore": 96.63,
        "firstConsScore": 150.77,
        "algorthmScore": 149.48
    },
    {
        "case_id": "2872",
        "case_type": "数组",
        "debugScore": 86.13,
        "firstConsScore": 202.27,
        "algorthmScore": 256.5
    },
    {
        "case_id": "2850",
        "case_type": "数组",
        "debugScore": 84.73,
        "firstConsScore": 218.09,
        "algorthmScore": 179.32
    },
    {
        "case_id": "2819",
        "case_type": "数组",
        "debugScore": 109.67,
        "firstConsScore": 197.51,
        "algorthmScore": 283.72
    },
    {
        "case_id": "2838",
        "case_type": "数组",
        "debugScore": 77.66,
        "firstConsScore": 183.28,
        "algorthmScore": 264.0
    },
    {
        "case_id": "2859",
        "case_type": "数组",
        "debugScore": 83.97,
        "firstConsScore": 214.86,
        "algorthmScore": 275.77
    },
    {
        "case_id": "2837",
        "case_type": "数组",
        "debugScore": 79.15,
        "firstConsScore": 197.56,
        "algorthmScore": 195.23
    },
    {
        "case_id": "2815",
        "case_type": "数组",
        "debugScore": 82.82,
        "firstConsScore": 175.1,
        "algorthmScore": 273.5
    },
    {
        "case_id": "2836",
        "case_type": "数组",
        "debugScore": 97.01,
        "firstConsScore": 175.52,
        "algorthmScore": 248.04
    },
    {
        "case_id": "2858",
        "case_type": "数组",
        "debugScore": 118.89,
        "firstConsScore": 169.7,
        "algorthmScore": 181.25
    },
    {
        "case_id": "2835",
        "case_type": "数组",
        "debugScore": 90.2,
        "firstConsScore": 130.28,
        "algorthmScore": 110.63
    },
    {
        "case_id": "2857",
        "case_type": "数组",
        "debugScore": 145.1,
        "firstConsScore": 450.05,
        "algorthmScore": 283.22
    }
]