[
    {
        "case_id": "2473",
        "case_type": "线性表",
        "debugScore": 687.15,
        "firstConsScore": 95.22,
        "algorthmScore": 272.35
    },
    {
        "case_id": "2471",
        "case_type": "线性表",
        "debugScore": 75.55,
        "firstConsScore": 187.17,
        "algorthmScore": 210.32
    },
    {
        "case_id": "2691",
        "case_type": "线性表",
        "debugScore": 100.02,
        "firstConsScore": 239.77,
        "algorthmScore": 253.03
    },
    {
        "case_id": "2690",
        "case_type": "线性表",
        "debugScore": 305.02,
        "firstConsScore": 200.68,
        "algorthmScore": 315.48
    },
    {
        "case_id": "2590",
        "case_type": "线性表",
        "debugScore": 81.42,
        "firstConsScore": 251.86,
        "algorthmScore": 259.29
    },
    {
        "case_id": "2724",
        "case_type": "线性表",
        "debugScore": 96.42,
        "firstConsScore": 149.1,
        "algorthmScore": 263.96
    },
    {
        "case_id": "2646",
        "case_type": "线性表",
        "debugScore": 85.37,
        "firstConsScore": 214.45,
        "algorthmScore": 266.7
    },
    {
        "case_id": "2723",
        "case_type": "线性表",
        "debugScore": 85.66,
        "firstConsScore": 172.48,
        "algorthmScore": 250.5
    },
    {
        "case_id": "2722",
        "case_type": "线性表",
        "debugScore": 78.28,
        "firstConsScore": 162.76,
        "algorthmScore": 262.34
    },
    {
        "case_id": "2721",
        "case_type": "线性表",
        "debugScore": 82.94,
        "firstConsScore": 164.97,
        "algorthmScore": 225.5
    },
    {
        "case_id": "2487",
        "case_type": "线性表",
        "debugScore": 77.87,
        "firstConsScore": 204.48,
        "algorthmScore": 313.06
    },
    {
        "case_id": "2486",
        "case_type": "线性表",
        "debugScore": 91.37,
        "firstConsScore": 249.81,
        "algorthmScore": 304.63
    },
    {
        "case_id": "2761",
        "case_type": "线性表",
        "debugScore": 84.71,
        "firstConsScore": 181.82,
        "algorthmScore": 266.79
    },
    {
        "case_id": "2728",
        "case_type": "线性表",
        "debugScore": 86.84,
        "firstConsScore": 227.19,
        "algorthmScore": 279.68
    },
    {
        "case_id": "2727",
        "case_type": "线性表",
        "debugScore": 95.35,
        "firstConsScore": 255.17,
        "algorthmScore": 290.27
    },
    {
        "case_id": "2649",
        "case_type": "线性表",
        "debugScore": 84.85,
        "firstConsScore": 235.58,
        "algorthmScore": 273.74
    },
    {
        "case_id": "2725",
        "case_type": "线性表",
        "debugScore": 85.38,
        "firstConsScore": 213.65,
        "algorthmScore": 268.9
    },
    {
        "case_id": "2485",
        "case_type": "线性表",
        "debugScore": 77.05,
        "firstConsScore": 216.96,
        "algorthmScore": 262.22
    },
    {
        "case_id": "2760",
        "case_type": "线性表",
        "debugScore": 804.32,
        "firstConsScore": 120.75,
        "algorthmScore": 296.31
    },
    {
        "case_id": "2484",
        "case_type": "线性表",
        "debugScore": 93.92,
        "firstConsScore": 180.83,
        "algorthmScore": 262.2
    },
    {
        "case_id": "2560",
        "case_type": "线性表",
        "debugScore": 94.09,
        "firstConsScore": 224.83,
        "algorthmScore": 313.23
    },
    {
        "case_id": "2483",
        "case_type": "线性表",
        "debugScore": 100.28,
        "firstConsScore": 202.66,
        "algorthmScore": 286.89
    },
    {
        "case_id": "2559",
        "case_type": "线性表",
        "debugScore": 85.53,
        "firstConsScore": 190.6,
        "algorthmScore": 159.83
    },
    {
        "case_id": "2557",
        "case_type": "线性表",
        "debugScore": 78.13,
        "firstConsScore": 218.74,
        "algorthmScore": 207.14
    },
    {
        "case_id": "2755",
        "case_type": "线性表",
        "debugScore": 105.5,
        "firstConsScore": 240.16,
        "algorthmScore": 285.38
    },
    {
        "case_id": "2732",
        "case_type": "线性表",
        "debugScore": 77.69,
        "firstConsScore": 190.5,
        "algorthmScore": 284.74
    },
    {
        "case_id": "2336",
        "case_type": "线性表",
        "debugScore": 90.11,
        "firstConsScore": 343.09,
        "algorthmScore": 279.47
    },
    {
        "case_id": "2731",
        "case_type": "线性表",
        "debugScore": 92.02,
        "firstConsScore": 202.16,
        "algorthmScore": 204.64
    },
    {
        "case_id": "2730",
        "case_type": "线性表",
        "debugScore": 77.3,
        "firstConsScore": 177.89,
        "algorthmScore": 256.11
    },
    {
        "case_id": "2759",
        "case_type": "线性表",
        "debugScore": 82.68,
        "firstConsScore": 174.97,
        "algorthmScore": 277.78
    }
]