[
    {
        "case_id": "2650",
        "case_type": "树结构",
        "debugScore": 103.37,
        "firstConsScore": 194.46,
        "algorthmScore": 191.61
    },
    {
        "case_id": "2353",
        "case_type": "树结构",
        "debugScore": 714.64,
        "firstConsScore": 246.55,
        "algorthmScore": 287.57
    },
    {
        "case_id": "2660",
        "case_type": "树结构",
        "debugScore": 1401.32,
        "firstConsScore": 198.94,
        "algorthmScore": 311.91
    },
    {
        "case_id": "2382",
        "case_type": "树结构",
        "debugScore": 94.56,
        "firstConsScore": 244.89,
        "algorthmScore": 282.63
    },
    {
        "case_id": "2416",
        "case_type": "树结构",
        "debugScore": 136.26,
        "firstConsScore": 260.36,
        "algorthmScore": 295.89
    },
    {
        "case_id": "2636",
        "case_type": "树结构",
        "debugScore": 1039.3,
        "firstConsScore": 291.59,
        "algorthmScore": 247.77
    },
    {
        "case_id": "2657",
        "case_type": "树结构",
        "debugScore": 907.12,
        "firstConsScore": 208.55,
        "algorthmScore": 337.78
    },
    {
        "case_id": "2524",
        "case_type": "树结构",
        "debugScore": 657.7,
        "firstConsScore": 188.0,
        "algorthmScore": 221.5
    },
    {
        "case_id": "2633",
        "case_type": "树结构",
        "debugScore": 654.74,
        "firstConsScore": 185.09,
        "algorthmScore": 302.47
    },
    {
        "case_id": "2599",
        "case_type": "树结构",
        "debugScore": 168.51,
        "firstConsScore": 261.18,
        "algorthmScore": 200.97
    },
    {
        "case_id": "2632",
        "case_type": "树结构",
        "debugScore": 726.12,
        "firstConsScore": 174.68,
        "algorthmScore": 164.32
    },
    {
        "case_id": "2654",
        "case_type": "树结构",
        "debugScore": 95.82,
        "firstConsScore": 253.86,
        "algorthmScore": 317.6
    },
    {
        "case_id": "2598",
        "case_type": "树结构",
        "debugScore": 95.29,
        "firstConsScore": 244.09,
        "algorthmScore": 254.74
    },
    {
        "case_id": "2631",
        "case_type": "树结构",
        "debugScore": 615.9,
        "firstConsScore": 172.83,
        "algorthmScore": 242.68
    },
    {
        "case_id": "2697",
        "case_type": "树结构",
        "debugScore": 995.58,
        "firstConsScore": 186.99,
        "algorthmScore": 222.13
    },
    {
        "case_id": "2355",
        "case_type": "树结构",
        "debugScore": 688.57,
        "firstConsScore": 221.55,
        "algorthmScore": 321.65
    },
    {
        "case_id": "2695",
        "case_type": "树结构",
        "debugScore": 910.22,
        "firstConsScore": 222.66,
        "algorthmScore": 320.2
    },
    {
        "case_id": "2509",
        "case_type": "树结构",
        "debugScore": 1092.13,
        "firstConsScore": 185.13,
        "algorthmScore": 275.63
    },
    {
        "case_id": "2638",
        "case_type": "树结构",
        "debugScore": 973.1,
        "firstConsScore": 180.34,
        "algorthmScore": 308.26
    },
    {
        "case_id": "2549",
        "case_type": "树结构",
        "debugScore": 1302.26,
        "firstConsScore": 170.29,
        "algorthmScore": 148.39
    },
    {
        "case_id": "2648",
        "case_type": "树结构",
        "debugScore": 609.74,
        "firstConsScore": 179.39,
        "algorthmScore": 274.74
    }
]