[
    {
        "case_id": "2954",
        "case_type": "字符串",
        "debugScore": 119.33,
        "firstConsScore": 269.02,
        "algorthmScore": 300.07
    },
    {
        "case_id": "2975",
        "case_type": "字符串",
        "debugScore": 1020.52,
        "firstConsScore": 171.22,
        "algorthmScore": 230.2
    },
    {
        "case_id": "2942",
        "case_type": "字符串",
        "debugScore": 365.74,
        "firstConsScore": 80.69,
        "algorthmScore": 257.26
    },
    {
        "case_id": "2963",
        "case_type": "字符串",
        "debugScore": 122.46,
        "firstConsScore": 313.08,
        "algorthmScore": 303.13
    },
    {
        "case_id": "2974",
        "case_type": "字符串",
        "debugScore": 97.32,
        "firstConsScore": 188.22,
        "algorthmScore": 301.89
    },
    {
        "case_id": "2984",
        "case_type": "字符串",
        "debugScore": 848.25,
        "firstConsScore": 244.35,
        "algorthmScore": 213.38
    },
    {
        "case_id": "2961",
        "case_type": "字符串",
        "debugScore": 480.64,
        "firstConsScore": 58.07,
        "algorthmScore": 292.33
    },
    {
        "case_id": "2972",
        "case_type": "字符串",
        "debugScore": 109.77,
        "firstConsScore": 284.51,
        "algorthmScore": 281.07
    },
    {
        "case_id": "2981",
        "case_type": "字符串",
        "debugScore": 913.32,
        "firstConsScore": 92.97,
        "algorthmScore": 269.45
    },
    {
        "case_id": "2970",
        "case_type": "字符串",
        "debugScore": 111.67,
        "firstConsScore": 250.26,
        "algorthmScore": 325.8
    },
    {
        "case_id": "2969",
        "case_type": "字符串",
        "debugScore": 564.43,
        "firstConsScore": 80.94,
        "algorthmScore": 349.5
    },
    {
        "case_id": "2979",
        "case_type": "字符串",
        "debugScore": 93.76,
        "firstConsScore": 275.85,
        "algorthmScore": 249.19
    },
    {
        "case_id": "2946",
        "case_type": "字符串",
        "debugScore": 457.47,
        "firstConsScore": 93.65,
        "algorthmScore": 261.29
    },
    {
        "case_id": "2957",
        "case_type": "字符串",
        "debugScore": 122.3,
        "firstConsScore": 200.6,
        "algorthmScore": 173.77
    },
    {
        "case_id": "2968",
        "case_type": "字符串",
        "debugScore": 872.14,
        "firstConsScore": 128.57,
        "algorthmScore": 300.74
    },
    {
        "case_id": "2978",
        "case_type": "字符串",
        "debugScore": 679.6,
        "firstConsScore": 180.89,
        "algorthmScore": 224.18
    },
    {
        "case_id": "2945",
        "case_type": "字符串",
        "debugScore": 459.93,
        "firstConsScore": 89.88,
        "algorthmScore": 308.03
    },
    {
        "case_id": "2956",
        "case_type": "字符串",
        "debugScore": 106.37,
        "firstConsScore": 238.41,
        "algorthmScore": 305.73
    }
]