[
    {
        "case_id": "2473",
        "case_type": "线性表",
        "debugScore": 86.76,
        "firstConsScore": 396.01,
        "algorthmScore": 251.66
    },
    {
        "case_id": "2471",
        "case_type": "线性表",
        "debugScore": 75.55,
        "firstConsScore": 273.1,
        "algorthmScore": 165.75
    },
    {
        "case_id": "2691",
        "case_type": "线性表",
        "debugScore": 100.02,
        "firstConsScore": 391.31,
        "algorthmScore": 219.86
    },
    {
        "case_id": "2690",
        "case_type": "线性表",
        "debugScore": 139.87,
        "firstConsScore": 404.93,
        "algorthmScore": 233.03
    },
    {
        "case_id": "2590",
        "case_type": "线性表",
        "debugScore": 83.15,
        "firstConsScore": 266.22,
        "algorthmScore": 130.21
    },
    {
        "case_id": "2724",
        "case_type": "线性表",
        "debugScore": 96.42,
        "firstConsScore": 286.91,
        "algorthmScore": 167.63
    },
    {
        "case_id": "2646",
        "case_type": "线性表",
        "debugScore": 85.37,
        "firstConsScore": 330.94,
        "algorthmScore": 238.13
    },
    {
        "case_id": "2723",
        "case_type": "线性表",
        "debugScore": 85.66,
        "firstConsScore": 298.81,
        "algorthmScore": 181.46
    },
    {
        "case_id": "2722",
        "case_type": "线性表",
        "debugScore": 78.28,
        "firstConsScore": 337.13,
        "algorthmScore": 207.72
    },
    {
        "case_id": "2721",
        "case_type": "线性表",
        "debugScore": 82.94,
        "firstConsScore": 292.66,
        "algorthmScore": 159.84
    },
    {
        "case_id": "2487",
        "case_type": "线性表",
        "debugScore": 77.87,
        "firstConsScore": 286.61,
        "algorthmScore": 128.83
    },
    {
        "case_id": "2486",
        "case_type": "线性表",
        "debugScore": 91.37,
        "firstConsScore": 334.29,
        "algorthmScore": 184.94
    },
    {
        "case_id": "2761",
        "case_type": "线性表",
        "debugScore": 84.71,
        "firstConsScore": 336.89,
        "algorthmScore": 188.66
    },
    {
        "case_id": "2728",
        "case_type": "线性表",
        "debugScore": 86.84,
        "firstConsScore": 363.8,
        "algorthmScore": 209.24
    },
    {
        "case_id": "2649",
        "case_type": "线性表",
        "debugScore": 84.85,
        "firstConsScore": 236.93,
        "algorthmScore": 151.64
    },
    {
        "case_id": "2485",
        "case_type": "线性表",
        "debugScore": 77.05,
        "firstConsScore": 306.73,
        "algorthmScore": 185.84
    },
    {
        "case_id": "2760",
        "case_type": "线性表",
        "debugScore": 94.78,
        "firstConsScore": 302.4,
        "algorthmScore": 196.59
    },
    {
        "case_id": "2484",
        "case_type": "线性表",
        "debugScore": 93.92,
        "firstConsScore": 256.05,
        "algorthmScore": 150.52
    },
    {
        "case_id": "2560",
        "case_type": "线性表",
        "debugScore": 692.77,
        "firstConsScore": 243.38,
        "algorthmScore": 258.41
    },
    {
        "case_id": "2483",
        "case_type": "线性表",
        "debugScore": 54.45,
        "firstConsScore": 270.16,
        "algorthmScore": 192.28
    },
    {
        "case_id": "2559",
        "case_type": "线性表",
        "debugScore": 85.53,
        "firstConsScore": 275.53,
        "algorthmScore": 209.01
    },
    {
        "case_id": "2557",
        "case_type": "线性表",
        "debugScore": 81.3,
        "firstConsScore": 289.43,
        "algorthmScore": 205.21
    },
    {
        "case_id": "2755",
        "case_type": "线性表",
        "debugScore": 105.5,
        "firstConsScore": 354.6,
        "algorthmScore": 229.56
    },
    {
        "case_id": "2732",
        "case_type": "线性表",
        "debugScore": 77.69,
        "firstConsScore": 338.78,
        "algorthmScore": 240.0
    },
    {
        "case_id": "2336",
        "case_type": "线性表",
        "debugScore": 90.11,
        "firstConsScore": 475.05,
        "algorthmScore": 236.75
    },
    {
        "case_id": "2730",
        "case_type": "线性表",
        "debugScore": 77.3,
        "firstConsScore": 362.37,
        "algorthmScore": 223.04
    },
    {
        "case_id": "2759",
        "case_type": "线性表",
        "debugScore": 82.68,
        "firstConsScore": 336.78,
        "algorthmScore": 199.11
    }
]