[
    {
        "case_id": "2473",
        "case_type": "线性表",
        "debugScore": 86.76,
        "firstConsScore": 201.37,
        "algorthmScore": 251.87
    },
    {
        "case_id": "2471",
        "case_type": "线性表",
        "debugScore": 75.55,
        "firstConsScore": 182.63,
        "algorthmScore": 251.28
    },
    {
        "case_id": "2691",
        "case_type": "线性表",
        "debugScore": 100.02,
        "firstConsScore": 218.37,
        "algorthmScore": 291.96
    },
    {
        "case_id": "2690",
        "case_type": "线性表",
        "debugScore": 139.87,
        "firstConsScore": 257.78,
        "algorthmScore": 304.82
    },
    {
        "case_id": "2590",
        "case_type": "线性表",
        "debugScore": 83.15,
        "firstConsScore": 236.67,
        "algorthmScore": 246.02
    },
    {
        "case_id": "2724",
        "case_type": "线性表",
        "debugScore": 96.42,
        "firstConsScore": 104.79,
        "algorthmScore": 165.07
    },
    {
        "case_id": "2646",
        "case_type": "线性表",
        "debugScore": 85.37,
        "firstConsScore": 184.85,
        "algorthmScore": 179.33
    },
    {
        "case_id": "2723",
        "case_type": "线性表",
        "debugScore": 85.66,
        "firstConsScore": 143.19,
        "algorthmScore": 218.66
    },
    {
        "case_id": "2722",
        "case_type": "线性表",
        "debugScore": 78.28,
        "firstConsScore": 130.57,
        "algorthmScore": 213.65
    },
    {
        "case_id": "2721",
        "case_type": "线性表",
        "debugScore": 82.94,
        "firstConsScore": 128.45,
        "algorthmScore": 171.72
    },
    {
        "case_id": "2487",
        "case_type": "线性表",
        "debugScore": 258.99,
        "firstConsScore": 153.41,
        "algorthmScore": 230.82
    },
    {
        "case_id": "2486",
        "case_type": "线性表",
        "debugScore": 91.37,
        "firstConsScore": 223.67,
        "algorthmScore": 271.3
    },
    {
        "case_id": "2761",
        "case_type": "线性表",
        "debugScore": 84.71,
        "firstConsScore": 141.62,
        "algorthmScore": 173.14
    },
    {
        "case_id": "2728",
        "case_type": "线性表",
        "debugScore": 86.84,
        "firstConsScore": 200.91,
        "algorthmScore": 274.25
    },
    {
        "case_id": "2727",
        "case_type": "线性表",
        "debugScore": 95.35,
        "firstConsScore": 223.18,
        "algorthmScore": 242.51
    },
    {
        "case_id": "2649",
        "case_type": "线性表",
        "debugScore": 84.85,
        "firstConsScore": 221.4,
        "algorthmScore": 274.73
    },
    {
        "case_id": "2725",
        "case_type": "线性表",
        "debugScore": 85.38,
        "firstConsScore": 183.54,
        "algorthmScore": 258.85
    },
    {
        "case_id": "2485",
        "case_type": "线性表",
        "debugScore": 77.05,
        "firstConsScore": 201.68,
        "algorthmScore": 300.59
    },
    {
        "case_id": "2760",
        "case_type": "线性表",
        "debugScore": 94.78,
        "firstConsScore": 162.52,
        "algorthmScore": 210.5
    },
    {
        "case_id": "2484",
        "case_type": "线性表",
        "debugScore": 93.92,
        "firstConsScore": 140.68,
        "algorthmScore": 202.41
    },
    {
        "case_id": "2560",
        "case_type": "线性表",
        "debugScore": 94.09,
        "firstConsScore": 194.77,
        "algorthmScore": 257.51
    },
    {
        "case_id": "2483",
        "case_type": "线性表",
        "debugScore": 100.28,
        "firstConsScore": 159.17,
        "algorthmScore": 223.92
    },
    {
        "case_id": "2559",
        "case_type": "线性表",
        "debugScore": 85.53,
        "firstConsScore": 144.6,
        "algorthmScore": 124.52
    },
    {
        "case_id": "2557",
        "case_type": "线性表",
        "debugScore": 81.3,
        "firstConsScore": 191.68,
        "algorthmScore": 246.66
    },
    {
        "case_id": "2755",
        "case_type": "线性表",
        "debugScore": 105.5,
        "firstConsScore": 212.3,
        "algorthmScore": 236.34
    },
    {
        "case_id": "2732",
        "case_type": "线性表",
        "debugScore": 77.69,
        "firstConsScore": 149.1,
        "algorthmScore": 234.41
    },
    {
        "case_id": "2336",
        "case_type": "线性表",
        "debugScore": 90.11,
        "firstConsScore": 315.14,
        "algorthmScore": 253.57
    },
    {
        "case_id": "2731",
        "case_type": "线性表",
        "debugScore": 92.02,
        "firstConsScore": 196.4,
        "algorthmScore": 253.91
    },
    {
        "case_id": "2730",
        "case_type": "线性表",
        "debugScore": 77.3,
        "firstConsScore": 149.23,
        "algorthmScore": 230.22
    },
    {
        "case_id": "2759",
        "case_type": "线性表",
        "debugScore": 82.68,
        "firstConsScore": 136.25,
        "algorthmScore": 225.86
    }
]