[
    {
        "case_id": "2694",
        "case_type": "查找算法",
        "debugScore": 106.82,
        "firstConsScore": 226.01,
        "algorthmScore": 332.29
    },
    {
        "case_id": "2570",
        "case_type": "查找算法",
        "debugScore": 106.26,
        "firstConsScore": 222.58,
        "algorthmScore": 310.9
    },
    {
        "case_id": "2701",
        "case_type": "查找算法",
        "debugScore": 98.47,
        "firstConsScore": 196.3,
        "algorthmScore": 271.69
    },
    {
        "case_id": "2745",
        "case_type": "查找算法",
        "debugScore": 103.02,
        "firstConsScore": 220.52,
        "algorthmScore": 337.78
    },
    {
        "case_id": "2711",
        "case_type": "查找算法",
        "debugScore": 109.95,
        "firstConsScore": 283.37,
        "algorthmScore": 477.61
    },
    {
        "case_id": "2567",
        "case_type": "查找算法",
        "debugScore": 103.66,
        "firstConsScore": 261.06,
        "algorthmScore": 275.65
    },
    {
        "case_id": "2720",
        "case_type": "查找算法",
        "debugScore": 332.6,
        "firstConsScore": 174.66,
        "algorthmScore": 284.97
    },
    {
        "case_id": "2729",
        "case_type": "查找算法",
        "debugScore": 63.74,
        "firstConsScore": 277.64,
        "algorthmScore": 268.8
    },
    {
        "case_id": "2707",
        "case_type": "查找算法",
        "debugScore": 541.86,
        "firstConsScore": 154.12,
        "algorthmScore": 191.41
    },
    {
        "case_id": "2718",
        "case_type": "查找算法",
        "debugScore": 114.84,
        "firstConsScore": 211.79,
        "algorthmScore": 294.46
    },
    {
        "case_id": "2706",
        "case_type": "查找算法",
        "debugScore": 78.55,
        "firstConsScore": 304.55,
        "algorthmScore": 449.1
    },
    {
        "case_id": "2717",
        "case_type": "查找算法",
        "debugScore": 89.71,
        "firstConsScore": 237.58,
        "algorthmScore": 343.97
    },
    {
        "case_id": "2606",
        "case_type": "查找算法",
        "debugScore": 70.86,
        "firstConsScore": 220.41,
        "algorthmScore": 298.68
    },
    {
        "case_id": "2716",
        "case_type": "查找算法",
        "debugScore": 125.34,
        "firstConsScore": 292.64,
        "algorthmScore": 337.23
    },
    {
        "case_id": "2639",
        "case_type": "查找算法",
        "debugScore": 72.88,
        "firstConsScore": 193.05,
        "algorthmScore": 281.81
    },
    {
        "case_id": "2705",
        "case_type": "查找算法",
        "debugScore": 76.58,
        "firstConsScore": 206.47,
        "algorthmScore": 309.23
    },
    {
        "case_id": "2737",
        "case_type": "查找算法",
        "debugScore": 73.91,
        "firstConsScore": 236.1,
        "algorthmScore": 249.46
    },
    {
        "case_id": "2715",
        "case_type": "查找算法",
        "debugScore": 169.82,
        "firstConsScore": 215.4,
        "algorthmScore": 298.98
    },
    {
        "case_id": "2726",
        "case_type": "查找算法",
        "debugScore": 101.13,
        "firstConsScore": 196.01,
        "algorthmScore": 304.61
    },
    {
        "case_id": "2703",
        "case_type": "查找算法",
        "debugScore": 92.62,
        "firstConsScore": 201.87,
        "algorthmScore": 254.17
    }
]