[
    {
        "case_id": "2954",
        "case_type": "字符串",
        "debugScore": 500.42,
        "firstConsScore": 110.89,
        "algorthmScore": 298.19
    },
    {
        "case_id": "2975",
        "case_type": "字符串",
        "debugScore": 82.68,
        "firstConsScore": 245.08,
        "algorthmScore": 132.82
    },
    {
        "case_id": "2942",
        "case_type": "字符串",
        "debugScore": 371.01,
        "firstConsScore": 132.08,
        "algorthmScore": 272.56
    },
    {
        "case_id": "2974",
        "case_type": "字符串",
        "debugScore": 1185.37,
        "firstConsScore": 366.58,
        "algorthmScore": 148.87
    },
    {
        "case_id": "2963",
        "case_type": "字符串",
        "debugScore": 531.22,
        "firstConsScore": 75.2,
        "algorthmScore": 305.01
    },
    {
        "case_id": "2984",
        "case_type": "字符串",
        "debugScore": 185.78,
        "firstConsScore": 300.56,
        "algorthmScore": 236.48
    },
    {
        "case_id": "2961",
        "case_type": "字符串",
        "debugScore": 453.87,
        "firstConsScore": 205.48,
        "algorthmScore": 288.04
    },
    {
        "case_id": "2972",
        "case_type": "字符串",
        "debugScore": 372.24,
        "firstConsScore": 315.25,
        "algorthmScore": 271.65
    },
    {
        "case_id": "2969",
        "case_type": "字符串",
        "debugScore": 536.42,
        "firstConsScore": 121.62,
        "algorthmScore": 316.31
    },
    {
        "case_id": "2979",
        "case_type": "字符串",
        "debugScore": 448.94,
        "firstConsScore": 244.14,
        "algorthmScore": 147.51
    },
    {
        "case_id": "2946",
        "case_type": "字符串",
        "debugScore": 468.1,
        "firstConsScore": 162.07,
        "algorthmScore": 247.61
    },
    {
        "case_id": "2968",
        "case_type": "字符串",
        "debugScore": 107.61,
        "firstConsScore": 376.31,
        "algorthmScore": 242.89
    },
    {
        "case_id": "2957",
        "case_type": "字符串",
        "debugScore": 850.22,
        "firstConsScore": 168.69,
        "algorthmScore": 364.03
    },
    {
        "case_id": "2978",
        "case_type": "字符串",
        "debugScore": 278.03,
        "firstConsScore": 266.7,
        "algorthmScore": 270.58
    },
    {
        "case_id": "2956",
        "case_type": "字符串",
        "debugScore": 574.09,
        "firstConsScore": 380.91,
        "algorthmScore": 320.29
    },
    {
        "case_id": "2945",
        "case_type": "字符串",
        "debugScore": 452.07,
        "firstConsScore": 72.24,
        "algorthmScore": 269.5
    }
]