[
    {
        "case_id": "2473",
        "case_type": "线性表",
        "debugScore": 86.76,
        "firstConsScore": 340.66,
        "algorthmScore": 287.21
    },
    {
        "case_id": "2471",
        "case_type": "线性表",
        "debugScore": 75.55,
        "firstConsScore": 287.51,
        "algorthmScore": 222.16
    },
    {
        "case_id": "2691",
        "case_type": "线性表",
        "debugScore": 751.47,
        "firstConsScore": 226.24,
        "algorthmScore": 315.49
    },
    {
        "case_id": "2690",
        "case_type": "线性表",
        "debugScore": 458.1,
        "firstConsScore": 210.93,
        "algorthmScore": 269.92
    },
    {
        "case_id": "2590",
        "case_type": "线性表",
        "debugScore": 276.63,
        "firstConsScore": 281.06,
        "algorthmScore": 287.37
    },
    {
        "case_id": "2724",
        "case_type": "线性表",
        "debugScore": 3130.35,
        "firstConsScore": 283.45,
        "algorthmScore": 129.16
    },
    {
        "case_id": "2646",
        "case_type": "线性表",
        "debugScore": 710.48,
        "firstConsScore": 203.29,
        "algorthmScore": 245.67
    },
    {
        "case_id": "2723",
        "case_type": "线性表",
        "debugScore": 1171.77,
        "firstConsScore": 257.25,
        "algorthmScore": 208.48
    },
    {
        "case_id": "2722",
        "case_type": "线性表",
        "debugScore": 1711.6,
        "firstConsScore": 247.34,
        "algorthmScore": 247.85
    },
    {
        "case_id": "2721",
        "case_type": "线性表",
        "debugScore": 1760.36,
        "firstConsScore": 255.37,
        "algorthmScore": 287.56
    },
    {
        "case_id": "2487",
        "case_type": "线性表",
        "debugScore": 980.99,
        "firstConsScore": 211.27,
        "algorthmScore": 271.26
    },
    {
        "case_id": "2761",
        "case_type": "线性表",
        "debugScore": 84.71,
        "firstConsScore": 307.98,
        "algorthmScore": 278.03
    },
    {
        "case_id": "2486",
        "case_type": "线性表",
        "debugScore": 741.56,
        "firstConsScore": 183.69,
        "algorthmScore": 262.99
    },
    {
        "case_id": "2728",
        "case_type": "线性表",
        "debugScore": 716.98,
        "firstConsScore": 231.13,
        "algorthmScore": 293.86
    },
    {
        "case_id": "2727",
        "case_type": "线性表",
        "debugScore": 95.35,
        "firstConsScore": 391.88,
        "algorthmScore": 397.14
    },
    {
        "case_id": "2649",
        "case_type": "线性表",
        "debugScore": 707.03,
        "firstConsScore": 302.81,
        "algorthmScore": 212.73
    },
    {
        "case_id": "2725",
        "case_type": "线性表",
        "debugScore": 892.24,
        "firstConsScore": 263.79,
        "algorthmScore": 302.46
    },
    {
        "case_id": "2485",
        "case_type": "线性表",
        "debugScore": 808.89,
        "firstConsScore": 219.27,
        "algorthmScore": 291.14
    },
    {
        "case_id": "2760",
        "case_type": "线性表",
        "debugScore": 94.78,
        "firstConsScore": 309.78,
        "algorthmScore": 317.26
    },
    {
        "case_id": "2484",
        "case_type": "线性表",
        "debugScore": 732.98,
        "firstConsScore": 308.28,
        "algorthmScore": 325.66
    },
    {
        "case_id": "2560",
        "case_type": "线性表",
        "debugScore": 799.61,
        "firstConsScore": 244.0,
        "algorthmScore": 262.29
    },
    {
        "case_id": "2483",
        "case_type": "线性表",
        "debugScore": 1279.47,
        "firstConsScore": 290.02,
        "algorthmScore": 232.24
    },
    {
        "case_id": "2559",
        "case_type": "线性表",
        "debugScore": 82.01,
        "firstConsScore": 340.32,
        "algorthmScore": 327.08
    },
    {
        "case_id": "2557",
        "case_type": "线性表",
        "debugScore": 74.88,
        "firstConsScore": 311.29,
        "algorthmScore": 303.19
    },
    {
        "case_id": "2755",
        "case_type": "线性表",
        "debugScore": 561.11,
        "firstConsScore": 200.17,
        "algorthmScore": 306.08
    },
    {
        "case_id": "2732",
        "case_type": "线性表",
        "debugScore": 77.69,
        "firstConsScore": 307.22,
        "algorthmScore": 289.92
    },
    {
        "case_id": "2336",
        "case_type": "线性表",
        "debugScore": 446.26,
        "firstConsScore": 181.35,
        "algorthmScore": 344.16
    },
    {
        "case_id": "2731",
        "case_type": "线性表",
        "debugScore": 750.7,
        "firstConsScore": 251.08,
        "algorthmScore": 299.85
    },
    {
        "case_id": "2730",
        "case_type": "线性表",
        "debugScore": 1237.12,
        "firstConsScore": 232.33,
        "algorthmScore": 262.76
    },
    {
        "case_id": "2759",
        "case_type": "线性表",
        "debugScore": 82.68,
        "firstConsScore": 293.35,
        "algorthmScore": 232.64
    }
]