[
    {
        "case_id": "2092",
        "case_type": "数字操作",
        "debugScore": 346.26,
        "firstConsScore": 163.56,
        "algorthmScore": 302.71
    },
    {
        "case_id": "2276",
        "case_type": "数字操作",
        "debugScore": 103.29,
        "firstConsScore": 172.69,
        "algorthmScore": 259.0
    },
    {
        "case_id": "2275",
        "case_type": "数字操作",
        "debugScore": 402.51,
        "firstConsScore": 294.82,
        "algorthmScore": 334.56
    },
    {
        "case_id": "2330",
        "case_type": "数字操作",
        "debugScore": 87.82,
        "firstConsScore": 258.6,
        "algorthmScore": 235.15
    },
    {
        "case_id": "2250",
        "case_type": "数字操作",
        "debugScore": 366.08,
        "firstConsScore": 277.42,
        "algorthmScore": 228.78
    },
    {
        "case_id": "2370",
        "case_type": "数字操作",
        "debugScore": 98.06,
        "firstConsScore": 203.46,
        "algorthmScore": 189.45
    },
    {
        "case_id": "2403",
        "case_type": "数字操作",
        "debugScore": 79.94,
        "firstConsScore": 295.31,
        "algorthmScore": 220.12
    },
    {
        "case_id": "2326",
        "case_type": "数字操作",
        "debugScore": 95.77,
        "firstConsScore": 163.19,
        "algorthmScore": 241.59
    },
    {
        "case_id": "2402",
        "case_type": "数字操作",
        "debugScore": 115.64,
        "firstConsScore": 164.12,
        "algorthmScore": 227.11
    },
    {
        "case_id": "2401",
        "case_type": "数字操作",
        "debugScore": 88.98,
        "firstConsScore": 200.72,
        "algorthmScore": 326.82
    },
    {
        "case_id": "2324",
        "case_type": "数字操作",
        "debugScore": 104.1,
        "firstConsScore": 148.45,
        "algorthmScore": 284.67
    },
    {
        "case_id": "2367",
        "case_type": "数字操作",
        "debugScore": 91.57,
        "firstConsScore": 187.47,
        "algorthmScore": 262.39
    },
    {
        "case_id": "2421",
        "case_type": "数字操作",
        "debugScore": 175.34,
        "firstConsScore": 285.47,
        "algorthmScore": 123.97
    },
    {
        "case_id": "2322",
        "case_type": "数字操作",
        "debugScore": 95.27,
        "firstConsScore": 181.35,
        "algorthmScore": 199.71
    },
    {
        "case_id": "2420",
        "case_type": "数字操作",
        "debugScore": 336.25,
        "firstConsScore": 247.89,
        "algorthmScore": 181.46
    },
    {
        "case_id": "2442",
        "case_type": "数字操作",
        "debugScore": 80.59,
        "firstConsScore": 275.78,
        "algorthmScore": 253.61
    },
    {
        "case_id": "2321",
        "case_type": "数字操作",
        "debugScore": 101.51,
        "firstConsScore": 208.24,
        "algorthmScore": 213.74
    },
    {
        "case_id": "2409",
        "case_type": "数字操作",
        "debugScore": 73.83,
        "firstConsScore": 294.04,
        "algorthmScore": 247.2
    },
    {
        "case_id": "2408",
        "case_type": "数字操作",
        "debugScore": 646.52,
        "firstConsScore": 256.4,
        "algorthmScore": 180.6
    },
    {
        "case_id": "2407",
        "case_type": "数字操作",
        "debugScore": 76.67,
        "firstConsScore": 324.09,
        "algorthmScore": 273.09
    },
    {
        "case_id": "2329",
        "case_type": "数字操作",
        "debugScore": 112.07,
        "firstConsScore": 252.61,
        "algorthmScore": 432.53
    },
    {
        "case_id": "2364",
        "case_type": "数字操作",
        "debugScore": 96.03,
        "firstConsScore": 141.02,
        "algorthmScore": 290.53
    },
    {
        "case_id": "2363",
        "case_type": "数字操作",
        "debugScore": 965.88,
        "firstConsScore": 180.9,
        "algorthmScore": 204.34
    },
    {
        "case_id": "2362",
        "case_type": "数字操作",
        "debugScore": 82.97,
        "firstConsScore": 200.0,
        "algorthmScore": 309.95
    },
    {
        "case_id": "2162",
        "case_type": "数字操作",
        "debugScore": 89.14,
        "firstConsScore": 257.98,
        "algorthmScore": 261.92
    },
    {
        "case_id": "2360",
        "case_type": "数字操作",
        "debugScore": 105.44,
        "firstConsScore": 197.59,
        "algorthmScore": 393.32
    },
    {
        "case_id": "2381",
        "case_type": "数字操作",
        "debugScore": 77.8,
        "firstConsScore": 232.75,
        "algorthmScore": 262.04
    },
    {
        "case_id": "2239",
        "case_type": "数字操作",
        "debugScore": 241.6,
        "firstConsScore": 256.55,
        "algorthmScore": 507.11
    },
    {
        "case_id": "2216",
        "case_type": "数字操作",
        "debugScore": 111.64,
        "firstConsScore": 162.1,
        "algorthmScore": 250.04
    },
    {
        "case_id": "2379",
        "case_type": "数字操作",
        "debugScore": 79.85,
        "firstConsScore": 171.81,
        "algorthmScore": 271.6
    },
    {
        "case_id": "2411",
        "case_type": "数字操作",
        "debugScore": 74.09,
        "firstConsScore": 284.06,
        "algorthmScore": 219.97
    },
    {
        "case_id": "2377",
        "case_type": "数字操作",
        "debugScore": 66.45,
        "firstConsScore": 325.38,
        "algorthmScore": 267.98
    },
    {
        "case_id": "2332",
        "case_type": "数字操作",
        "debugScore": 103.86,
        "firstConsScore": 189.5,
        "algorthmScore": 385.86
    },
    {
        "case_id": "2419",
        "case_type": "数字操作",
        "debugScore": 75.29,
        "firstConsScore": 299.02,
        "algorthmScore": 240.15
    },
    {
        "case_id": "2518",
        "case_type": "数字操作",
        "debugScore": 754.54,
        "firstConsScore": 188.73,
        "algorthmScore": 286.92
    }
]