[
    {
        "case_id": "2525",
        "case_type": "排序算法",
        "debugScore": 85.29,
        "firstConsScore": 326.79,
        "algorthmScore": 223.88
    },
    {
        "case_id": "2523",
        "case_type": "排序算法",
        "debugScore": 83.11,
        "firstConsScore": 375.24,
        "algorthmScore": 333.48
    },
    {
        "case_id": "2521",
        "case_type": "排序算法",
        "debugScore": 93.94,
        "firstConsScore": 338.17,
        "algorthmScore": 290.77
    },
    {
        "case_id": "2532",
        "case_type": "排序算法",
        "debugScore": 90.95,
        "firstConsScore": 385.69,
        "algorthmScore": 317.01
    },
    {
        "case_id": "2531",
        "case_type": "排序算法",
        "debugScore": 79.16,
        "firstConsScore": 262.83,
        "algorthmScore": 240.16
    },
    {
        "case_id": "2530",
        "case_type": "排序算法",
        "debugScore": 72.8,
        "firstConsScore": 292.17,
        "algorthmScore": 254.35
    },
    {
        "case_id": "2497",
        "case_type": "排序算法",
        "debugScore": 82.11,
        "firstConsScore": 366.42,
        "algorthmScore": 301.17
    },
    {
        "case_id": "2519",
        "case_type": "排序算法",
        "debugScore": 78.91,
        "firstConsScore": 328.6,
        "algorthmScore": 353.49
    },
    {
        "case_id": "2529",
        "case_type": "排序算法",
        "debugScore": 80.16,
        "firstConsScore": 298.48,
        "algorthmScore": 309.82
    },
    {
        "case_id": "2528",
        "case_type": "排序算法",
        "debugScore": 98.89,
        "firstConsScore": 317.59,
        "algorthmScore": 286.78
    },
    {
        "case_id": "2527",
        "case_type": "排序算法",
        "debugScore": 92.8,
        "firstConsScore": 394.31,
        "algorthmScore": 311.66
    }
]