[
    {
        "case_id": "2092",
        "case_type": "数字操作",
        "debugScore": 121.66,
        "firstConsScore": 146.32,
        "algorthmScore": 141.38
    },
    {
        "case_id": "2330",
        "case_type": "数字操作",
        "debugScore": 87.82,
        "firstConsScore": 276.8,
        "algorthmScore": 199.57
    },
    {
        "case_id": "2250",
        "case_type": "数字操作",
        "debugScore": 91.5,
        "firstConsScore": 256.34,
        "algorthmScore": 228.28
    },
    {
        "case_id": "2370",
        "case_type": "数字操作",
        "debugScore": 98.06,
        "firstConsScore": 217.35,
        "algorthmScore": 246.99
    },
    {
        "case_id": "2403",
        "case_type": "数字操作",
        "debugScore": 97.27,
        "firstConsScore": 250.35,
        "algorthmScore": 220.12
    },
    {
        "case_id": "2326",
        "case_type": "数字操作",
        "debugScore": 95.77,
        "firstConsScore": 171.81,
        "algorthmScore": 191.07
    },
    {
        "case_id": "2402",
        "case_type": "数字操作",
        "debugScore": 115.64,
        "firstConsScore": 179.56,
        "algorthmScore": 247.97
    },
    {
        "case_id": "2401",
        "case_type": "数字操作",
        "debugScore": 88.98,
        "firstConsScore": 193.05,
        "algorthmScore": 222.41
    },
    {
        "case_id": "2324",
        "case_type": "数字操作",
        "debugScore": 104.1,
        "firstConsScore": 185.8,
        "algorthmScore": 275.32
    },
    {
        "case_id": "2367",
        "case_type": "数字操作",
        "debugScore": 91.57,
        "firstConsScore": 198.49,
        "algorthmScore": 218.51
    },
    {
        "case_id": "2421",
        "case_type": "数字操作",
        "debugScore": 326.92,
        "firstConsScore": 209.09,
        "algorthmScore": 290.22
    },
    {
        "case_id": "2322",
        "case_type": "数字操作",
        "debugScore": 95.27,
        "firstConsScore": 215.04,
        "algorthmScore": 151.33
    },
    {
        "case_id": "2420",
        "case_type": "数字操作",
        "debugScore": 68.03,
        "firstConsScore": 215.68,
        "algorthmScore": 160.82
    },
    {
        "case_id": "2442",
        "case_type": "数字操作",
        "debugScore": 80.59,
        "firstConsScore": 228.47,
        "algorthmScore": 224.16
    },
    {
        "case_id": "2321",
        "case_type": "数字操作",
        "debugScore": 101.51,
        "firstConsScore": 254.71,
        "algorthmScore": 308.57
    },
    {
        "case_id": "2409",
        "case_type": "数字操作",
        "debugScore": 73.83,
        "firstConsScore": 253.98,
        "algorthmScore": 223.96
    },
    {
        "case_id": "2408",
        "case_type": "数字操作",
        "debugScore": 76.42,
        "firstConsScore": 198.43,
        "algorthmScore": 256.53
    },
    {
        "case_id": "2407",
        "case_type": "数字操作",
        "debugScore": 76.67,
        "firstConsScore": 255.8,
        "algorthmScore": 246.94
    },
    {
        "case_id": "2364",
        "case_type": "数字操作",
        "debugScore": 96.03,
        "firstConsScore": 313.66,
        "algorthmScore": 276.36
    },
    {
        "case_id": "2363",
        "case_type": "数字操作",
        "debugScore": 86.27,
        "firstConsScore": 238.95,
        "algorthmScore": 261.01
    },
    {
        "case_id": "2362",
        "case_type": "数字操作",
        "debugScore": 82.97,
        "firstConsScore": 220.52,
        "algorthmScore": 244.86
    },
    {
        "case_id": "2162",
        "case_type": "数字操作",
        "debugScore": 89.14,
        "firstConsScore": 225.96,
        "algorthmScore": 229.23
    },
    {
        "case_id": "2360",
        "case_type": "数字操作",
        "debugScore": 105.44,
        "firstConsScore": 200.21,
        "algorthmScore": 236.03
    },
    {
        "case_id": "2381",
        "case_type": "数字操作",
        "debugScore": 627.53,
        "firstConsScore": 86.66,
        "algorthmScore": 236.73
    },
    {
        "case_id": "2239",
        "case_type": "数字操作",
        "debugScore": 88.57,
        "firstConsScore": 183.88,
        "algorthmScore": 155.31
    },
    {
        "case_id": "2411",
        "case_type": "数字操作",
        "debugScore": 74.09,
        "firstConsScore": 260.08,
        "algorthmScore": 241.64
    },
    {
        "case_id": "2377",
        "case_type": "数字操作",
        "debugScore": 521.57,
        "firstConsScore": 164.95,
        "algorthmScore": 224.72
    },
    {
        "case_id": "2419",
        "case_type": "数字操作",
        "debugScore": 75.29,
        "firstConsScore": 233.5,
        "algorthmScore": 226.71
    },
    {
        "case_id": "2518",
        "case_type": "数字操作",
        "debugScore": 163.08,
        "firstConsScore": 223.55,
        "algorthmScore": 214.7
    }
]