[
    {
        "case_id": "2694",
        "case_type": "查找算法",
        "debugScore": 106.82,
        "firstConsScore": 264.63,
        "algorthmScore": 248.13
    },
    {
        "case_id": "2570",
        "case_type": "查找算法",
        "debugScore": 106.26,
        "firstConsScore": 282.72,
        "algorthmScore": 286.07
    },
    {
        "case_id": "2701",
        "case_type": "查找算法",
        "debugScore": 98.47,
        "firstConsScore": 367.41,
        "algorthmScore": 257.8
    },
    {
        "case_id": "2745",
        "case_type": "查找算法",
        "debugScore": 103.02,
        "firstConsScore": 186.33,
        "algorthmScore": 324.56
    },
    {
        "case_id": "2711",
        "case_type": "查找算法",
        "debugScore": 1324.65,
        "firstConsScore": 339.59,
        "algorthmScore": 224.65
    },
    {
        "case_id": "2567",
        "case_type": "查找算法",
        "debugScore": 124.58,
        "firstConsScore": 349.69,
        "algorthmScore": 298.92
    },
    {
        "case_id": "2720",
        "case_type": "查找算法",
        "debugScore": 95.1,
        "firstConsScore": 338.74,
        "algorthmScore": 304.83
    },
    {
        "case_id": "2729",
        "case_type": "查找算法",
        "debugScore": 76.48,
        "firstConsScore": 295.69,
        "algorthmScore": 247.48
    },
    {
        "case_id": "2707",
        "case_type": "查找算法",
        "debugScore": 82.37,
        "firstConsScore": 280.91,
        "algorthmScore": 186.85
    },
    {
        "case_id": "2718",
        "case_type": "查找算法",
        "debugScore": 114.84,
        "firstConsScore": 205.65,
        "algorthmScore": 341.41
    },
    {
        "case_id": "2706",
        "case_type": "查找算法",
        "debugScore": 616.81,
        "firstConsScore": 281.27,
        "algorthmScore": 317.95
    },
    {
        "case_id": "2717",
        "case_type": "查找算法",
        "debugScore": 89.71,
        "firstConsScore": 386.16,
        "algorthmScore": 205.55
    },
    {
        "case_id": "2606",
        "case_type": "查找算法",
        "debugScore": 70.86,
        "firstConsScore": 297.29,
        "algorthmScore": 264.52
    },
    {
        "case_id": "2639",
        "case_type": "查找算法",
        "debugScore": 80.58,
        "firstConsScore": 356.31,
        "algorthmScore": 220.07
    },
    {
        "case_id": "2705",
        "case_type": "查找算法",
        "debugScore": 86.41,
        "firstConsScore": 477.77,
        "algorthmScore": 282.62
    },
    {
        "case_id": "2716",
        "case_type": "查找算法",
        "debugScore": 302.52,
        "firstConsScore": 390.79,
        "algorthmScore": 251.33
    },
    {
        "case_id": "2737",
        "case_type": "查找算法",
        "debugScore": 77.12,
        "firstConsScore": 275.29,
        "algorthmScore": 252.12
    },
    {
        "case_id": "2715",
        "case_type": "查找算法",
        "debugScore": 169.82,
        "firstConsScore": 358.49,
        "algorthmScore": 265.79
    },
    {
        "case_id": "2726",
        "case_type": "查找算法",
        "debugScore": 101.13,
        "firstConsScore": 297.11,
        "algorthmScore": 208.44
    },
    {
        "case_id": "2703",
        "case_type": "查找算法",
        "debugScore": 92.62,
        "firstConsScore": 339.32,
        "algorthmScore": 240.57
    }
]