[
    {
        "case_id": "2523",
        "case_type": "排序算法",
        "debugScore": 90.36,
        "firstConsScore": 225.19,
        "algorthmScore": 150.85
    },
    {
        "case_id": "2521",
        "case_type": "排序算法",
        "debugScore": 93.94,
        "firstConsScore": 270.5,
        "algorthmScore": 223.62
    },
    {
        "case_id": "2531",
        "case_type": "排序算法",
        "debugScore": 69.8,
        "firstConsScore": 232.22,
        "algorthmScore": 182.35
    },
    {
        "case_id": "2530",
        "case_type": "排序算法",
        "debugScore": 72.8,
        "firstConsScore": 250.52,
        "algorthmScore": 235.65
    },
    {
        "case_id": "2497",
        "case_type": "排序算法",
        "debugScore": 82.11,
        "firstConsScore": 304.08,
        "algorthmScore": 271.07
    },
    {
        "case_id": "2519",
        "case_type": "排序算法",
        "debugScore": 78.91,
        "firstConsScore": 290.0,
        "algorthmScore": 186.75
    },
    {
        "case_id": "2529",
        "case_type": "排序算法",
        "debugScore": 80.16,
        "firstConsScore": 221.48,
        "algorthmScore": 155.33
    },
    {
        "case_id": "2528",
        "case_type": "排序算法",
        "debugScore": 98.89,
        "firstConsScore": 280.46,
        "algorthmScore": 272.25
    }
]