[
    {
        "case_id": "2650",
        "case_type": "树结构",
        "debugScore": 103.37,
        "firstConsScore": 518.25,
        "algorthmScore": 297.38
    },
    {
        "case_id": "2353",
        "case_type": "树结构",
        "debugScore": 95.88,
        "firstConsScore": 618.47,
        "algorthmScore": 263.87
    },
    {
        "case_id": "2397",
        "case_type": "树结构",
        "debugScore": 243.62,
        "firstConsScore": 755.42,
        "algorthmScore": 309.87
    },
    {
        "case_id": "2524",
        "case_type": "树结构",
        "debugScore": 284.39,
        "firstConsScore": 498.36,
        "algorthmScore": 214.55
    },
    {
        "case_id": "2600",
        "case_type": "树结构",
        "debugScore": 567.88,
        "firstConsScore": 433.79,
        "algorthmScore": 310.59
    },
    {
        "case_id": "2400",
        "case_type": "树结构",
        "debugScore": 133.94,
        "firstConsScore": 641.54,
        "algorthmScore": 296.56
    },
    {
        "case_id": "2509",
        "case_type": "树结构",
        "debugScore": 89.65,
        "firstConsScore": 470.98,
        "algorthmScore": 281.46
    },
    {
        "case_id": "2605",
        "case_type": "树结构",
        "debugScore": 86.96,
        "firstConsScore": 551.68,
        "algorthmScore": 256.22
    },
    {
        "case_id": "2549",
        "case_type": "树结构",
        "debugScore": 95.72,
        "firstConsScore": 495.16,
        "algorthmScore": 298.38
    },
    {
        "case_id": "2648",
        "case_type": "树结构",
        "debugScore": 101.08,
        "firstConsScore": 540.04,
        "algorthmScore": 340.88
    },
    {
        "case_id": "2540",
        "case_type": "树结构",
        "debugScore": 139.08,
        "firstConsScore": 676.99,
        "algorthmScore": 269.89
    },
    {
        "case_id": "2660",
        "case_type": "树结构",
        "debugScore": 107.68,
        "firstConsScore": 556.9,
        "algorthmScore": 308.79
    },
    {
        "case_id": "2382",
        "case_type": "树结构",
        "debugScore": 94.56,
        "firstConsScore": 423.37,
        "algorthmScore": 290.19
    },
    {
        "case_id": "2416",
        "case_type": "树结构",
        "debugScore": 136.26,
        "firstConsScore": 457.66,
        "algorthmScore": 323.73
    },
    {
        "case_id": "2636",
        "case_type": "树结构",
        "debugScore": 524.39,
        "firstConsScore": 772.34,
        "algorthmScore": 284.59
    },
    {
        "case_id": "2657",
        "case_type": "树结构",
        "debugScore": 100.79,
        "firstConsScore": 593.2,
        "algorthmScore": 344.06
    },
    {
        "case_id": "2633",
        "case_type": "树结构",
        "debugScore": 154.13,
        "firstConsScore": 509.68,
        "algorthmScore": 289.81
    },
    {
        "case_id": "2699",
        "case_type": "树结构",
        "debugScore": 119.51,
        "firstConsScore": 582.12,
        "algorthmScore": 345.9
    },
    {
        "case_id": "2599",
        "case_type": "树结构",
        "debugScore": 99.8,
        "firstConsScore": 552.94,
        "algorthmScore": 313.61
    },
    {
        "case_id": "2632",
        "case_type": "树结构",
        "debugScore": 116.46,
        "firstConsScore": 533.38,
        "algorthmScore": 318.66
    },
    {
        "case_id": "2654",
        "case_type": "树结构",
        "debugScore": 110.29,
        "firstConsScore": 550.9,
        "algorthmScore": 299.65
    },
    {
        "case_id": "2598",
        "case_type": "树结构",
        "debugScore": 95.29,
        "firstConsScore": 511.81,
        "algorthmScore": 292.82
    },
    {
        "case_id": "2631",
        "case_type": "树结构",
        "debugScore": 90.08,
        "firstConsScore": 543.32,
        "algorthmScore": 283.05
    },
    {
        "case_id": "2697",
        "case_type": "树结构",
        "debugScore": 96.64,
        "firstConsScore": 516.5,
        "algorthmScore": 286.57
    },
    {
        "case_id": "2355",
        "case_type": "树结构",
        "debugScore": 129.65,
        "firstConsScore": 696.44,
        "algorthmScore": 318.86
    },
    {
        "case_id": "2696",
        "case_type": "树结构",
        "debugScore": 95.8,
        "firstConsScore": 622.77,
        "algorthmScore": 275.85
    },
    {
        "case_id": "2695",
        "case_type": "树结构",
        "debugScore": 113.57,
        "firstConsScore": 643.08,
        "algorthmScore": 313.11
    },
    {
        "case_id": "2398",
        "case_type": "树结构",
        "debugScore": 91.47,
        "firstConsScore": 561.6,
        "algorthmScore": 327.92
    },
    {
        "case_id": "2638",
        "case_type": "树结构",
        "debugScore": 984.96,
        "firstConsScore": 355.22,
        "algorthmScore": 292.85
    }
]