[
    {
        "case_id": "2092",
        "case_type": "数字操作",
        "debugScore": 133.5,
        "firstConsScore": 87.63,
        "algorthmScore": 184.7
    },
    {
        "case_id": "2276",
        "case_type": "数字操作",
        "debugScore": 103.29,
        "firstConsScore": 252.53,
        "algorthmScore": 278.09
    },
    {
        "case_id": "2330",
        "case_type": "数字操作",
        "debugScore": 534.3,
        "firstConsScore": 123.32,
        "algorthmScore": 239.85
    },
    {
        "case_id": "2275",
        "case_type": "数字操作",
        "debugScore": 126.96,
        "firstConsScore": 185.96,
        "algorthmScore": 305.16
    },
    {
        "case_id": "2250",
        "case_type": "数字操作",
        "debugScore": 91.5,
        "firstConsScore": 209.36,
        "algorthmScore": 243.4
    },
    {
        "case_id": "2370",
        "case_type": "数字操作",
        "debugScore": 801.25,
        "firstConsScore": 143.23,
        "algorthmScore": 287.24
    },
    {
        "case_id": "2403",
        "case_type": "数字操作",
        "debugScore": 97.27,
        "firstConsScore": 190.6,
        "algorthmScore": 276.98
    },
    {
        "case_id": "2402",
        "case_type": "数字操作",
        "debugScore": 1462.53,
        "firstConsScore": 170.22,
        "algorthmScore": 280.81
    },
    {
        "case_id": "2401",
        "case_type": "数字操作",
        "debugScore": 88.98,
        "firstConsScore": 195.01,
        "algorthmScore": 268.51
    },
    {
        "case_id": "2324",
        "case_type": "数字操作",
        "debugScore": 867.72,
        "firstConsScore": 100.1,
        "algorthmScore": 284.41
    },
    {
        "case_id": "2367",
        "case_type": "数字操作",
        "debugScore": 91.57,
        "firstConsScore": 220.1,
        "algorthmScore": 272.57
    },
    {
        "case_id": "2421",
        "case_type": "数字操作",
        "debugScore": 77.62,
        "firstConsScore": 174.53,
        "algorthmScore": 158.69
    },
    {
        "case_id": "2322",
        "case_type": "数字操作",
        "debugScore": 95.27,
        "firstConsScore": 181.7,
        "algorthmScore": 175.54
    },
    {
        "case_id": "2420",
        "case_type": "数字操作",
        "debugScore": 68.03,
        "firstConsScore": 172.36,
        "algorthmScore": 171.04
    },
    {
        "case_id": "2442",
        "case_type": "数字操作",
        "debugScore": 80.59,
        "firstConsScore": 210.89,
        "algorthmScore": 267.92
    },
    {
        "case_id": "2409",
        "case_type": "数字操作",
        "debugScore": 73.83,
        "firstConsScore": 234.8,
        "algorthmScore": 270.45
    },
    {
        "case_id": "2408",
        "case_type": "数字操作",
        "debugScore": 76.42,
        "firstConsScore": 224.78,
        "algorthmScore": 187.03
    },
    {
        "case_id": "2407",
        "case_type": "数字操作",
        "debugScore": 76.67,
        "firstConsScore": 191.29,
        "algorthmScore": 258.43
    },
    {
        "case_id": "2364",
        "case_type": "数字操作",
        "debugScore": 1449.47,
        "firstConsScore": 55.62,
        "algorthmScore": 256.91
    },
    {
        "case_id": "2363",
        "case_type": "数字操作",
        "debugScore": 86.27,
        "firstConsScore": 197.01,
        "algorthmScore": 266.88
    },
    {
        "case_id": "2362",
        "case_type": "数字操作",
        "debugScore": 82.97,
        "firstConsScore": 236.17,
        "algorthmScore": 331.78
    },
    {
        "case_id": "2162",
        "case_type": "数字操作",
        "debugScore": 89.14,
        "firstConsScore": 283.45,
        "algorthmScore": 261.52
    },
    {
        "case_id": "2360",
        "case_type": "数字操作",
        "debugScore": 105.44,
        "firstConsScore": 202.99,
        "algorthmScore": 254.44
    },
    {
        "case_id": "2381",
        "case_type": "数字操作",
        "debugScore": 77.8,
        "firstConsScore": 234.86,
        "algorthmScore": 250.34
    },
    {
        "case_id": "2239",
        "case_type": "数字操作",
        "debugScore": 88.57,
        "firstConsScore": 213.66,
        "algorthmScore": 316.92
    },
    {
        "case_id": "2216",
        "case_type": "数字操作",
        "debugScore": 111.64,
        "firstConsScore": 141.85,
        "algorthmScore": 214.16
    },
    {
        "case_id": "2379",
        "case_type": "数字操作",
        "debugScore": 79.85,
        "firstConsScore": 209.9,
        "algorthmScore": 247.48
    },
    {
        "case_id": "2411",
        "case_type": "数字操作",
        "debugScore": 74.09,
        "firstConsScore": 190.52,
        "algorthmScore": 140.66
    },
    {
        "case_id": "2377",
        "case_type": "数字操作",
        "debugScore": 777.79,
        "firstConsScore": 61.45,
        "algorthmScore": 172.63
    },
    {
        "case_id": "2332",
        "case_type": "数字操作",
        "debugScore": 103.86,
        "firstConsScore": 219.19,
        "algorthmScore": 364.82
    },
    {
        "case_id": "2419",
        "case_type": "数字操作",
        "debugScore": 612.94,
        "firstConsScore": 135.56,
        "algorthmScore": 269.68
    },
    {
        "case_id": "2518",
        "case_type": "数字操作",
        "debugScore": 754.54,
        "firstConsScore": 114.59,
        "algorthmScore": 269.99
    }
]