[
    {
        "case_id": "2525",
        "case_type": "排序算法",
        "debugScore": 85.29,
        "firstConsScore": 225.87,
        "algorthmScore": 377.47
    },
    {
        "case_id": "2523",
        "case_type": "排序算法",
        "debugScore": 90.36,
        "firstConsScore": 316.21,
        "algorthmScore": 252.45
    },
    {
        "case_id": "2521",
        "case_type": "排序算法",
        "debugScore": 697.16,
        "firstConsScore": 171.99,
        "algorthmScore": 145.11
    },
    {
        "case_id": "2532",
        "case_type": "排序算法",
        "debugScore": 688.19,
        "firstConsScore": 99.19,
        "algorthmScore": 280.19
    },
    {
        "case_id": "2531",
        "case_type": "排序算法",
        "debugScore": 814.01,
        "firstConsScore": 146.06,
        "algorthmScore": 99.55
    },
    {
        "case_id": "2530",
        "case_type": "排序算法",
        "debugScore": 72.8,
        "firstConsScore": 252.35,
        "algorthmScore": 226.55
    },
    {
        "case_id": "2497",
        "case_type": "排序算法",
        "debugScore": 82.11,
        "firstConsScore": 276.99,
        "algorthmScore": 140.73
    },
    {
        "case_id": "2519",
        "case_type": "排序算法",
        "debugScore": 360.64,
        "firstConsScore": 201.88,
        "algorthmScore": 192.12
    },
    {
        "case_id": "2529",
        "case_type": "排序算法",
        "debugScore": 80.16,
        "firstConsScore": 284.21,
        "algorthmScore": 162.4
    },
    {
        "case_id": "2528",
        "case_type": "排序算法",
        "debugScore": 98.89,
        "firstConsScore": 321.74,
        "algorthmScore": 279.79
    },
    {
        "case_id": "2527",
        "case_type": "排序算法",
        "debugScore": 92.8,
        "firstConsScore": 260.28,
        "algorthmScore": 276.34
    }
]