[
    {
        "case_id": "2473",
        "case_type": "线性表",
        "debugScore": 86.76,
        "firstConsScore": 408.24,
        "algorthmScore": 266.26
    },
    {
        "case_id": "2471",
        "case_type": "线性表",
        "debugScore": 75.55,
        "firstConsScore": 335.68,
        "algorthmScore": 234.97
    },
    {
        "case_id": "2691",
        "case_type": "线性表",
        "debugScore": 100.02,
        "firstConsScore": 424.61,
        "algorthmScore": 297.67
    },
    {
        "case_id": "2690",
        "case_type": "线性表",
        "debugScore": 552.94,
        "firstConsScore": 259.21,
        "algorthmScore": 290.64
    },
    {
        "case_id": "2590",
        "case_type": "线性表",
        "debugScore": 83.15,
        "firstConsScore": 275.34,
        "algorthmScore": 137.37
    },
    {
        "case_id": "2724",
        "case_type": "线性表",
        "debugScore": 96.42,
        "firstConsScore": 368.87,
        "algorthmScore": 169.88
    },
    {
        "case_id": "2646",
        "case_type": "线性表",
        "debugScore": 85.37,
        "firstConsScore": 346.52,
        "algorthmScore": 260.69
    },
    {
        "case_id": "2723",
        "case_type": "线性表",
        "debugScore": 85.66,
        "firstConsScore": 370.7,
        "algorthmScore": 310.57
    },
    {
        "case_id": "2722",
        "case_type": "线性表",
        "debugScore": 78.28,
        "firstConsScore": 361.4,
        "algorthmScore": 246.58
    },
    {
        "case_id": "2721",
        "case_type": "线性表",
        "debugScore": 82.94,
        "firstConsScore": 354.24,
        "algorthmScore": 260.3
    },
    {
        "case_id": "2487",
        "case_type": "线性表",
        "debugScore": 77.87,
        "firstConsScore": 327.11,
        "algorthmScore": 231.59
    },
    {
        "case_id": "2486",
        "case_type": "线性表",
        "debugScore": 91.37,
        "firstConsScore": 358.06,
        "algorthmScore": 221.65
    },
    {
        "case_id": "2761",
        "case_type": "线性表",
        "debugScore": 84.71,
        "firstConsScore": 371.71,
        "algorthmScore": 244.76
    },
    {
        "case_id": "2728",
        "case_type": "线性表",
        "debugScore": 86.84,
        "firstConsScore": 411.2,
        "algorthmScore": 278.24
    },
    {
        "case_id": "2727",
        "case_type": "线性表",
        "debugScore": 95.35,
        "firstConsScore": 427.91,
        "algorthmScore": 277.96
    },
    {
        "case_id": "2649",
        "case_type": "线性表",
        "debugScore": 84.85,
        "firstConsScore": 298.33,
        "algorthmScore": 260.09
    },
    {
        "case_id": "2725",
        "case_type": "线性表",
        "debugScore": 55.85,
        "firstConsScore": 463.99,
        "algorthmScore": 288.21
    },
    {
        "case_id": "2485",
        "case_type": "线性表",
        "debugScore": 77.05,
        "firstConsScore": 350.46,
        "algorthmScore": 266.82
    },
    {
        "case_id": "2760",
        "case_type": "线性表",
        "debugScore": 94.78,
        "firstConsScore": 368.21,
        "algorthmScore": 253.3
    },
    {
        "case_id": "2484",
        "case_type": "线性表",
        "debugScore": 93.92,
        "firstConsScore": 340.59,
        "algorthmScore": 277.51
    },
    {
        "case_id": "2560",
        "case_type": "线性表",
        "debugScore": 94.09,
        "firstConsScore": 323.78,
        "algorthmScore": 240.12
    },
    {
        "case_id": "2483",
        "case_type": "线性表",
        "debugScore": 100.28,
        "firstConsScore": 339.04,
        "algorthmScore": 296.59
    },
    {
        "case_id": "2559",
        "case_type": "线性表",
        "debugScore": 85.53,
        "firstConsScore": 277.1,
        "algorthmScore": 286.65
    },
    {
        "case_id": "2557",
        "case_type": "线性表",
        "debugScore": 81.3,
        "firstConsScore": 290.37,
        "algorthmScore": 225.92
    },
    {
        "case_id": "2755",
        "case_type": "线性表",
        "debugScore": 105.5,
        "firstConsScore": 378.69,
        "algorthmScore": 278.39
    },
    {
        "case_id": "2732",
        "case_type": "线性表",
        "debugScore": 77.69,
        "firstConsScore": 379.69,
        "algorthmScore": 315.45
    },
    {
        "case_id": "2336",
        "case_type": "线性表",
        "debugScore": 451.16,
        "firstConsScore": 218.08,
        "algorthmScore": 280.77
    },
    {
        "case_id": "2731",
        "case_type": "线性表",
        "debugScore": 92.02,
        "firstConsScore": 391.38,
        "algorthmScore": 314.71
    },
    {
        "case_id": "2730",
        "case_type": "线性表",
        "debugScore": 77.3,
        "firstConsScore": 374.77,
        "algorthmScore": 252.52
    },
    {
        "case_id": "2759",
        "case_type": "线性表",
        "debugScore": 82.68,
        "firstConsScore": 378.18,
        "algorthmScore": 270.48
    }
]