[
    {
        "case_id": "2536",
        "case_type": "图结构",
        "debugScore": 115.41,
        "firstConsScore": 481.32,
        "algorthmScore": 293.86
    },
    {
        "case_id": "2316",
        "case_type": "图结构",
        "debugScore": 161.56,
        "firstConsScore": 405.12,
        "algorthmScore": 362.27
    },
    {
        "case_id": "2305",
        "case_type": "图结构",
        "debugScore": 151.47,
        "firstConsScore": 284.86,
        "algorthmScore": 437.18
    },
    {
        "case_id": "2348",
        "case_type": "图结构",
        "debugScore": 125.51,
        "firstConsScore": 297.85,
        "algorthmScore": 236.03
    },
    {
        "case_id": "2347",
        "case_type": "图结构",
        "debugScore": 149.21,
        "firstConsScore": 529.95,
        "algorthmScore": 351.29
    },
    {
        "case_id": "2444",
        "case_type": "图结构",
        "debugScore": 99.71,
        "firstConsScore": 421.68,
        "algorthmScore": 237.08
    },
    {
        "case_id": "2235",
        "case_type": "图结构",
        "debugScore": 153.84,
        "firstConsScore": 556.66,
        "algorthmScore": 110.27
    },
    {
        "case_id": "2343",
        "case_type": "图结构",
        "debugScore": 159.91,
        "firstConsScore": 477.61,
        "algorthmScore": 339.13
    },
    {
        "case_id": "2354",
        "case_type": "图结构",
        "debugScore": 107.53,
        "firstConsScore": 266.66,
        "algorthmScore": 339.36
    },
    {
        "case_id": "2331",
        "case_type": "图结构",
        "debugScore": 130.47,
        "firstConsScore": 462.34,
        "algorthmScore": 189.0
    },
    {
        "case_id": "2352",
        "case_type": "图结构",
        "debugScore": 125.91,
        "firstConsScore": 231.27,
        "algorthmScore": 365.65
    },
    {
        "case_id": "2704",
        "case_type": "图结构",
        "debugScore": 115.53,
        "firstConsScore": 350.85,
        "algorthmScore": 291.39
    }
]