[
    {
        "case_id": "2650",
        "case_type": "树结构",
        "debugScore": 103.37,
        "firstConsScore": 176.47,
        "algorthmScore": 299.85
    },
    {
        "case_id": "2353",
        "case_type": "树结构",
        "debugScore": 95.88,
        "firstConsScore": 136.75,
        "algorthmScore": 287.82
    },
    {
        "case_id": "2397",
        "case_type": "树结构",
        "debugScore": 135.7,
        "firstConsScore": 151.22,
        "algorthmScore": 290.97
    },
    {
        "case_id": "2524",
        "case_type": "树结构",
        "debugScore": 120.48,
        "firstConsScore": 152.26,
        "algorthmScore": 349.15
    },
    {
        "case_id": "2600",
        "case_type": "树结构",
        "debugScore": 114.11,
        "firstConsScore": 203.93,
        "algorthmScore": 307.74
    },
    {
        "case_id": "2509",
        "case_type": "树结构",
        "debugScore": 89.65,
        "firstConsScore": 142.9,
        "algorthmScore": 277.89
    },
    {
        "case_id": "2605",
        "case_type": "树结构",
        "debugScore": 86.96,
        "firstConsScore": 199.04,
        "algorthmScore": 224.14
    },
    {
        "case_id": "2549",
        "case_type": "树结构",
        "debugScore": 95.72,
        "firstConsScore": 155.02,
        "algorthmScore": 285.03
    },
    {
        "case_id": "2648",
        "case_type": "树结构",
        "debugScore": 101.08,
        "firstConsScore": 222.8,
        "algorthmScore": 251.34
    },
    {
        "case_id": "2540",
        "case_type": "树结构",
        "debugScore": 139.08,
        "firstConsScore": 156.98,
        "algorthmScore": 338.21
    },
    {
        "case_id": "2660",
        "case_type": "树结构",
        "debugScore": 107.68,
        "firstConsScore": 162.48,
        "algorthmScore": 307.43
    },
    {
        "case_id": "2382",
        "case_type": "树结构",
        "debugScore": 94.56,
        "firstConsScore": 113.37,
        "algorthmScore": 248.11
    },
    {
        "case_id": "2416",
        "case_type": "树结构",
        "debugScore": 136.26,
        "firstConsScore": 179.27,
        "algorthmScore": 238.01
    },
    {
        "case_id": "2636",
        "case_type": "树结构",
        "debugScore": 109.29,
        "firstConsScore": 97.28,
        "algorthmScore": 225.27
    },
    {
        "case_id": "2657",
        "case_type": "树结构",
        "debugScore": 100.79,
        "firstConsScore": 132.96,
        "algorthmScore": 268.7
    },
    {
        "case_id": "2633",
        "case_type": "树结构",
        "debugScore": 154.13,
        "firstConsScore": 178.14,
        "algorthmScore": 266.7
    },
    {
        "case_id": "2699",
        "case_type": "树结构",
        "debugScore": 168.28,
        "firstConsScore": 154.08,
        "algorthmScore": 329.68
    },
    {
        "case_id": "2632",
        "case_type": "树结构",
        "debugScore": 783.82,
        "firstConsScore": 104.22,
        "algorthmScore": 292.83
    },
    {
        "case_id": "2654",
        "case_type": "树结构",
        "debugScore": 110.29,
        "firstConsScore": 159.26,
        "algorthmScore": 314.64
    },
    {
        "case_id": "2599",
        "case_type": "树结构",
        "debugScore": 99.8,
        "firstConsScore": 159.36,
        "algorthmScore": 313.38
    },
    {
        "case_id": "2598",
        "case_type": "树结构",
        "debugScore": 95.29,
        "firstConsScore": 159.99,
        "algorthmScore": 284.05
    },
    {
        "case_id": "2631",
        "case_type": "树结构",
        "debugScore": 90.08,
        "firstConsScore": 219.57,
        "algorthmScore": 287.63
    },
    {
        "case_id": "2697",
        "case_type": "树结构",
        "debugScore": 96.64,
        "firstConsScore": 157.44,
        "algorthmScore": 343.89
    },
    {
        "case_id": "2696",
        "case_type": "树结构",
        "debugScore": 95.8,
        "firstConsScore": 158.8,
        "algorthmScore": 320.95
    },
    {
        "case_id": "2355",
        "case_type": "树结构",
        "debugScore": 129.65,
        "firstConsScore": 162.79,
        "algorthmScore": 281.44
    },
    {
        "case_id": "2398",
        "case_type": "树结构",
        "debugScore": 91.47,
        "firstConsScore": 206.7,
        "algorthmScore": 451.3
    },
    {
        "case_id": "2695",
        "case_type": "树结构",
        "debugScore": 113.57,
        "firstConsScore": 107.85,
        "algorthmScore": 241.59
    },
    {
        "case_id": "2638",
        "case_type": "树结构",
        "debugScore": 219.45,
        "firstConsScore": 69.28,
        "algorthmScore": 261.84
    }
]