[
    {
        "case_id": "2473",
        "case_type": "线性表",
        "debugScore": 553.59,
        "firstConsScore": 266.65,
        "algorthmScore": 263.37
    },
    {
        "case_id": "2471",
        "case_type": "线性表",
        "debugScore": 75.55,
        "firstConsScore": 344.13,
        "algorthmScore": 271.9
    },
    {
        "case_id": "2691",
        "case_type": "线性表",
        "debugScore": 100.02,
        "firstConsScore": 275.28,
        "algorthmScore": 182.38
    },
    {
        "case_id": "2690",
        "case_type": "线性表",
        "debugScore": 552.94,
        "firstConsScore": 126.9,
        "algorthmScore": 204.54
    },
    {
        "case_id": "2590",
        "case_type": "线性表",
        "debugScore": 531.06,
        "firstConsScore": 166.4,
        "algorthmScore": 161.29
    },
    {
        "case_id": "2724",
        "case_type": "线性表",
        "debugScore": 96.42,
        "firstConsScore": 347.24,
        "algorthmScore": 200.84
    },
    {
        "case_id": "2646",
        "case_type": "线性表",
        "debugScore": 734.9,
        "firstConsScore": 178.98,
        "algorthmScore": 203.28
    },
    {
        "case_id": "2723",
        "case_type": "线性表",
        "debugScore": 85.66,
        "firstConsScore": 327.73,
        "algorthmScore": 250.35
    },
    {
        "case_id": "2722",
        "case_type": "线性表",
        "debugScore": 78.28,
        "firstConsScore": 334.98,
        "algorthmScore": 228.31
    },
    {
        "case_id": "2721",
        "case_type": "线性表",
        "debugScore": 82.94,
        "firstConsScore": 339.47,
        "algorthmScore": 260.3
    },
    {
        "case_id": "2487",
        "case_type": "线性表",
        "debugScore": 52.08,
        "firstConsScore": 320.6,
        "algorthmScore": 244.49
    },
    {
        "case_id": "2761",
        "case_type": "线性表",
        "debugScore": 1120.28,
        "firstConsScore": 267.7,
        "algorthmScore": 212.91
    },
    {
        "case_id": "2486",
        "case_type": "线性表",
        "debugScore": 86.37,
        "firstConsScore": 298.09,
        "algorthmScore": 232.09
    },
    {
        "case_id": "2728",
        "case_type": "线性表",
        "debugScore": 82.04,
        "firstConsScore": 275.57,
        "algorthmScore": 270.36
    },
    {
        "case_id": "2727",
        "case_type": "线性表",
        "debugScore": 355.86,
        "firstConsScore": 78.38,
        "algorthmScore": 155.81
    },
    {
        "case_id": "2649",
        "case_type": "线性表",
        "debugScore": 731.28,
        "firstConsScore": 268.91,
        "algorthmScore": 159.87
    },
    {
        "case_id": "2725",
        "case_type": "线性表",
        "debugScore": 892.24,
        "firstConsScore": 225.7,
        "algorthmScore": 268.87
    },
    {
        "case_id": "2760",
        "case_type": "线性表",
        "debugScore": 725.11,
        "firstConsScore": 229.53,
        "algorthmScore": 242.8
    },
    {
        "case_id": "2485",
        "case_type": "线性表",
        "debugScore": 77.05,
        "firstConsScore": 236.57,
        "algorthmScore": 148.96
    },
    {
        "case_id": "2484",
        "case_type": "线性表",
        "debugScore": 377.9,
        "firstConsScore": 281.89,
        "algorthmScore": 130.69
    },
    {
        "case_id": "2483",
        "case_type": "线性表",
        "debugScore": 100.28,
        "firstConsScore": 268.15,
        "algorthmScore": 199.7
    },
    {
        "case_id": "2560",
        "case_type": "线性表",
        "debugScore": 94.09,
        "firstConsScore": 240.79,
        "algorthmScore": 176.69
    },
    {
        "case_id": "2559",
        "case_type": "线性表",
        "debugScore": 1524.88,
        "firstConsScore": 208.64,
        "algorthmScore": 238.23
    },
    {
        "case_id": "2557",
        "case_type": "线性表",
        "debugScore": 814.45,
        "firstConsScore": 223.32,
        "algorthmScore": 116.02
    },
    {
        "case_id": "2755",
        "case_type": "线性表",
        "debugScore": 105.5,
        "firstConsScore": 357.31,
        "algorthmScore": 237.18
    },
    {
        "case_id": "2732",
        "case_type": "线性表",
        "debugScore": 1069.05,
        "firstConsScore": 246.8,
        "algorthmScore": 113.68
    },
    {
        "case_id": "2336",
        "case_type": "线性表",
        "debugScore": 440.77,
        "firstConsScore": 210.49,
        "algorthmScore": 285.94
    },
    {
        "case_id": "2731",
        "case_type": "线性表",
        "debugScore": 812.02,
        "firstConsScore": 253.52,
        "algorthmScore": 196.17
    },
    {
        "case_id": "2730",
        "case_type": "线性表",
        "debugScore": 500.07,
        "firstConsScore": 306.38,
        "algorthmScore": 229.78
    },
    {
        "case_id": "2759",
        "case_type": "线性表",
        "debugScore": 1617.04,
        "firstConsScore": 282.9,
        "algorthmScore": 200.5
    }
]