[
    {
        "case_id": "2650",
        "case_type": "树结构",
        "debugScore": 103.37,
        "firstConsScore": 426.93,
        "algorthmScore": 268.87
    },
    {
        "case_id": "2353",
        "case_type": "树结构",
        "debugScore": 718.71,
        "firstConsScore": 467.44,
        "algorthmScore": 166.13
    },
    {
        "case_id": "2397",
        "case_type": "树结构",
        "debugScore": 135.7,
        "firstConsScore": 261.67,
        "algorthmScore": 348.49
    },
    {
        "case_id": "2524",
        "case_type": "树结构",
        "debugScore": 634.25,
        "firstConsScore": 348.55,
        "algorthmScore": 203.71
    },
    {
        "case_id": "2600",
        "case_type": "树结构",
        "debugScore": 869.98,
        "firstConsScore": 327.82,
        "algorthmScore": 275.34
    },
    {
        "case_id": "2400",
        "case_type": "树结构",
        "debugScore": 1041.2,
        "firstConsScore": 282.54,
        "algorthmScore": 217.76
    },
    {
        "case_id": "2509",
        "case_type": "树结构",
        "debugScore": 89.65,
        "firstConsScore": 384.28,
        "algorthmScore": 237.13
    },
    {
        "case_id": "2605",
        "case_type": "树结构",
        "debugScore": 738.96,
        "firstConsScore": 356.74,
        "algorthmScore": 132.03
    },
    {
        "case_id": "2549",
        "case_type": "树结构",
        "debugScore": 95.72,
        "firstConsScore": 404.95,
        "algorthmScore": 236.4
    },
    {
        "case_id": "2648",
        "case_type": "树结构",
        "debugScore": 609.74,
        "firstConsScore": 320.41,
        "algorthmScore": 355.28
    },
    {
        "case_id": "2540",
        "case_type": "树结构",
        "debugScore": 76.08,
        "firstConsScore": 567.48,
        "algorthmScore": 169.31
    },
    {
        "case_id": "2660",
        "case_type": "树结构",
        "debugScore": 99.35,
        "firstConsScore": 461.56,
        "algorthmScore": 284.26
    },
    {
        "case_id": "2382",
        "case_type": "树结构",
        "debugScore": 805.39,
        "firstConsScore": 258.67,
        "algorthmScore": 248.83
    },
    {
        "case_id": "2416",
        "case_type": "树结构",
        "debugScore": 136.26,
        "firstConsScore": 374.67,
        "algorthmScore": 231.98
    },
    {
        "case_id": "2636",
        "case_type": "树结构",
        "debugScore": 109.29,
        "firstConsScore": 261.28,
        "algorthmScore": 179.53
    },
    {
        "case_id": "2657",
        "case_type": "树结构",
        "debugScore": 845.74,
        "firstConsScore": 378.45,
        "algorthmScore": 289.76
    },
    {
        "case_id": "2633",
        "case_type": "树结构",
        "debugScore": 564.3,
        "firstConsScore": 346.65,
        "algorthmScore": 245.04
    },
    {
        "case_id": "2699",
        "case_type": "树结构",
        "debugScore": 681.02,
        "firstConsScore": 437.43,
        "algorthmScore": 255.31
    },
    {
        "case_id": "2599",
        "case_type": "树结构",
        "debugScore": 850.39,
        "firstConsScore": 357.28,
        "algorthmScore": 278.5
    },
    {
        "case_id": "2632",
        "case_type": "树结构",
        "debugScore": 491.66,
        "firstConsScore": 402.46,
        "algorthmScore": 274.65
    },
    {
        "case_id": "2654",
        "case_type": "树结构",
        "debugScore": 110.29,
        "firstConsScore": 460.79,
        "algorthmScore": 296.69
    },
    {
        "case_id": "2598",
        "case_type": "树结构",
        "debugScore": 95.29,
        "firstConsScore": 421.73,
        "algorthmScore": 268.93
    },
    {
        "case_id": "2631",
        "case_type": "树结构",
        "debugScore": 602.95,
        "firstConsScore": 317.09,
        "algorthmScore": 259.16
    },
    {
        "case_id": "2697",
        "case_type": "树结构",
        "debugScore": 940.22,
        "firstConsScore": 367.84,
        "algorthmScore": 281.12
    },
    {
        "case_id": "2355",
        "case_type": "树结构",
        "debugScore": 608.23,
        "firstConsScore": 425.47,
        "algorthmScore": 280.47
    },
    {
        "case_id": "2696",
        "case_type": "树结构",
        "debugScore": 721.29,
        "firstConsScore": 288.02,
        "algorthmScore": 154.14
    },
    {
        "case_id": "2695",
        "case_type": "树结构",
        "debugScore": 379.68,
        "firstConsScore": 506.79,
        "algorthmScore": 282.83
    },
    {
        "case_id": "2398",
        "case_type": "树结构",
        "debugScore": 91.47,
        "firstConsScore": 505.44,
        "algorthmScore": 238.38
    },
    {
        "case_id": "2638",
        "case_type": "树结构",
        "debugScore": 984.96,
        "firstConsScore": 314.24,
        "algorthmScore": 278.28
    }
]