[
    {
        "case_id": "2650",
        "case_type": "树结构",
        "debugScore": 103.37,
        "firstConsScore": 269.3,
        "algorthmScore": 291.32
    },
    {
        "case_id": "2397",
        "case_type": "树结构",
        "debugScore": 892.38,
        "firstConsScore": 266.62,
        "algorthmScore": 355.34
    },
    {
        "case_id": "2353",
        "case_type": "树结构",
        "debugScore": 722.79,
        "firstConsScore": 186.3,
        "algorthmScore": 333.53
    },
    {
        "case_id": "2524",
        "case_type": "树结构",
        "debugScore": 120.48,
        "firstConsScore": 255.78,
        "algorthmScore": 341.98
    },
    {
        "case_id": "2600",
        "case_type": "树结构",
        "debugScore": 114.11,
        "firstConsScore": 282.58,
        "algorthmScore": 285.76
    },
    {
        "case_id": "2400",
        "case_type": "树结构",
        "debugScore": 214.75,
        "firstConsScore": 256.82,
        "algorthmScore": 353.11
    },
    {
        "case_id": "2509",
        "case_type": "树结构",
        "debugScore": 89.65,
        "firstConsScore": 231.36,
        "algorthmScore": 282.66
    },
    {
        "case_id": "2605",
        "case_type": "树结构",
        "debugScore": 86.96,
        "firstConsScore": 243.31,
        "algorthmScore": 439.01
    },
    {
        "case_id": "2549",
        "case_type": "树结构",
        "debugScore": 95.72,
        "firstConsScore": 249.77,
        "algorthmScore": 295.33
    },
    {
        "case_id": "2648",
        "case_type": "树结构",
        "debugScore": 554.52,
        "firstConsScore": 195.64,
        "algorthmScore": 340.91
    },
    {
        "case_id": "2540",
        "case_type": "树结构",
        "debugScore": 229.08,
        "firstConsScore": 249.91,
        "algorthmScore": 365.5
    },
    {
        "case_id": "2660",
        "case_type": "树结构",
        "debugScore": 107.68,
        "firstConsScore": 268.6,
        "algorthmScore": 301.42
    },
    {
        "case_id": "2382",
        "case_type": "树结构",
        "debugScore": 343.9,
        "firstConsScore": 156.2,
        "algorthmScore": 276.26
    },
    {
        "case_id": "2416",
        "case_type": "树结构",
        "debugScore": 136.26,
        "firstConsScore": 210.53,
        "algorthmScore": 331.49
    },
    {
        "case_id": "2636",
        "case_type": "树结构",
        "debugScore": 109.29,
        "firstConsScore": 213.64,
        "algorthmScore": 317.14
    },
    {
        "case_id": "2657",
        "case_type": "树结构",
        "debugScore": 100.79,
        "firstConsScore": 248.1,
        "algorthmScore": 334.27
    },
    {
        "case_id": "2633",
        "case_type": "树结构",
        "debugScore": 154.13,
        "firstConsScore": 268.86,
        "algorthmScore": 276.71
    },
    {
        "case_id": "2699",
        "case_type": "树结构",
        "debugScore": 119.51,
        "firstConsScore": 268.62,
        "algorthmScore": 338.33
    },
    {
        "case_id": "2599",
        "case_type": "树结构",
        "debugScore": 565.81,
        "firstConsScore": 224.58,
        "algorthmScore": 246.61
    },
    {
        "case_id": "2632",
        "case_type": "树结构",
        "debugScore": 491.66,
        "firstConsScore": 234.76,
        "algorthmScore": 297.16
    },
    {
        "case_id": "2654",
        "case_type": "树结构",
        "debugScore": 110.29,
        "firstConsScore": 186.69,
        "algorthmScore": 322.4
    },
    {
        "case_id": "2598",
        "case_type": "树结构",
        "debugScore": 95.29,
        "firstConsScore": 258.89,
        "algorthmScore": 296.79
    },
    {
        "case_id": "2631",
        "case_type": "树结构",
        "debugScore": 548.11,
        "firstConsScore": 196.73,
        "algorthmScore": 257.05
    },
    {
        "case_id": "2697",
        "case_type": "树结构",
        "debugScore": 96.64,
        "firstConsScore": 250.26,
        "algorthmScore": 177.81
    },
    {
        "case_id": "2696",
        "case_type": "树结构",
        "debugScore": 95.8,
        "firstConsScore": 254.66,
        "algorthmScore": 341.63
    },
    {
        "case_id": "2355",
        "case_type": "树结构",
        "debugScore": 129.65,
        "firstConsScore": 288.14,
        "algorthmScore": 340.55
    },
    {
        "case_id": "2398",
        "case_type": "树结构",
        "debugScore": 511.5,
        "firstConsScore": 264.92,
        "algorthmScore": 263.47
    },
    {
        "case_id": "2695",
        "case_type": "树结构",
        "debugScore": 113.57,
        "firstConsScore": 233.36,
        "algorthmScore": 325.0
    },
    {
        "case_id": "2638",
        "case_type": "树结构",
        "debugScore": 103.09,
        "firstConsScore": 263.26,
        "algorthmScore": 292.85
    }
]