[
    {
        "case_id": "2694",
        "case_type": "查找算法",
        "debugScore": 106.82,
        "firstConsScore": 229.86,
        "algorthmScore": 466.9
    },
    {
        "case_id": "2570",
        "case_type": "查找算法",
        "debugScore": 106.26,
        "firstConsScore": 141.01,
        "algorthmScore": 282.07
    },
    {
        "case_id": "2701",
        "case_type": "查找算法",
        "debugScore": 98.47,
        "firstConsScore": 181.11,
        "algorthmScore": 214.94
    },
    {
        "case_id": "2745",
        "case_type": "查找算法",
        "debugScore": 103.02,
        "firstConsScore": 194.14,
        "algorthmScore": 289.96
    },
    {
        "case_id": "2711",
        "case_type": "查找算法",
        "debugScore": 109.95,
        "firstConsScore": 195.22,
        "algorthmScore": 235.85
    },
    {
        "case_id": "2567",
        "case_type": "查找算法",
        "debugScore": 103.66,
        "firstConsScore": 413.05,
        "algorthmScore": 245.09
    },
    {
        "case_id": "2720",
        "case_type": "查找算法",
        "debugScore": 95.1,
        "firstConsScore": 178.14,
        "algorthmScore": 283.53
    },
    {
        "case_id": "2729",
        "case_type": "查找算法",
        "debugScore": 857.46,
        "firstConsScore": 126.1,
        "algorthmScore": 225.58
    },
    {
        "case_id": "2707",
        "case_type": "查找算法",
        "debugScore": 82.37,
        "firstConsScore": 131.14,
        "algorthmScore": 126.1
    },
    {
        "case_id": "2718",
        "case_type": "查找算法",
        "debugScore": 114.84,
        "firstConsScore": 184.89,
        "algorthmScore": 262.12
    },
    {
        "case_id": "2706",
        "case_type": "查找算法",
        "debugScore": 98.66,
        "firstConsScore": 263.93,
        "algorthmScore": 238.19
    },
    {
        "case_id": "2717",
        "case_type": "查找算法",
        "debugScore": 89.71,
        "firstConsScore": 218.04,
        "algorthmScore": 264.47
    },
    {
        "case_id": "2606",
        "case_type": "查找算法",
        "debugScore": 70.86,
        "firstConsScore": 260.49,
        "algorthmScore": 217.48
    },
    {
        "case_id": "2716",
        "case_type": "查找算法",
        "debugScore": 130.92,
        "firstConsScore": 247.85,
        "algorthmScore": 293.15
    },
    {
        "case_id": "2639",
        "case_type": "查找算法",
        "debugScore": 80.58,
        "firstConsScore": 179.2,
        "algorthmScore": 265.12
    },
    {
        "case_id": "2705",
        "case_type": "查找算法",
        "debugScore": 549.81,
        "firstConsScore": 118.53,
        "algorthmScore": 257.23
    },
    {
        "case_id": "2737",
        "case_type": "查找算法",
        "debugScore": 77.12,
        "firstConsScore": 277.17,
        "algorthmScore": 266.46
    },
    {
        "case_id": "2726",
        "case_type": "查找算法",
        "debugScore": 101.13,
        "firstConsScore": 345.05,
        "algorthmScore": 358.35
    },
    {
        "case_id": "2715",
        "case_type": "查找算法",
        "debugScore": 588.14,
        "firstConsScore": 130.87,
        "algorthmScore": 254.59
    },
    {
        "case_id": "2703",
        "case_type": "查找算法",
        "debugScore": 92.62,
        "firstConsScore": 189.89,
        "algorthmScore": 228.37
    }
]