[
    {
        "case_id": "2954",
        "case_type": "字符串",
        "debugScore": 119.33,
        "firstConsScore": 305.96,
        "algorthmScore": 300.04
    },
    {
        "case_id": "2975",
        "case_type": "字符串",
        "debugScore": 82.68,
        "firstConsScore": 280.9,
        "algorthmScore": 257.59
    },
    {
        "case_id": "2942",
        "case_type": "字符串",
        "debugScore": 80.71,
        "firstConsScore": 474.51,
        "algorthmScore": 260.66
    },
    {
        "case_id": "2963",
        "case_type": "字符串",
        "debugScore": 122.46,
        "firstConsScore": 352.52,
        "algorthmScore": 310.59
    },
    {
        "case_id": "2974",
        "case_type": "字符串",
        "debugScore": 97.32,
        "firstConsScore": 251.96,
        "algorthmScore": 363.26
    },
    {
        "case_id": "2984",
        "case_type": "字符串",
        "debugScore": 92.47,
        "firstConsScore": 228.24,
        "algorthmScore": 205.11
    },
    {
        "case_id": "2961",
        "case_type": "字符串",
        "debugScore": 96.64,
        "firstConsScore": 298.85,
        "algorthmScore": 305.31
    },
    {
        "case_id": "2972",
        "case_type": "字符串",
        "debugScore": 104.15,
        "firstConsScore": 377.62,
        "algorthmScore": 345.31
    },
    {
        "case_id": "2981",
        "case_type": "字符串",
        "debugScore": 90.21,
        "firstConsScore": 286.9,
        "algorthmScore": 386.95
    },
    {
        "case_id": "2970",
        "case_type": "字符串",
        "debugScore": 648.37,
        "firstConsScore": 225.6,
        "algorthmScore": 398.15
    },
    {
        "case_id": "2969",
        "case_type": "字符串",
        "debugScore": 125.36,
        "firstConsScore": 344.36,
        "algorthmScore": 321.57
    },
    {
        "case_id": "2979",
        "case_type": "字符串",
        "debugScore": 83.0,
        "firstConsScore": 297.46,
        "algorthmScore": 203.26
    },
    {
        "case_id": "2946",
        "case_type": "字符串",
        "debugScore": 81.27,
        "firstConsScore": 373.66,
        "algorthmScore": 309.12
    },
    {
        "case_id": "2957",
        "case_type": "字符串",
        "debugScore": 122.3,
        "firstConsScore": 268.47,
        "algorthmScore": 337.37
    },
    {
        "case_id": "2968",
        "case_type": "字符串",
        "debugScore": 204.85,
        "firstConsScore": 284.57,
        "algorthmScore": 389.75
    },
    {
        "case_id": "2978",
        "case_type": "字符串",
        "debugScore": 66.74,
        "firstConsScore": 324.88,
        "algorthmScore": 219.73
    },
    {
        "case_id": "2945",
        "case_type": "字符串",
        "debugScore": 82.75,
        "firstConsScore": 376.33,
        "algorthmScore": 201.03
    },
    {
        "case_id": "2956",
        "case_type": "字符串",
        "debugScore": 106.37,
        "firstConsScore": 276.51,
        "algorthmScore": 305.73
    }
]