[
    {
        "case_id": "2525",
        "case_type": "排序算法",
        "debugScore": 85.29,
        "firstConsScore": 249.5,
        "algorthmScore": 341.03
    },
    {
        "case_id": "2523",
        "case_type": "排序算法",
        "debugScore": 398.21,
        "firstConsScore": 258.17,
        "algorthmScore": 254.47
    },
    {
        "case_id": "2532",
        "case_type": "排序算法",
        "debugScore": 386.05,
        "firstConsScore": 226.75,
        "algorthmScore": 205.64
    },
    {
        "case_id": "2521",
        "case_type": "排序算法",
        "debugScore": 93.94,
        "firstConsScore": 213.27,
        "algorthmScore": 223.18
    },
    {
        "case_id": "2531",
        "case_type": "排序算法",
        "debugScore": 79.16,
        "firstConsScore": 233.58,
        "algorthmScore": 187.49
    },
    {
        "case_id": "2530",
        "case_type": "排序算法",
        "debugScore": 72.8,
        "firstConsScore": 287.65,
        "algorthmScore": 248.71
    },
    {
        "case_id": "2497",
        "case_type": "排序算法",
        "debugScore": 815.82,
        "firstConsScore": 157.73,
        "algorthmScore": 325.47
    },
    {
        "case_id": "2519",
        "case_type": "排序算法",
        "debugScore": 78.91,
        "firstConsScore": 306.03,
        "algorthmScore": 168.12
    },
    {
        "case_id": "2529",
        "case_type": "排序算法",
        "debugScore": 80.16,
        "firstConsScore": 272.31,
        "algorthmScore": 256.31
    },
    {
        "case_id": "2528",
        "case_type": "排序算法",
        "debugScore": 98.89,
        "firstConsScore": 327.34,
        "algorthmScore": 289.38
    },
    {
        "case_id": "2527",
        "case_type": "排序算法",
        "debugScore": 257.21,
        "firstConsScore": 234.33,
        "algorthmScore": 296.38
    }
]