[
    {
        "case_id": "2525",
        "case_type": "排序算法",
        "debugScore": 85.29,
        "firstConsScore": 345.0,
        "algorthmScore": 304.72
    },
    {
        "case_id": "2523",
        "case_type": "排序算法",
        "debugScore": 90.36,
        "firstConsScore": 315.0,
        "algorthmScore": 254.28
    },
    {
        "case_id": "2521",
        "case_type": "排序算法",
        "debugScore": 93.94,
        "firstConsScore": 290.02,
        "algorthmScore": 232.44
    },
    {
        "case_id": "2532",
        "case_type": "排序算法",
        "debugScore": 388.04,
        "firstConsScore": 282.42,
        "algorthmScore": 259.7
    },
    {
        "case_id": "2531",
        "case_type": "排序算法",
        "debugScore": 79.16,
        "firstConsScore": 289.87,
        "algorthmScore": 270.54
    },
    {
        "case_id": "2530",
        "case_type": "排序算法",
        "debugScore": 72.8,
        "firstConsScore": 245.18,
        "algorthmScore": 221.47
    },
    {
        "case_id": "2497",
        "case_type": "排序算法",
        "debugScore": 82.11,
        "firstConsScore": 330.26,
        "algorthmScore": 288.76
    },
    {
        "case_id": "2519",
        "case_type": "排序算法",
        "debugScore": 78.91,
        "firstConsScore": 331.03,
        "algorthmScore": 296.29
    },
    {
        "case_id": "2529",
        "case_type": "排序算法",
        "debugScore": 80.16,
        "firstConsScore": 298.44,
        "algorthmScore": 296.15
    },
    {
        "case_id": "2528",
        "case_type": "排序算法",
        "debugScore": 98.89,
        "firstConsScore": 328.2,
        "algorthmScore": 284.04
    },
    {
        "case_id": "2527",
        "case_type": "排序算法",
        "debugScore": 92.8,
        "firstConsScore": 365.86,
        "algorthmScore": 296.54
    }
]