[
    {
        "case_id": "2870",
        "case_type": "数组",
        "debugScore": 102.62,
        "firstConsScore": 188.52,
        "algorthmScore": 249.27
    },
    {
        "case_id": "2374",
        "case_type": "数组",
        "debugScore": 468.77,
        "firstConsScore": 96.36,
        "algorthmScore": 269.34
    },
    {
        "case_id": "2470",
        "case_type": "数组",
        "debugScore": 554.45,
        "firstConsScore": 161.21,
        "algorthmScore": 248.25
    },
    {
        "case_id": "2393",
        "case_type": "数组",
        "debugScore": 98.88,
        "firstConsScore": 182.17,
        "algorthmScore": 169.82
    },
    {
        "case_id": "2867",
        "case_type": "数组",
        "debugScore": 79.5,
        "firstConsScore": 188.85,
        "algorthmScore": 206.49
    },
    {
        "case_id": "2845",
        "case_type": "数组",
        "debugScore": 160.64,
        "firstConsScore": 220.2,
        "algorthmScore": 272.38
    },
    {
        "case_id": "2823",
        "case_type": "数组",
        "debugScore": 111.08,
        "firstConsScore": 314.64,
        "algorthmScore": 278.8
    },
    {
        "case_id": "2844",
        "case_type": "数组",
        "debugScore": 427.98,
        "firstConsScore": 179.35,
        "algorthmScore": 190.79
    },
    {
        "case_id": "2866",
        "case_type": "数组",
        "debugScore": 82.82,
        "firstConsScore": 205.78,
        "algorthmScore": 219.25
    },
    {
        "case_id": "2865",
        "case_type": "数组",
        "debugScore": 75.41,
        "firstConsScore": 220.91,
        "algorthmScore": 270.32
    },
    {
        "case_id": "2843",
        "case_type": "数组",
        "debugScore": 77.99,
        "firstConsScore": 204.4,
        "algorthmScore": 257.09
    },
    {
        "case_id": "2469",
        "case_type": "数组",
        "debugScore": 103.45,
        "firstConsScore": 229.44,
        "algorthmScore": 318.19
    },
    {
        "case_id": "2864",
        "case_type": "数组",
        "debugScore": 114.6,
        "firstConsScore": 265.36,
        "algorthmScore": 269.19
    },
    {
        "case_id": "2842",
        "case_type": "数组",
        "debugScore": 108.29,
        "firstConsScore": 259.79,
        "algorthmScore": 277.8
    },
    {
        "case_id": "2863",
        "case_type": "数组",
        "debugScore": 84.28,
        "firstConsScore": 193.77,
        "algorthmScore": 231.8
    },
    {
        "case_id": "2840",
        "case_type": "数组",
        "debugScore": 80.88,
        "firstConsScore": 190.45,
        "algorthmScore": 223.98
    },
    {
        "case_id": "2861",
        "case_type": "数组",
        "debugScore": 79.57,
        "firstConsScore": 198.05,
        "algorthmScore": 293.96
    },
    {
        "case_id": "2849",
        "case_type": "数组",
        "debugScore": 90.72,
        "firstConsScore": 187.46,
        "algorthmScore": 221.77
    },
    {
        "case_id": "2848",
        "case_type": "数组",
        "debugScore": 85.23,
        "firstConsScore": 220.45,
        "algorthmScore": 246.69
    },
    {
        "case_id": "2868",
        "case_type": "数组",
        "debugScore": 88.1,
        "firstConsScore": 198.01,
        "algorthmScore": 230.04
    },
    {
        "case_id": "2824",
        "case_type": "数组",
        "debugScore": 89.12,
        "firstConsScore": 180.68,
        "algorthmScore": 179.13
    },
    {
        "case_id": "2384",
        "case_type": "数组",
        "debugScore": 97.01,
        "firstConsScore": 229.37,
        "algorthmScore": 280.49
    },
    {
        "case_id": "2834",
        "case_type": "数组",
        "debugScore": 82.17,
        "firstConsScore": 187.8,
        "algorthmScore": 275.74
    },
    {
        "case_id": "2877",
        "case_type": "数组",
        "debugScore": 81.19,
        "firstConsScore": 218.73,
        "algorthmScore": 260.19
    },
    {
        "case_id": "2855",
        "case_type": "数组",
        "debugScore": 79.92,
        "firstConsScore": 202.18,
        "algorthmScore": 154.52
    },
    {
        "case_id": "2854",
        "case_type": "数组",
        "debugScore": 127.92,
        "firstConsScore": 233.76,
        "algorthmScore": 295.72
    },
    {
        "case_id": "2832",
        "case_type": "数组",
        "debugScore": 84.17,
        "firstConsScore": 194.78,
        "algorthmScore": 170.32
    },
    {
        "case_id": "2875",
        "case_type": "数组",
        "debugScore": 74.56,
        "firstConsScore": 170.44,
        "algorthmScore": 112.88
    },
    {
        "case_id": "2831",
        "case_type": "数组",
        "debugScore": 89.78,
        "firstConsScore": 243.65,
        "algorthmScore": 284.5
    },
    {
        "case_id": "2853",
        "case_type": "数组",
        "debugScore": 106.45,
        "firstConsScore": 188.01,
        "algorthmScore": 245.64
    },
    {
        "case_id": "2830",
        "case_type": "数组",
        "debugScore": 489.26,
        "firstConsScore": 176.81,
        "algorthmScore": 277.16
    },
    {
        "case_id": "2852",
        "case_type": "数组",
        "debugScore": 92.08,
        "firstConsScore": 213.54,
        "algorthmScore": 259.68
    },
    {
        "case_id": "2873",
        "case_type": "数组",
        "debugScore": 81.47,
        "firstConsScore": 226.15,
        "algorthmScore": 243.14
    },
    {
        "case_id": "2851",
        "case_type": "数组",
        "debugScore": 370.13,
        "firstConsScore": 179.76,
        "algorthmScore": 262.3
    },
    {
        "case_id": "2872",
        "case_type": "数组",
        "debugScore": 86.13,
        "firstConsScore": 210.5,
        "algorthmScore": 247.31
    },
    {
        "case_id": "2850",
        "case_type": "数组",
        "debugScore": 452.88,
        "firstConsScore": 134.18,
        "algorthmScore": 271.05
    },
    {
        "case_id": "2819",
        "case_type": "数组",
        "debugScore": 109.67,
        "firstConsScore": 202.62,
        "algorthmScore": 278.39
    },
    {
        "case_id": "2838",
        "case_type": "数组",
        "debugScore": 77.66,
        "firstConsScore": 196.32,
        "algorthmScore": 260.14
    },
    {
        "case_id": "2859",
        "case_type": "数组",
        "debugScore": 83.97,
        "firstConsScore": 211.4,
        "algorthmScore": 203.28
    },
    {
        "case_id": "2837",
        "case_type": "数组",
        "debugScore": 79.15,
        "firstConsScore": 205.57,
        "algorthmScore": 195.76
    },
    {
        "case_id": "2815",
        "case_type": "数组",
        "debugScore": 82.82,
        "firstConsScore": 181.19,
        "algorthmScore": 255.17
    },
    {
        "case_id": "2836",
        "case_type": "数组",
        "debugScore": 97.01,
        "firstConsScore": 212.0,
        "algorthmScore": 283.92
    },
    {
        "case_id": "2858",
        "case_type": "数组",
        "debugScore": 118.89,
        "firstConsScore": 179.57,
        "algorthmScore": 181.86
    },
    {
        "case_id": "2835",
        "case_type": "数组",
        "debugScore": 86.84,
        "firstConsScore": 206.05,
        "algorthmScore": 167.17
    },
    {
        "case_id": "2857",
        "case_type": "数组",
        "debugScore": 145.1,
        "firstConsScore": 477.96,
        "algorthmScore": 297.35
    }
]