[
    {
        "case_id": "2536",
        "case_type": "图结构",
        "debugScore": 749.62,
        "firstConsScore": 92.49,
        "algorthmScore": 286.65
    },
    {
        "case_id": "2305",
        "case_type": "图结构",
        "debugScore": 1034.44,
        "firstConsScore": 131.59,
        "algorthmScore": 283.39
    },
    {
        "case_id": "2316",
        "case_type": "图结构",
        "debugScore": 570.79,
        "firstConsScore": 87.14,
        "algorthmScore": 301.83
    },
    {
        "case_id": "2348",
        "case_type": "图结构",
        "debugScore": 853.46,
        "firstConsScore": 155.83,
        "algorthmScore": 384.61
    },
    {
        "case_id": "2347",
        "case_type": "图结构",
        "debugScore": 762.33,
        "firstConsScore": 99.96,
        "algorthmScore": 189.1
    },
    {
        "case_id": "2444",
        "case_type": "图结构",
        "debugScore": 785.98,
        "firstConsScore": 196.06,
        "algorthmScore": 290.62
    },
    {
        "case_id": "2235",
        "case_type": "图结构",
        "debugScore": 697.74,
        "firstConsScore": 65.25,
        "algorthmScore": 281.06
    },
    {
        "case_id": "2343",
        "case_type": "图结构",
        "debugScore": 159.91,
        "firstConsScore": 161.49,
        "algorthmScore": 123.89
    },
    {
        "case_id": "2354",
        "case_type": "图结构",
        "debugScore": 1104.93,
        "firstConsScore": 62.7,
        "algorthmScore": 261.94
    },
    {
        "case_id": "2331",
        "case_type": "图结构",
        "debugScore": 921.24,
        "firstConsScore": 63.16,
        "algorthmScore": 281.99
    },
    {
        "case_id": "2352",
        "case_type": "图结构",
        "debugScore": 423.04,
        "firstConsScore": 204.66,
        "algorthmScore": 312.82
    },
    {
        "case_id": "2704",
        "case_type": "图结构",
        "debugScore": 115.53,
        "firstConsScore": 217.48,
        "algorthmScore": 280.52
    }
]