[
    {
        "case_id": "2305",
        "case_type": "图结构",
        "debugScore": 151.47,
        "firstConsScore": 631.25,
        "algorthmScore": 224.53
    },
    {
        "case_id": "2316",
        "case_type": "图结构",
        "debugScore": 161.56,
        "firstConsScore": 830.6,
        "algorthmScore": 340.7
    },
    {
        "case_id": "2536",
        "case_type": "图结构",
        "debugScore": 115.41,
        "firstConsScore": 485.24,
        "algorthmScore": 316.52
    },
    {
        "case_id": "2348",
        "case_type": "图结构",
        "debugScore": 125.51,
        "firstConsScore": 753.03,
        "algorthmScore": 284.65
    },
    {
        "case_id": "2347",
        "case_type": "图结构",
        "debugScore": 149.21,
        "firstConsScore": 679.93,
        "algorthmScore": 327.47
    },
    {
        "case_id": "2444",
        "case_type": "图结构",
        "debugScore": 99.71,
        "firstConsScore": 593.01,
        "algorthmScore": 315.66
    },
    {
        "case_id": "2235",
        "case_type": "图结构",
        "debugScore": 153.84,
        "firstConsScore": 769.61,
        "algorthmScore": 208.34
    },
    {
        "case_id": "2343",
        "case_type": "图结构",
        "debugScore": 159.91,
        "firstConsScore": 729.2,
        "algorthmScore": 325.89
    },
    {
        "case_id": "2354",
        "case_type": "图结构",
        "debugScore": 107.53,
        "firstConsScore": 923.04,
        "algorthmScore": 312.26
    },
    {
        "case_id": "2331",
        "case_type": "图结构",
        "debugScore": 504.56,
        "firstConsScore": 606.55,
        "algorthmScore": 292.84
    },
    {
        "case_id": "2352",
        "case_type": "图结构",
        "debugScore": 125.91,
        "firstConsScore": 586.91,
        "algorthmScore": 331.01
    },
    {
        "case_id": "2704",
        "case_type": "图结构",
        "debugScore": 115.53,
        "firstConsScore": 482.78,
        "algorthmScore": 307.69
    }
]