[
    {
        "case_id": "2650",
        "case_type": "树结构",
        "debugScore": 103.37,
        "firstConsScore": 173.38,
        "algorthmScore": 267.34
    },
    {
        "case_id": "2353",
        "case_type": "树结构",
        "debugScore": 95.88,
        "firstConsScore": 225.32,
        "algorthmScore": 338.97
    },
    {
        "case_id": "2397",
        "case_type": "树结构",
        "debugScore": 135.7,
        "firstConsScore": 240.9,
        "algorthmScore": 362.27
    },
    {
        "case_id": "2524",
        "case_type": "树结构",
        "debugScore": 120.48,
        "firstConsScore": 234.78,
        "algorthmScore": 354.74
    },
    {
        "case_id": "2600",
        "case_type": "树结构",
        "debugScore": 114.11,
        "firstConsScore": 177.93,
        "algorthmScore": 243.33
    },
    {
        "case_id": "2400",
        "case_type": "树结构",
        "debugScore": 133.94,
        "firstConsScore": 222.81,
        "algorthmScore": 322.68
    },
    {
        "case_id": "2509",
        "case_type": "树结构",
        "debugScore": 89.65,
        "firstConsScore": 141.34,
        "algorthmScore": 265.67
    },
    {
        "case_id": "2605",
        "case_type": "树结构",
        "debugScore": 86.96,
        "firstConsScore": 214.44,
        "algorthmScore": 393.03
    },
    {
        "case_id": "2549",
        "case_type": "树结构",
        "debugScore": 95.72,
        "firstConsScore": 151.92,
        "algorthmScore": 262.04
    },
    {
        "case_id": "2648",
        "case_type": "树结构",
        "debugScore": 101.08,
        "firstConsScore": 227.49,
        "algorthmScore": 306.48
    },
    {
        "case_id": "2540",
        "case_type": "树结构",
        "debugScore": 139.08,
        "firstConsScore": 239.37,
        "algorthmScore": 344.44
    },
    {
        "case_id": "2660",
        "case_type": "树结构",
        "debugScore": 1401.32,
        "firstConsScore": 58.76,
        "algorthmScore": 262.71
    },
    {
        "case_id": "2382",
        "case_type": "树结构",
        "debugScore": 830.93,
        "firstConsScore": 47.06,
        "algorthmScore": 273.42
    },
    {
        "case_id": "2416",
        "case_type": "树结构",
        "debugScore": 767.75,
        "firstConsScore": 97.65,
        "algorthmScore": 296.08
    },
    {
        "case_id": "2636",
        "case_type": "树结构",
        "debugScore": 109.29,
        "firstConsScore": 173.84,
        "algorthmScore": 312.48
    },
    {
        "case_id": "2657",
        "case_type": "树结构",
        "debugScore": 100.79,
        "firstConsScore": 220.82,
        "algorthmScore": 318.98
    },
    {
        "case_id": "2633",
        "case_type": "树结构",
        "debugScore": 154.13,
        "firstConsScore": 179.78,
        "algorthmScore": 281.87
    },
    {
        "case_id": "2699",
        "case_type": "树结构",
        "debugScore": 119.51,
        "firstConsScore": 236.15,
        "algorthmScore": 323.31
    },
    {
        "case_id": "2599",
        "case_type": "树结构",
        "debugScore": 99.8,
        "firstConsScore": 207.43,
        "algorthmScore": 330.52
    },
    {
        "case_id": "2632",
        "case_type": "树结构",
        "debugScore": 116.46,
        "firstConsScore": 203.05,
        "algorthmScore": 328.56
    },
    {
        "case_id": "2654",
        "case_type": "树结构",
        "debugScore": 110.29,
        "firstConsScore": 156.18,
        "algorthmScore": 299.98
    },
    {
        "case_id": "2598",
        "case_type": "树结构",
        "debugScore": 95.29,
        "firstConsScore": 161.49,
        "algorthmScore": 293.65
    },
    {
        "case_id": "2631",
        "case_type": "树结构",
        "debugScore": 90.08,
        "firstConsScore": 222.14,
        "algorthmScore": 320.0
    },
    {
        "case_id": "2697",
        "case_type": "树结构",
        "debugScore": 96.64,
        "firstConsScore": 188.75,
        "algorthmScore": 367.42
    },
    {
        "case_id": "2696",
        "case_type": "树结构",
        "debugScore": 95.8,
        "firstConsScore": 222.61,
        "algorthmScore": 322.82
    },
    {
        "case_id": "2695",
        "case_type": "树结构",
        "debugScore": 113.57,
        "firstConsScore": 204.65,
        "algorthmScore": 324.92
    },
    {
        "case_id": "2398",
        "case_type": "树结构",
        "debugScore": 91.47,
        "firstConsScore": 230.69,
        "algorthmScore": 349.4
    },
    {
        "case_id": "2638",
        "case_type": "树结构",
        "debugScore": 103.09,
        "firstConsScore": 177.93,
        "algorthmScore": 301.97
    }
]