[
    {
        "case_id": "2316",
        "case_type": "图结构",
        "debugScore": 161.56,
        "firstConsScore": 356.45,
        "algorthmScore": 375.23
    },
    {
        "case_id": "2536",
        "case_type": "图结构",
        "debugScore": 115.41,
        "firstConsScore": 211.09,
        "algorthmScore": 318.91
    },
    {
        "case_id": "2305",
        "case_type": "图结构",
        "debugScore": 188.39,
        "firstConsScore": 222.44,
        "algorthmScore": 337.12
    },
    {
        "case_id": "2348",
        "case_type": "图结构",
        "debugScore": 125.51,
        "firstConsScore": 290.71,
        "algorthmScore": 424.28
    },
    {
        "case_id": "2347",
        "case_type": "图结构",
        "debugScore": 149.21,
        "firstConsScore": 254.14,
        "algorthmScore": 328.3
    },
    {
        "case_id": "2235",
        "case_type": "图结构",
        "debugScore": 153.84,
        "firstConsScore": 233.77,
        "algorthmScore": 344.52
    },
    {
        "case_id": "2444",
        "case_type": "图结构",
        "debugScore": 99.71,
        "firstConsScore": 204.79,
        "algorthmScore": 309.96
    },
    {
        "case_id": "2354",
        "case_type": "图结构",
        "debugScore": 107.53,
        "firstConsScore": 222.05,
        "algorthmScore": 348.21
    },
    {
        "case_id": "2343",
        "case_type": "图结构",
        "debugScore": 159.91,
        "firstConsScore": 165.12,
        "algorthmScore": 339.23
    },
    {
        "case_id": "2331",
        "case_type": "图结构",
        "debugScore": 130.47,
        "firstConsScore": 214.86,
        "algorthmScore": 220.09
    },
    {
        "case_id": "2352",
        "case_type": "图结构",
        "debugScore": 125.91,
        "firstConsScore": 189.43,
        "algorthmScore": 279.43
    },
    {
        "case_id": "2704",
        "case_type": "图结构",
        "debugScore": 115.53,
        "firstConsScore": 176.62,
        "algorthmScore": 256.9
    }
]