[
    {
        "case_id": "2954",
        "case_type": "字符串",
        "debugScore": 119.33,
        "firstConsScore": 268.09,
        "algorthmScore": 299.12
    },
    {
        "case_id": "2975",
        "case_type": "字符串",
        "debugScore": 82.68,
        "firstConsScore": 293.82,
        "algorthmScore": 248.3
    },
    {
        "case_id": "2942",
        "case_type": "字符串",
        "debugScore": 80.71,
        "firstConsScore": 479.02,
        "algorthmScore": 282.67
    },
    {
        "case_id": "2974",
        "case_type": "字符串",
        "debugScore": 97.32,
        "firstConsScore": 258.86,
        "algorthmScore": 273.55
    },
    {
        "case_id": "2963",
        "case_type": "字符串",
        "debugScore": 122.46,
        "firstConsScore": 312.33,
        "algorthmScore": 307.88
    },
    {
        "case_id": "2984",
        "case_type": "字符串",
        "debugScore": 92.47,
        "firstConsScore": 234.04,
        "algorthmScore": 280.03
    },
    {
        "case_id": "2961",
        "case_type": "字符串",
        "debugScore": 96.64,
        "firstConsScore": 467.0,
        "algorthmScore": 302.81
    },
    {
        "case_id": "2972",
        "case_type": "字符串",
        "debugScore": 617.41,
        "firstConsScore": 114.84,
        "algorthmScore": 256.47
    },
    {
        "case_id": "2981",
        "case_type": "字符串",
        "debugScore": 90.21,
        "firstConsScore": 264.53,
        "algorthmScore": 254.96
    },
    {
        "case_id": "2970",
        "case_type": "字符串",
        "debugScore": 111.67,
        "firstConsScore": 269.33,
        "algorthmScore": 335.13
    },
    {
        "case_id": "2969",
        "case_type": "字符串",
        "debugScore": 119.12,
        "firstConsScore": 365.83,
        "algorthmScore": 295.63
    },
    {
        "case_id": "2979",
        "case_type": "字符串",
        "debugScore": 879.57,
        "firstConsScore": 191.12,
        "algorthmScore": 228.81
    },
    {
        "case_id": "2946",
        "case_type": "字符串",
        "debugScore": 81.27,
        "firstConsScore": 280.66,
        "algorthmScore": 128.0
    },
    {
        "case_id": "2968",
        "case_type": "字符串",
        "debugScore": 107.61,
        "firstConsScore": 282.1,
        "algorthmScore": 276.32
    },
    {
        "case_id": "2957",
        "case_type": "字符串",
        "debugScore": 122.3,
        "firstConsScore": 262.35,
        "algorthmScore": 325.89
    },
    {
        "case_id": "2978",
        "case_type": "字符串",
        "debugScore": 67.14,
        "firstConsScore": 271.92,
        "algorthmScore": 238.34
    },
    {
        "case_id": "2945",
        "case_type": "字符串",
        "debugScore": 82.75,
        "firstConsScore": 366.1,
        "algorthmScore": 181.39
    },
    {
        "case_id": "2956",
        "case_type": "字符串",
        "debugScore": 106.37,
        "firstConsScore": 282.3,
        "algorthmScore": 282.25
    }
]