[
    {
        "case_id": "2305",
        "case_type": "图结构",
        "debugScore": 173.67,
        "firstConsScore": 253.17,
        "algorthmScore": 282.54
    },
    {
        "case_id": "2316",
        "case_type": "图结构",
        "debugScore": 155.04,
        "firstConsScore": 241.3,
        "algorthmScore": 261.77
    },
    {
        "case_id": "2536",
        "case_type": "图结构",
        "debugScore": 796.94,
        "firstConsScore": 90.33,
        "algorthmScore": 156.08
    },
    {
        "case_id": "2348",
        "case_type": "图结构",
        "debugScore": 158.36,
        "firstConsScore": 321.24,
        "algorthmScore": 295.36
    },
    {
        "case_id": "2347",
        "case_type": "图结构",
        "debugScore": 197.09,
        "firstConsScore": 225.87,
        "algorthmScore": 182.19
    },
    {
        "case_id": "2444",
        "case_type": "图结构",
        "debugScore": 295.63,
        "firstConsScore": 259.53,
        "algorthmScore": 172.08
    },
    {
        "case_id": "2235",
        "case_type": "图结构",
        "debugScore": 377.1,
        "firstConsScore": 228.09,
        "algorthmScore": 246.65
    },
    {
        "case_id": "2343",
        "case_type": "图结构",
        "debugScore": 159.91,
        "firstConsScore": 258.76,
        "algorthmScore": 122.33
    },
    {
        "case_id": "2354",
        "case_type": "图结构",
        "debugScore": 107.53,
        "firstConsScore": 311.84,
        "algorthmScore": 177.41
    },
    {
        "case_id": "2331",
        "case_type": "图结构",
        "debugScore": 134.95,
        "firstConsScore": 248.1,
        "algorthmScore": 300.62
    },
    {
        "case_id": "2352",
        "case_type": "图结构",
        "debugScore": 90.65,
        "firstConsScore": 202.89,
        "algorthmScore": 273.6
    },
    {
        "case_id": "2704",
        "case_type": "图结构",
        "debugScore": 855.25,
        "firstConsScore": 139.48,
        "algorthmScore": 204.98
    }
]