[
    {
        "case_id": "2694",
        "case_type": "查找算法",
        "debugScore": 106.82,
        "firstConsScore": 260.31,
        "algorthmScore": 171.47
    },
    {
        "case_id": "2570",
        "case_type": "查找算法",
        "debugScore": 106.26,
        "firstConsScore": 326.98,
        "algorthmScore": 318.35
    },
    {
        "case_id": "2701",
        "case_type": "查找算法",
        "debugScore": 98.47,
        "firstConsScore": 292.97,
        "algorthmScore": 252.56
    },
    {
        "case_id": "2745",
        "case_type": "查找算法",
        "debugScore": 103.02,
        "firstConsScore": 375.04,
        "algorthmScore": 292.35
    },
    {
        "case_id": "2711",
        "case_type": "查找算法",
        "debugScore": 109.95,
        "firstConsScore": 313.3,
        "algorthmScore": 206.0
    },
    {
        "case_id": "2567",
        "case_type": "查找算法",
        "debugScore": 124.58,
        "firstConsScore": 366.99,
        "algorthmScore": 288.22
    },
    {
        "case_id": "2720",
        "case_type": "查找算法",
        "debugScore": 95.1,
        "firstConsScore": 355.54,
        "algorthmScore": 268.57
    },
    {
        "case_id": "2729",
        "case_type": "查找算法",
        "debugScore": 63.39,
        "firstConsScore": 282.0,
        "algorthmScore": 215.78
    },
    {
        "case_id": "2718",
        "case_type": "查找算法",
        "debugScore": 114.84,
        "firstConsScore": 365.38,
        "algorthmScore": 310.26
    },
    {
        "case_id": "2707",
        "case_type": "查找算法",
        "debugScore": 82.37,
        "firstConsScore": 256.99,
        "algorthmScore": 194.13
    },
    {
        "case_id": "2717",
        "case_type": "查找算法",
        "debugScore": 89.71,
        "firstConsScore": 349.49,
        "algorthmScore": 269.7
    },
    {
        "case_id": "2706",
        "case_type": "查找算法",
        "debugScore": 98.66,
        "firstConsScore": 367.5,
        "algorthmScore": 265.83
    },
    {
        "case_id": "2606",
        "case_type": "查找算法",
        "debugScore": 70.86,
        "firstConsScore": 246.68,
        "algorthmScore": 176.75
    },
    {
        "case_id": "2639",
        "case_type": "查找算法",
        "debugScore": 80.58,
        "firstConsScore": 378.87,
        "algorthmScore": 265.53
    },
    {
        "case_id": "2716",
        "case_type": "查找算法",
        "debugScore": 130.92,
        "firstConsScore": 389.04,
        "algorthmScore": 283.07
    },
    {
        "case_id": "2705",
        "case_type": "查找算法",
        "debugScore": 86.41,
        "firstConsScore": 308.15,
        "algorthmScore": 256.21
    },
    {
        "case_id": "2737",
        "case_type": "查找算法",
        "debugScore": 77.12,
        "firstConsScore": 270.42,
        "algorthmScore": 226.89
    },
    {
        "case_id": "2726",
        "case_type": "查找算法",
        "debugScore": 101.13,
        "firstConsScore": 317.41,
        "algorthmScore": 290.22
    },
    {
        "case_id": "2715",
        "case_type": "查找算法",
        "debugScore": 169.82,
        "firstConsScore": 279.46,
        "algorthmScore": 151.04
    },
    {
        "case_id": "2703",
        "case_type": "查找算法",
        "debugScore": 92.62,
        "firstConsScore": 336.45,
        "algorthmScore": 249.87
    }
]