[
    {
        "case_id": "2524",
        "case_type": "树结构",
        "debugScore": 120.48,
        "firstConsScore": 219.43,
        "algorthmScore": 211.75
    },
    {
        "case_id": "2509",
        "case_type": "树结构",
        "debugScore": 283.68,
        "firstConsScore": 112.51,
        "algorthmScore": 156.42
    },
    {
        "case_id": "2382",
        "case_type": "树结构",
        "debugScore": 94.56,
        "firstConsScore": 377.18,
        "algorthmScore": 264.87
    }
]