[
    {
        "case_id": "2092",
        "case_type": "数字操作",
        "debugScore": 121.66,
        "firstConsScore": 81.12,
        "algorthmScore": 164.21
    },
    {
        "case_id": "2363",
        "case_type": "数字操作",
        "debugScore": 965.88,
        "firstConsScore": 179.84,
        "algorthmScore": 306.25
    },
    {
        "case_id": "2362",
        "case_type": "数字操作",
        "debugScore": 82.97,
        "firstConsScore": 194.69,
        "algorthmScore": 255.85
    },
    {
        "case_id": "2162",
        "case_type": "数字操作",
        "debugScore": 497.43,
        "firstConsScore": 147.21,
        "algorthmScore": 240.52
    },
    {
        "case_id": "2370",
        "case_type": "数字操作",
        "debugScore": 98.06,
        "firstConsScore": 177.38,
        "algorthmScore": 218.0
    },
    {
        "case_id": "2403",
        "case_type": "数字操作",
        "debugScore": 819.37,
        "firstConsScore": 162.96,
        "algorthmScore": 257.3
    },
    {
        "case_id": "2402",
        "case_type": "数字操作",
        "debugScore": 115.64,
        "firstConsScore": 166.65,
        "algorthmScore": 290.9
    },
    {
        "case_id": "2379",
        "case_type": "数字操作",
        "debugScore": 79.85,
        "firstConsScore": 189.94,
        "algorthmScore": 278.57
    },
    {
        "case_id": "2324",
        "case_type": "数字操作",
        "debugScore": 104.1,
        "firstConsScore": 159.97,
        "algorthmScore": 294.11
    },
    {
        "case_id": "2411",
        "case_type": "数字操作",
        "debugScore": 704.09,
        "firstConsScore": 162.18,
        "algorthmScore": 204.15
    },
    {
        "case_id": "2367",
        "case_type": "数字操作",
        "debugScore": 91.57,
        "firstConsScore": 209.17,
        "algorthmScore": 299.03
    },
    {
        "case_id": "2421",
        "case_type": "数字操作",
        "debugScore": 642.59,
        "firstConsScore": 194.46,
        "algorthmScore": 292.78
    },
    {
        "case_id": "2377",
        "case_type": "数字操作",
        "debugScore": 66.45,
        "firstConsScore": 262.63,
        "algorthmScore": 206.96
    },
    {
        "case_id": "2420",
        "case_type": "数字操作",
        "debugScore": 68.03,
        "firstConsScore": 262.39,
        "algorthmScore": 242.6
    },
    {
        "case_id": "2442",
        "case_type": "数字操作",
        "debugScore": 816.64,
        "firstConsScore": 181.55,
        "algorthmScore": 203.67
    },
    {
        "case_id": "2409",
        "case_type": "数字操作",
        "debugScore": 685.65,
        "firstConsScore": 134.47,
        "algorthmScore": 185.85
    },
    {
        "case_id": "2419",
        "case_type": "数字操作",
        "debugScore": 963.18,
        "firstConsScore": 150.74,
        "algorthmScore": 269.74
    },
    {
        "case_id": "2518",
        "case_type": "数字操作",
        "debugScore": 701.3,
        "firstConsScore": 154.63,
        "algorthmScore": 261.51
    },
    {
        "case_id": "2407",
        "case_type": "数字操作",
        "debugScore": 924.93,
        "firstConsScore": 153.57,
        "algorthmScore": 255.53
    }
]