[
    {
        "case_id": "2305",
        "case_type": "图结构",
        "debugScore": 996.48,
        "firstConsScore": 266.25,
        "algorthmScore": 251.96
    },
    {
        "case_id": "2536",
        "case_type": "图结构",
        "debugScore": 115.41,
        "firstConsScore": 234.11,
        "algorthmScore": 321.83
    },
    {
        "case_id": "2316",
        "case_type": "图结构",
        "debugScore": 539.31,
        "firstConsScore": 179.36,
        "algorthmScore": 362.27
    },
    {
        "case_id": "2348",
        "case_type": "图结构",
        "debugScore": 125.51,
        "firstConsScore": 282.82,
        "algorthmScore": 298.69
    },
    {
        "case_id": "2347",
        "case_type": "图结构",
        "debugScore": 149.21,
        "firstConsScore": 282.26,
        "algorthmScore": 366.59
    },
    {
        "case_id": "2444",
        "case_type": "图结构",
        "debugScore": 845.05,
        "firstConsScore": 282.5,
        "algorthmScore": 302.49
    },
    {
        "case_id": "2235",
        "case_type": "图结构",
        "debugScore": 153.84,
        "firstConsScore": 260.62,
        "algorthmScore": 365.41
    },
    {
        "case_id": "2343",
        "case_type": "图结构",
        "debugScore": 159.91,
        "firstConsScore": 279.68,
        "algorthmScore": 339.33
    },
    {
        "case_id": "2354",
        "case_type": "图结构",
        "debugScore": 107.53,
        "firstConsScore": 255.14,
        "algorthmScore": 339.25
    },
    {
        "case_id": "2331",
        "case_type": "图结构",
        "debugScore": 891.09,
        "firstConsScore": 252.49,
        "algorthmScore": 341.23
    },
    {
        "case_id": "2352",
        "case_type": "图结构",
        "debugScore": 1016.09,
        "firstConsScore": 214.66,
        "algorthmScore": 367.62
    },
    {
        "case_id": "2704",
        "case_type": "图结构",
        "debugScore": 855.25,
        "firstConsScore": 150.74,
        "algorthmScore": 308.1
    }
]