[
    {
        "case_id": "2473",
        "case_type": "线性表",
        "debugScore": 86.76,
        "firstConsScore": 219.79,
        "algorthmScore": 260.43
    },
    {
        "case_id": "2471",
        "case_type": "线性表",
        "debugScore": 75.55,
        "firstConsScore": 173.54,
        "algorthmScore": 192.44
    },
    {
        "case_id": "2691",
        "case_type": "线性表",
        "debugScore": 100.02,
        "firstConsScore": 232.63,
        "algorthmScore": 248.58
    },
    {
        "case_id": "2690",
        "case_type": "线性表",
        "debugScore": 139.87,
        "firstConsScore": 217.1,
        "algorthmScore": 271.68
    },
    {
        "case_id": "2590",
        "case_type": "线性表",
        "debugScore": 83.15,
        "firstConsScore": 217.83,
        "algorthmScore": 129.76
    },
    {
        "case_id": "2724",
        "case_type": "线性表",
        "debugScore": 96.42,
        "firstConsScore": 148.13,
        "algorthmScore": 278.25
    },
    {
        "case_id": "2646",
        "case_type": "线性表",
        "debugScore": 85.37,
        "firstConsScore": 209.31,
        "algorthmScore": 266.17
    },
    {
        "case_id": "2723",
        "case_type": "线性表",
        "debugScore": 85.66,
        "firstConsScore": 151.14,
        "algorthmScore": 181.09
    },
    {
        "case_id": "2722",
        "case_type": "线性表",
        "debugScore": 78.28,
        "firstConsScore": 155.16,
        "algorthmScore": 258.13
    },
    {
        "case_id": "2721",
        "case_type": "线性表",
        "debugScore": 82.94,
        "firstConsScore": 165.98,
        "algorthmScore": 260.46
    },
    {
        "case_id": "2487",
        "case_type": "线性表",
        "debugScore": 76.37,
        "firstConsScore": 192.61,
        "algorthmScore": 244.38
    },
    {
        "case_id": "2486",
        "case_type": "线性表",
        "debugScore": 91.37,
        "firstConsScore": 223.84,
        "algorthmScore": 295.51
    },
    {
        "case_id": "2761",
        "case_type": "线性表",
        "debugScore": 84.71,
        "firstConsScore": 151.49,
        "algorthmScore": 244.92
    },
    {
        "case_id": "2728",
        "case_type": "线性表",
        "debugScore": 86.84,
        "firstConsScore": 220.29,
        "algorthmScore": 279.62
    },
    {
        "case_id": "2649",
        "case_type": "线性表",
        "debugScore": 79.24,
        "firstConsScore": 190.4,
        "algorthmScore": 179.9
    },
    {
        "case_id": "2725",
        "case_type": "线性表",
        "debugScore": 85.38,
        "firstConsScore": 142.08,
        "algorthmScore": 269.93
    },
    {
        "case_id": "2760",
        "case_type": "线性表",
        "debugScore": 94.78,
        "firstConsScore": 192.39,
        "algorthmScore": 278.5
    },
    {
        "case_id": "2484",
        "case_type": "线性表",
        "debugScore": 93.92,
        "firstConsScore": 160.68,
        "algorthmScore": 214.01
    },
    {
        "case_id": "2560",
        "case_type": "线性表",
        "debugScore": 94.09,
        "firstConsScore": 180.75,
        "algorthmScore": 144.86
    },
    {
        "case_id": "2483",
        "case_type": "线性表",
        "debugScore": 100.28,
        "firstConsScore": 183.97,
        "algorthmScore": 249.68
    },
    {
        "case_id": "2559",
        "case_type": "线性表",
        "debugScore": 50.49,
        "firstConsScore": 135.6,
        "algorthmScore": 331.9
    },
    {
        "case_id": "2557",
        "case_type": "线性表",
        "debugScore": 81.3,
        "firstConsScore": 232.61,
        "algorthmScore": 303.82
    },
    {
        "case_id": "2755",
        "case_type": "线性表",
        "debugScore": 105.5,
        "firstConsScore": 234.12,
        "algorthmScore": 285.56
    },
    {
        "case_id": "2732",
        "case_type": "线性表",
        "debugScore": 77.69,
        "firstConsScore": 172.36,
        "algorthmScore": 266.57
    },
    {
        "case_id": "2336",
        "case_type": "线性表",
        "debugScore": 87.28,
        "firstConsScore": 333.56,
        "algorthmScore": 236.8
    },
    {
        "case_id": "2731",
        "case_type": "线性表",
        "debugScore": 92.02,
        "firstConsScore": 206.21,
        "algorthmScore": 239.58
    },
    {
        "case_id": "2730",
        "case_type": "线性表",
        "debugScore": 77.3,
        "firstConsScore": 163.23,
        "algorthmScore": 203.13
    },
    {
        "case_id": "2759",
        "case_type": "线性表",
        "debugScore": 82.68,
        "firstConsScore": 148.9,
        "algorthmScore": 192.75
    }
]