[
    {
        "case_id": "2305",
        "case_type": "图结构",
        "debugScore": 273.96,
        "firstConsScore": 649.95,
        "algorthmScore": 352.63
    },
    {
        "case_id": "2536",
        "case_type": "图结构",
        "debugScore": 106.13,
        "firstConsScore": 262.61,
        "algorthmScore": 306.65
    },
    {
        "case_id": "2316",
        "case_type": "图结构",
        "debugScore": 157.5,
        "firstConsScore": 418.94,
        "algorthmScore": 378.49
    },
    {
        "case_id": "2348",
        "case_type": "图结构",
        "debugScore": 121.53,
        "firstConsScore": 366.79,
        "algorthmScore": 427.78
    },
    {
        "case_id": "2347",
        "case_type": "图结构",
        "debugScore": 149.21,
        "firstConsScore": 352.83,
        "algorthmScore": 329.65
    },
    {
        "case_id": "2444",
        "case_type": "图结构",
        "debugScore": 99.71,
        "firstConsScore": 248.89,
        "algorthmScore": 309.67
    },
    {
        "case_id": "2235",
        "case_type": "图结构",
        "debugScore": 153.84,
        "firstConsScore": 295.05,
        "algorthmScore": 361.29
    },
    {
        "case_id": "2343",
        "case_type": "图结构",
        "debugScore": 159.91,
        "firstConsScore": 689.29,
        "algorthmScore": 339.23
    },
    {
        "case_id": "2354",
        "case_type": "图结构",
        "debugScore": 107.53,
        "firstConsScore": 306.04,
        "algorthmScore": 347.94
    },
    {
        "case_id": "2331",
        "case_type": "图结构",
        "debugScore": 159.63,
        "firstConsScore": 318.66,
        "algorthmScore": 241.33
    },
    {
        "case_id": "2352",
        "case_type": "图结构",
        "debugScore": 125.91,
        "firstConsScore": 595.84,
        "algorthmScore": 305.02
    },
    {
        "case_id": "2704",
        "case_type": "图结构",
        "debugScore": 115.53,
        "firstConsScore": 498.53,
        "algorthmScore": 257.43
    }
]