[
    {
        "case_id": "2092",
        "case_type": "数字操作",
        "debugScore": 424.76,
        "firstConsScore": 104.12,
        "algorthmScore": 203.45
    },
    {
        "case_id": "2276",
        "case_type": "数字操作",
        "debugScore": 103.29,
        "firstConsScore": 288.76,
        "algorthmScore": 327.75
    },
    {
        "case_id": "2275",
        "case_type": "数字操作",
        "debugScore": 509.52,
        "firstConsScore": 177.24,
        "algorthmScore": 250.03
    },
    {
        "case_id": "2330",
        "case_type": "数字操作",
        "debugScore": 539.38,
        "firstConsScore": 175.45,
        "algorthmScore": 230.67
    },
    {
        "case_id": "2250",
        "case_type": "数字操作",
        "debugScore": 713.94,
        "firstConsScore": 184.62,
        "algorthmScore": 165.7
    },
    {
        "case_id": "2370",
        "case_type": "数字操作",
        "debugScore": 98.06,
        "firstConsScore": 360.2,
        "algorthmScore": 285.67
    },
    {
        "case_id": "2403",
        "case_type": "数字操作",
        "debugScore": 97.27,
        "firstConsScore": 300.02,
        "algorthmScore": 238.27
    },
    {
        "case_id": "2326",
        "case_type": "数字操作",
        "debugScore": 1081.38,
        "firstConsScore": 365.79,
        "algorthmScore": 325.43
    },
    {
        "case_id": "2402",
        "case_type": "数字操作",
        "debugScore": 115.64,
        "firstConsScore": 385.46,
        "algorthmScore": 315.06
    },
    {
        "case_id": "2324",
        "case_type": "数字操作",
        "debugScore": 1038.88,
        "firstConsScore": 315.17,
        "algorthmScore": 256.95
    },
    {
        "case_id": "2401",
        "case_type": "数字操作",
        "debugScore": 88.98,
        "firstConsScore": 310.39,
        "algorthmScore": 244.77
    },
    {
        "case_id": "2367",
        "case_type": "数字操作",
        "debugScore": 91.57,
        "firstConsScore": 333.45,
        "algorthmScore": 274.43
    },
    {
        "case_id": "2421",
        "case_type": "数字操作",
        "debugScore": 327.02,
        "firstConsScore": 271.17,
        "algorthmScore": 235.6
    },
    {
        "case_id": "2322",
        "case_type": "数字操作",
        "debugScore": 95.27,
        "firstConsScore": 421.12,
        "algorthmScore": 174.13
    },
    {
        "case_id": "2420",
        "case_type": "数字操作",
        "debugScore": 831.8,
        "firstConsScore": 222.61,
        "algorthmScore": 255.81
    },
    {
        "case_id": "2442",
        "case_type": "数字操作",
        "debugScore": 822.42,
        "firstConsScore": 223.13,
        "algorthmScore": 299.88
    },
    {
        "case_id": "2321",
        "case_type": "数字操作",
        "debugScore": 661.61,
        "firstConsScore": 277.49,
        "algorthmScore": 299.22
    },
    {
        "case_id": "2409",
        "case_type": "数字操作",
        "debugScore": 637.53,
        "firstConsScore": 170.33,
        "algorthmScore": 253.82
    },
    {
        "case_id": "2408",
        "case_type": "数字操作",
        "debugScore": 1051.41,
        "firstConsScore": 264.31,
        "algorthmScore": 175.14
    },
    {
        "case_id": "2407",
        "case_type": "数字操作",
        "debugScore": 785.73,
        "firstConsScore": 191.93,
        "algorthmScore": 235.76
    },
    {
        "case_id": "2329",
        "case_type": "数字操作",
        "debugScore": 652.33,
        "firstConsScore": 337.02,
        "algorthmScore": 260.66
    },
    {
        "case_id": "2364",
        "case_type": "数字操作",
        "debugScore": 96.03,
        "firstConsScore": 392.91,
        "algorthmScore": 253.98
    },
    {
        "case_id": "2363",
        "case_type": "数字操作",
        "debugScore": 947.56,
        "firstConsScore": 187.62,
        "algorthmScore": 262.36
    },
    {
        "case_id": "2362",
        "case_type": "数字操作",
        "debugScore": 1067.59,
        "firstConsScore": 255.23,
        "algorthmScore": 305.23
    },
    {
        "case_id": "2162",
        "case_type": "数字操作",
        "debugScore": 533.34,
        "firstConsScore": 175.96,
        "algorthmScore": 256.74
    },
    {
        "case_id": "2360",
        "case_type": "数字操作",
        "debugScore": 249.78,
        "firstConsScore": 278.71,
        "algorthmScore": 282.79
    },
    {
        "case_id": "2381",
        "case_type": "数字操作",
        "debugScore": 615.68,
        "firstConsScore": 218.01,
        "algorthmScore": 280.25
    },
    {
        "case_id": "2239",
        "case_type": "数字操作",
        "debugScore": 235.78,
        "firstConsScore": 357.82,
        "algorthmScore": 202.17
    },
    {
        "case_id": "2216",
        "case_type": "数字操作",
        "debugScore": 111.64,
        "firstConsScore": 369.98,
        "algorthmScore": 291.66
    },
    {
        "case_id": "2379",
        "case_type": "数字操作",
        "debugScore": 570.89,
        "firstConsScore": 349.54,
        "algorthmScore": 249.66
    },
    {
        "case_id": "2411",
        "case_type": "数字操作",
        "debugScore": 766.78,
        "firstConsScore": 188.12,
        "algorthmScore": 274.67
    },
    {
        "case_id": "2377",
        "case_type": "数字操作",
        "debugScore": 773.42,
        "firstConsScore": 165.96,
        "algorthmScore": 233.65
    },
    {
        "case_id": "2332",
        "case_type": "数字操作",
        "debugScore": 1255.08,
        "firstConsScore": 293.18,
        "algorthmScore": 194.78
    },
    {
        "case_id": "2419",
        "case_type": "数字操作",
        "debugScore": 1004.91,
        "firstConsScore": 166.05,
        "algorthmScore": 251.64
    },
    {
        "case_id": "2518",
        "case_type": "数字操作",
        "debugScore": 161.48,
        "firstConsScore": 293.47,
        "algorthmScore": 261.48
    }
]