[
    {
        "case_id": "2473",
        "case_type": "线性表",
        "debugScore": 86.76,
        "firstConsScore": 246.38,
        "algorthmScore": 150.74
    },
    {
        "case_id": "2471",
        "case_type": "线性表",
        "debugScore": 75.55,
        "firstConsScore": 203.94,
        "algorthmScore": 229.53
    },
    {
        "case_id": "2691",
        "case_type": "线性表",
        "debugScore": 734.79,
        "firstConsScore": 119.58,
        "algorthmScore": 127.22
    },
    {
        "case_id": "2690",
        "case_type": "线性表",
        "debugScore": 492.12,
        "firstConsScore": 144.65,
        "algorthmScore": 314.65
    },
    {
        "case_id": "2590",
        "case_type": "线性表",
        "debugScore": 552.7,
        "firstConsScore": 145.05,
        "algorthmScore": 315.68
    },
    {
        "case_id": "2724",
        "case_type": "线性表",
        "debugScore": 96.42,
        "firstConsScore": 184.62,
        "algorthmScore": 295.0
    },
    {
        "case_id": "2646",
        "case_type": "线性表",
        "debugScore": 85.37,
        "firstConsScore": 237.16,
        "algorthmScore": 264.61
    },
    {
        "case_id": "2723",
        "case_type": "线性表",
        "debugScore": 908.32,
        "firstConsScore": 182.37,
        "algorthmScore": 231.42
    },
    {
        "case_id": "2722",
        "case_type": "线性表",
        "debugScore": 78.28,
        "firstConsScore": 190.17,
        "algorthmScore": 262.95
    },
    {
        "case_id": "2721",
        "case_type": "线性表",
        "debugScore": 1711.27,
        "firstConsScore": 133.74,
        "algorthmScore": 222.99
    },
    {
        "case_id": "2487",
        "case_type": "线性表",
        "debugScore": 985.87,
        "firstConsScore": 91.4,
        "algorthmScore": 244.45
    },
    {
        "case_id": "2486",
        "case_type": "线性表",
        "debugScore": 733.76,
        "firstConsScore": 139.14,
        "algorthmScore": 220.85
    },
    {
        "case_id": "2761",
        "case_type": "线性表",
        "debugScore": 84.71,
        "firstConsScore": 204.75,
        "algorthmScore": 266.69
    },
    {
        "case_id": "2728",
        "case_type": "线性表",
        "debugScore": 86.84,
        "firstConsScore": 244.46,
        "algorthmScore": 126.32
    },
    {
        "case_id": "2727",
        "case_type": "线性表",
        "debugScore": 702.59,
        "firstConsScore": 243.33,
        "algorthmScore": 231.65
    },
    {
        "case_id": "2649",
        "case_type": "线性表",
        "debugScore": 677.1,
        "firstConsScore": 242.29,
        "algorthmScore": 301.02
    },
    {
        "case_id": "2725",
        "case_type": "线性表",
        "debugScore": 85.38,
        "firstConsScore": 250.59,
        "algorthmScore": 293.53
    },
    {
        "case_id": "2485",
        "case_type": "线性表",
        "debugScore": 815.14,
        "firstConsScore": 125.52,
        "algorthmScore": 117.63
    },
    {
        "case_id": "2760",
        "case_type": "线性表",
        "debugScore": 94.78,
        "firstConsScore": 226.45,
        "algorthmScore": 319.59
    },
    {
        "case_id": "2484",
        "case_type": "线性表",
        "debugScore": 93.92,
        "firstConsScore": 207.15,
        "algorthmScore": 261.87
    },
    {
        "case_id": "2560",
        "case_type": "线性表",
        "debugScore": 686.79,
        "firstConsScore": 131.85,
        "algorthmScore": 253.29
    },
    {
        "case_id": "2483",
        "case_type": "线性表",
        "debugScore": 1300.53,
        "firstConsScore": 166.17,
        "algorthmScore": 232.47
    },
    {
        "case_id": "2559",
        "case_type": "线性表",
        "debugScore": 1224.22,
        "firstConsScore": 173.67,
        "algorthmScore": 120.77
    },
    {
        "case_id": "2557",
        "case_type": "线性表",
        "debugScore": 795.77,
        "firstConsScore": 140.46,
        "algorthmScore": 164.12
    },
    {
        "case_id": "2755",
        "case_type": "线性表",
        "debugScore": 582.15,
        "firstConsScore": 153.68,
        "algorthmScore": 294.64
    },
    {
        "case_id": "2732",
        "case_type": "线性表",
        "debugScore": 1066.91,
        "firstConsScore": 145.1,
        "algorthmScore": 230.78
    },
    {
        "case_id": "2336",
        "case_type": "线性表",
        "debugScore": 419.9,
        "firstConsScore": 109.23,
        "algorthmScore": 310.69
    },
    {
        "case_id": "2731",
        "case_type": "线性表",
        "debugScore": 92.02,
        "firstConsScore": 254.99,
        "algorthmScore": 279.57
    },
    {
        "case_id": "2730",
        "case_type": "线性表",
        "debugScore": 77.3,
        "firstConsScore": 208.03,
        "algorthmScore": 264.0
    },
    {
        "case_id": "2759",
        "case_type": "线性表",
        "debugScore": 82.68,
        "firstConsScore": 198.89,
        "algorthmScore": 291.53
    }
]