[
    {
        "case_id": "2525",
        "case_type": "排序算法",
        "debugScore": 81.6,
        "firstConsScore": 225.92,
        "algorthmScore": 389.7
    },
    {
        "case_id": "2523",
        "case_type": "排序算法",
        "debugScore": 90.36,
        "firstConsScore": 293.97,
        "algorthmScore": 224.0
    },
    {
        "case_id": "2521",
        "case_type": "排序算法",
        "debugScore": 93.94,
        "firstConsScore": 329.63,
        "algorthmScore": 265.44
    },
    {
        "case_id": "2532",
        "case_type": "排序算法",
        "debugScore": 90.95,
        "firstConsScore": 376.17,
        "algorthmScore": 259.86
    },
    {
        "case_id": "2531",
        "case_type": "排序算法",
        "debugScore": 79.16,
        "firstConsScore": 300.62,
        "algorthmScore": 258.73
    },
    {
        "case_id": "2530",
        "case_type": "排序算法",
        "debugScore": 72.8,
        "firstConsScore": 321.89,
        "algorthmScore": 270.15
    },
    {
        "case_id": "2497",
        "case_type": "排序算法",
        "debugScore": 82.11,
        "firstConsScore": 342.19,
        "algorthmScore": 242.5
    },
    {
        "case_id": "2519",
        "case_type": "排序算法",
        "debugScore": 78.91,
        "firstConsScore": 262.34,
        "algorthmScore": 169.29
    },
    {
        "case_id": "2529",
        "case_type": "排序算法",
        "debugScore": 80.16,
        "firstConsScore": 293.57,
        "algorthmScore": 275.01
    },
    {
        "case_id": "2528",
        "case_type": "排序算法",
        "debugScore": 98.89,
        "firstConsScore": 299.24,
        "algorthmScore": 243.15
    },
    {
        "case_id": "2527",
        "case_type": "排序算法",
        "debugScore": 92.8,
        "firstConsScore": 366.65,
        "algorthmScore": 243.11
    }
]