[
    {
        "case_id": "2473",
        "case_type": "线性表",
        "debugScore": 86.76,
        "firstConsScore": 235.59,
        "algorthmScore": 278.33
    },
    {
        "case_id": "2471",
        "case_type": "线性表",
        "debugScore": 75.55,
        "firstConsScore": 280.6,
        "algorthmScore": 248.01
    },
    {
        "case_id": "2691",
        "case_type": "线性表",
        "debugScore": 100.02,
        "firstConsScore": 242.61,
        "algorthmScore": 286.13
    },
    {
        "case_id": "2690",
        "case_type": "线性表",
        "debugScore": 139.87,
        "firstConsScore": 291.23,
        "algorthmScore": 300.47
    },
    {
        "case_id": "2590",
        "case_type": "线性表",
        "debugScore": 555.94,
        "firstConsScore": 187.1,
        "algorthmScore": 259.66
    },
    {
        "case_id": "2724",
        "case_type": "线性表",
        "debugScore": 96.42,
        "firstConsScore": 362.11,
        "algorthmScore": 324.17
    },
    {
        "case_id": "2646",
        "case_type": "线性表",
        "debugScore": 85.37,
        "firstConsScore": 341.23,
        "algorthmScore": 268.15
    },
    {
        "case_id": "2723",
        "case_type": "线性表",
        "debugScore": 85.66,
        "firstConsScore": 342.66,
        "algorthmScore": 280.98
    },
    {
        "case_id": "2722",
        "case_type": "线性表",
        "debugScore": 78.28,
        "firstConsScore": 353.24,
        "algorthmScore": 267.36
    },
    {
        "case_id": "2721",
        "case_type": "线性表",
        "debugScore": 82.94,
        "firstConsScore": 352.82,
        "algorthmScore": 280.64
    },
    {
        "case_id": "2487",
        "case_type": "线性表",
        "debugScore": 77.87,
        "firstConsScore": 316.33,
        "algorthmScore": 218.97
    },
    {
        "case_id": "2761",
        "case_type": "线性表",
        "debugScore": 84.71,
        "firstConsScore": 377.01,
        "algorthmScore": 267.18
    },
    {
        "case_id": "2486",
        "case_type": "线性表",
        "debugScore": 91.37,
        "firstConsScore": 290.8,
        "algorthmScore": 335.53
    },
    {
        "case_id": "2728",
        "case_type": "线性表",
        "debugScore": 86.84,
        "firstConsScore": 278.62,
        "algorthmScore": 306.1
    },
    {
        "case_id": "2727",
        "case_type": "线性表",
        "debugScore": 95.35,
        "firstConsScore": 308.38,
        "algorthmScore": 341.98
    },
    {
        "case_id": "2649",
        "case_type": "线性表",
        "debugScore": 373.68,
        "firstConsScore": 266.21,
        "algorthmScore": 341.13
    },
    {
        "case_id": "2725",
        "case_type": "线性表",
        "debugScore": 85.38,
        "firstConsScore": 184.29,
        "algorthmScore": 288.31
    },
    {
        "case_id": "2760",
        "case_type": "线性表",
        "debugScore": 94.78,
        "firstConsScore": 354.51,
        "algorthmScore": 275.06
    },
    {
        "case_id": "2485",
        "case_type": "线性表",
        "debugScore": 77.05,
        "firstConsScore": 245.98,
        "algorthmScore": 239.56
    },
    {
        "case_id": "2484",
        "case_type": "线性表",
        "debugScore": 93.92,
        "firstConsScore": 311.44,
        "algorthmScore": 246.9
    },
    {
        "case_id": "2560",
        "case_type": "线性表",
        "debugScore": 518.04,
        "firstConsScore": 276.78,
        "algorthmScore": 287.46
    },
    {
        "case_id": "2483",
        "case_type": "线性表",
        "debugScore": 100.28,
        "firstConsScore": 328.69,
        "algorthmScore": 287.32
    },
    {
        "case_id": "2559",
        "case_type": "线性表",
        "debugScore": 85.53,
        "firstConsScore": 312.71,
        "algorthmScore": 380.76
    },
    {
        "case_id": "2557",
        "case_type": "线性表",
        "debugScore": 819.21,
        "firstConsScore": 193.19,
        "algorthmScore": 364.21
    },
    {
        "case_id": "2755",
        "case_type": "线性表",
        "debugScore": 105.5,
        "firstConsScore": 283.18,
        "algorthmScore": 329.14
    },
    {
        "case_id": "2732",
        "case_type": "线性表",
        "debugScore": 77.69,
        "firstConsScore": 373.5,
        "algorthmScore": 325.08
    },
    {
        "case_id": "2336",
        "case_type": "线性表",
        "debugScore": 90.11,
        "firstConsScore": 494.92,
        "algorthmScore": 354.76
    },
    {
        "case_id": "2731",
        "case_type": "线性表",
        "debugScore": 92.02,
        "firstConsScore": 276.18,
        "algorthmScore": 285.03
    },
    {
        "case_id": "2730",
        "case_type": "线性表",
        "debugScore": 77.3,
        "firstConsScore": 373.6,
        "algorthmScore": 264.48
    },
    {
        "case_id": "2759",
        "case_type": "线性表",
        "debugScore": 82.68,
        "firstConsScore": 374.55,
        "algorthmScore": 270.48
    }
]