[
    {
        "case_id": "2092",
        "case_type": "数字操作",
        "debugScore": 391.81,
        "firstConsScore": 97.38,
        "algorthmScore": 272.2
    },
    {
        "case_id": "2276",
        "case_type": "数字操作",
        "debugScore": 960.19,
        "firstConsScore": 233.45,
        "algorthmScore": 302.9
    },
    {
        "case_id": "2275",
        "case_type": "数字操作",
        "debugScore": 375.05,
        "firstConsScore": 305.87,
        "algorthmScore": 277.04
    },
    {
        "case_id": "2330",
        "case_type": "数字操作",
        "debugScore": 522.48,
        "firstConsScore": 229.73,
        "algorthmScore": 225.39
    },
    {
        "case_id": "2250",
        "case_type": "数字操作",
        "debugScore": 366.45,
        "firstConsScore": 250.22,
        "algorthmScore": 278.64
    },
    {
        "case_id": "2370",
        "case_type": "数字操作",
        "debugScore": 722.55,
        "firstConsScore": 226.31,
        "algorthmScore": 192.11
    },
    {
        "case_id": "2403",
        "case_type": "数字操作",
        "debugScore": 819.37,
        "firstConsScore": 134.8,
        "algorthmScore": 238.27
    },
    {
        "case_id": "2326",
        "case_type": "数字操作",
        "debugScore": 1097.19,
        "firstConsScore": 141.9,
        "algorthmScore": 264.32
    },
    {
        "case_id": "2402",
        "case_type": "数字操作",
        "debugScore": 1451.25,
        "firstConsScore": 262.69,
        "algorthmScore": 292.19
    },
    {
        "case_id": "2324",
        "case_type": "数字操作",
        "debugScore": 1000.53,
        "firstConsScore": 271.33,
        "algorthmScore": 303.65
    },
    {
        "case_id": "2401",
        "case_type": "数字操作",
        "debugScore": 1198.66,
        "firstConsScore": 129.93,
        "algorthmScore": 267.0
    },
    {
        "case_id": "2367",
        "case_type": "数字操作",
        "debugScore": 863.18,
        "firstConsScore": 201.56,
        "algorthmScore": 239.92
    },
    {
        "case_id": "2421",
        "case_type": "数字操作",
        "debugScore": 895.26,
        "firstConsScore": 159.46,
        "algorthmScore": 329.47
    },
    {
        "case_id": "2322",
        "case_type": "数字操作",
        "debugScore": 789.92,
        "firstConsScore": 90.83,
        "algorthmScore": 187.53
    },
    {
        "case_id": "2420",
        "case_type": "数字操作",
        "debugScore": 831.8,
        "firstConsScore": 204.31,
        "algorthmScore": 296.67
    },
    {
        "case_id": "2442",
        "case_type": "数字操作",
        "debugScore": 835.6,
        "firstConsScore": 136.45,
        "algorthmScore": 206.92
    },
    {
        "case_id": "2321",
        "case_type": "数字操作",
        "debugScore": 620.25,
        "firstConsScore": 240.62,
        "algorthmScore": 245.81
    },
    {
        "case_id": "2409",
        "case_type": "数字操作",
        "debugScore": 662.35,
        "firstConsScore": 128.98,
        "algorthmScore": 198.98
    },
    {
        "case_id": "2408",
        "case_type": "数字操作",
        "debugScore": 852.89,
        "firstConsScore": 296.23,
        "algorthmScore": 312.16
    },
    {
        "case_id": "2407",
        "case_type": "数字操作",
        "debugScore": 971.47,
        "firstConsScore": 148.38,
        "algorthmScore": 261.4
    },
    {
        "case_id": "2329",
        "case_type": "数字操作",
        "debugScore": 739.2,
        "firstConsScore": 82.16,
        "algorthmScore": 203.6
    },
    {
        "case_id": "2364",
        "case_type": "数字操作",
        "debugScore": 96.03,
        "firstConsScore": 326.72,
        "algorthmScore": 253.89
    },
    {
        "case_id": "2363",
        "case_type": "数字操作",
        "debugScore": 912.99,
        "firstConsScore": 165.3,
        "algorthmScore": 261.22
    },
    {
        "case_id": "2362",
        "case_type": "数字操作",
        "debugScore": 1089.15,
        "firstConsScore": 184.87,
        "algorthmScore": 234.16
    },
    {
        "case_id": "2162",
        "case_type": "数字操作",
        "debugScore": 543.75,
        "firstConsScore": 178.67,
        "algorthmScore": 261.87
    },
    {
        "case_id": "2360",
        "case_type": "数字操作",
        "debugScore": 1179.33,
        "firstConsScore": 142.31,
        "algorthmScore": 311.03
    },
    {
        "case_id": "2381",
        "case_type": "数字操作",
        "debugScore": 598.76,
        "firstConsScore": 195.16,
        "algorthmScore": 280.46
    },
    {
        "case_id": "2239",
        "case_type": "数字操作",
        "debugScore": 838.56,
        "firstConsScore": 275.84,
        "algorthmScore": 293.66
    },
    {
        "case_id": "2216",
        "case_type": "数字操作",
        "debugScore": 111.64,
        "firstConsScore": 213.11,
        "algorthmScore": 357.2
    },
    {
        "case_id": "2379",
        "case_type": "数字操作",
        "debugScore": 79.85,
        "firstConsScore": 166.07,
        "algorthmScore": 290.15
    },
    {
        "case_id": "2411",
        "case_type": "数字操作",
        "debugScore": 757.52,
        "firstConsScore": 146.11,
        "algorthmScore": 281.52
    },
    {
        "case_id": "2377",
        "case_type": "数字操作",
        "debugScore": 769.13,
        "firstConsScore": 137.2,
        "algorthmScore": 253.12
    },
    {
        "case_id": "2332",
        "case_type": "数字操作",
        "debugScore": 1255.08,
        "firstConsScore": 149.15,
        "algorthmScore": 171.81
    },
    {
        "case_id": "2419",
        "case_type": "数字操作",
        "debugScore": 75.29,
        "firstConsScore": 248.42,
        "algorthmScore": 231.97
    },
    {
        "case_id": "2518",
        "case_type": "数字操作",
        "debugScore": 610.3,
        "firstConsScore": 166.0,
        "algorthmScore": 222.08
    }
]