[
    {
        "case_id": "2694",
        "case_type": "查找算法",
        "debugScore": 106.82,
        "firstConsScore": 285.65,
        "algorthmScore": 248.47
    },
    {
        "case_id": "2570",
        "case_type": "查找算法",
        "debugScore": 98.53,
        "firstConsScore": 266.94,
        "algorthmScore": 246.45
    },
    {
        "case_id": "2701",
        "case_type": "查找算法",
        "debugScore": 98.47,
        "firstConsScore": 277.49,
        "algorthmScore": 318.65
    },
    {
        "case_id": "2745",
        "case_type": "查找算法",
        "debugScore": 103.02,
        "firstConsScore": 313.21,
        "algorthmScore": 335.32
    },
    {
        "case_id": "2711",
        "case_type": "查找算法",
        "debugScore": 74.77,
        "firstConsScore": 362.47,
        "algorthmScore": 437.36
    },
    {
        "case_id": "2567",
        "case_type": "查找算法",
        "debugScore": 124.58,
        "firstConsScore": 335.53,
        "algorthmScore": 294.31
    },
    {
        "case_id": "2720",
        "case_type": "查找算法",
        "debugScore": 95.1,
        "firstConsScore": 315.79,
        "algorthmScore": 295.49
    },
    {
        "case_id": "2729",
        "case_type": "查找算法",
        "debugScore": 76.48,
        "firstConsScore": 218.68,
        "algorthmScore": 190.02
    },
    {
        "case_id": "2707",
        "case_type": "查找算法",
        "debugScore": 82.37,
        "firstConsScore": 285.48,
        "algorthmScore": 317.94
    },
    {
        "case_id": "2718",
        "case_type": "查找算法",
        "debugScore": 114.84,
        "firstConsScore": 326.51,
        "algorthmScore": 324.16
    },
    {
        "case_id": "2717",
        "case_type": "查找算法",
        "debugScore": 85.75,
        "firstConsScore": 320.48,
        "algorthmScore": 320.2
    },
    {
        "case_id": "2706",
        "case_type": "查找算法",
        "debugScore": 98.66,
        "firstConsScore": 350.73,
        "algorthmScore": 415.86
    },
    {
        "case_id": "2606",
        "case_type": "查找算法",
        "debugScore": 388.06,
        "firstConsScore": 209.74,
        "algorthmScore": 251.08
    },
    {
        "case_id": "2716",
        "case_type": "查找算法",
        "debugScore": 175.91,
        "firstConsScore": 270.54,
        "algorthmScore": 294.28
    },
    {
        "case_id": "2639",
        "case_type": "查找算法",
        "debugScore": 80.58,
        "firstConsScore": 264.0,
        "algorthmScore": 260.13
    },
    {
        "case_id": "2705",
        "case_type": "查找算法",
        "debugScore": 86.41,
        "firstConsScore": 312.53,
        "algorthmScore": 293.09
    },
    {
        "case_id": "2737",
        "case_type": "查找算法",
        "debugScore": 74.09,
        "firstConsScore": 216.18,
        "algorthmScore": 259.5
    },
    {
        "case_id": "2715",
        "case_type": "查找算法",
        "debugScore": 169.82,
        "firstConsScore": 274.52,
        "algorthmScore": 269.78
    },
    {
        "case_id": "2726",
        "case_type": "查找算法",
        "debugScore": 101.13,
        "firstConsScore": 281.8,
        "algorthmScore": 274.41
    },
    {
        "case_id": "2703",
        "case_type": "查找算法",
        "debugScore": 88.21,
        "firstConsScore": 259.55,
        "algorthmScore": 277.19
    }
]