[
    {
        "case_id": "2092",
        "case_type": "数字操作",
        "debugScore": 135.48,
        "firstConsScore": 453.55,
        "algorthmScore": 284.46
    },
    {
        "case_id": "2276",
        "case_type": "数字操作",
        "debugScore": 103.29,
        "firstConsScore": 306.93,
        "algorthmScore": 332.84
    },
    {
        "case_id": "2275",
        "case_type": "数字操作",
        "debugScore": 463.45,
        "firstConsScore": 237.44,
        "algorthmScore": 325.59
    },
    {
        "case_id": "2330",
        "case_type": "数字操作",
        "debugScore": 87.82,
        "firstConsScore": 404.11,
        "algorthmScore": 292.89
    },
    {
        "case_id": "2250",
        "case_type": "数字操作",
        "debugScore": 91.5,
        "firstConsScore": 320.11,
        "algorthmScore": 253.08
    },
    {
        "case_id": "2370",
        "case_type": "数字操作",
        "debugScore": 84.28,
        "firstConsScore": 254.77,
        "algorthmScore": 262.08
    },
    {
        "case_id": "2403",
        "case_type": "数字操作",
        "debugScore": 97.27,
        "firstConsScore": 320.1,
        "algorthmScore": 287.04
    },
    {
        "case_id": "2326",
        "case_type": "数字操作",
        "debugScore": 95.77,
        "firstConsScore": 278.83,
        "algorthmScore": 336.21
    },
    {
        "case_id": "2402",
        "case_type": "数字操作",
        "debugScore": 115.64,
        "firstConsScore": 248.12,
        "algorthmScore": 325.87
    },
    {
        "case_id": "2401",
        "case_type": "数字操作",
        "debugScore": 88.98,
        "firstConsScore": 291.91,
        "algorthmScore": 301.78
    },
    {
        "case_id": "2324",
        "case_type": "数字操作",
        "debugScore": 104.1,
        "firstConsScore": 179.57,
        "algorthmScore": 122.55
    },
    {
        "case_id": "2367",
        "case_type": "数字操作",
        "debugScore": 91.57,
        "firstConsScore": 216.01,
        "algorthmScore": 183.77
    },
    {
        "case_id": "2421",
        "case_type": "数字操作",
        "debugScore": 77.62,
        "firstConsScore": 306.98,
        "algorthmScore": 130.02
    },
    {
        "case_id": "2322",
        "case_type": "数字操作",
        "debugScore": 95.27,
        "firstConsScore": 235.21,
        "algorthmScore": 448.29
    },
    {
        "case_id": "2420",
        "case_type": "数字操作",
        "debugScore": 68.03,
        "firstConsScore": 317.61,
        "algorthmScore": 282.58
    },
    {
        "case_id": "2442",
        "case_type": "数字操作",
        "debugScore": 80.59,
        "firstConsScore": 293.1,
        "algorthmScore": 194.99
    },
    {
        "case_id": "2321",
        "case_type": "数字操作",
        "debugScore": 101.51,
        "firstConsScore": 277.44,
        "algorthmScore": 356.76
    },
    {
        "case_id": "2409",
        "case_type": "数字操作",
        "debugScore": 73.83,
        "firstConsScore": 309.17,
        "algorthmScore": 202.58
    },
    {
        "case_id": "2408",
        "case_type": "数字操作",
        "debugScore": 76.42,
        "firstConsScore": 364.44,
        "algorthmScore": 193.8
    },
    {
        "case_id": "2407",
        "case_type": "数字操作",
        "debugScore": 76.67,
        "firstConsScore": 299.45,
        "algorthmScore": 235.53
    },
    {
        "case_id": "2329",
        "case_type": "数字操作",
        "debugScore": 181.87,
        "firstConsScore": 295.88,
        "algorthmScore": 401.3
    },
    {
        "case_id": "2364",
        "case_type": "数字操作",
        "debugScore": 96.03,
        "firstConsScore": 197.1,
        "algorthmScore": 294.01
    },
    {
        "case_id": "2363",
        "case_type": "数字操作",
        "debugScore": 86.27,
        "firstConsScore": 267.13,
        "algorthmScore": 244.55
    },
    {
        "case_id": "2362",
        "case_type": "数字操作",
        "debugScore": 77.52,
        "firstConsScore": 245.46,
        "algorthmScore": 229.36
    },
    {
        "case_id": "2162",
        "case_type": "数字操作",
        "debugScore": 89.14,
        "firstConsScore": 302.6,
        "algorthmScore": 255.03
    },
    {
        "case_id": "2360",
        "case_type": "数字操作",
        "debugScore": 105.44,
        "firstConsScore": 255.97,
        "algorthmScore": 382.75
    },
    {
        "case_id": "2381",
        "case_type": "数字操作",
        "debugScore": 77.8,
        "firstConsScore": 294.58,
        "algorthmScore": 253.36
    },
    {
        "case_id": "2239",
        "case_type": "数字操作",
        "debugScore": 88.57,
        "firstConsScore": 301.02,
        "algorthmScore": 362.91
    },
    {
        "case_id": "2216",
        "case_type": "数字操作",
        "debugScore": 111.64,
        "firstConsScore": 313.98,
        "algorthmScore": 393.71
    },
    {
        "case_id": "2379",
        "case_type": "数字操作",
        "debugScore": 79.85,
        "firstConsScore": 253.31,
        "algorthmScore": 287.83
    },
    {
        "case_id": "2411",
        "case_type": "数字操作",
        "debugScore": 74.09,
        "firstConsScore": 315.44,
        "algorthmScore": 181.56
    },
    {
        "case_id": "2377",
        "case_type": "数字操作",
        "debugScore": 66.45,
        "firstConsScore": 312.69,
        "algorthmScore": 243.44
    },
    {
        "case_id": "2332",
        "case_type": "数字操作",
        "debugScore": 103.86,
        "firstConsScore": 257.68,
        "algorthmScore": 383.37
    },
    {
        "case_id": "2419",
        "case_type": "数字操作",
        "debugScore": 75.29,
        "firstConsScore": 307.09,
        "algorthmScore": 262.27
    },
    {
        "case_id": "2518",
        "case_type": "数字操作",
        "debugScore": 75.59,
        "firstConsScore": 332.72,
        "algorthmScore": 286.48
    }
]