[
    {
        "case_id": "2092",
        "case_type": "数字操作",
        "debugScore": 121.66,
        "firstConsScore": 446.0,
        "algorthmScore": 274.64
    },
    {
        "case_id": "2276",
        "case_type": "数字操作",
        "debugScore": 103.29,
        "firstConsScore": 241.63,
        "algorthmScore": 298.23
    },
    {
        "case_id": "2275",
        "case_type": "数字操作",
        "debugScore": 192.24,
        "firstConsScore": 285.46,
        "algorthmScore": 330.29
    },
    {
        "case_id": "2330",
        "case_type": "数字操作",
        "debugScore": 87.82,
        "firstConsScore": 317.28,
        "algorthmScore": 309.27
    },
    {
        "case_id": "2250",
        "case_type": "数字操作",
        "debugScore": 91.5,
        "firstConsScore": 217.1,
        "algorthmScore": 300.5
    },
    {
        "case_id": "2370",
        "case_type": "数字操作",
        "debugScore": 98.06,
        "firstConsScore": 221.68,
        "algorthmScore": 296.1
    },
    {
        "case_id": "2403",
        "case_type": "数字操作",
        "debugScore": 197.18,
        "firstConsScore": 165.57,
        "algorthmScore": 257.3
    },
    {
        "case_id": "2326",
        "case_type": "数字操作",
        "debugScore": 241.8,
        "firstConsScore": 265.75,
        "algorthmScore": 325.73
    },
    {
        "case_id": "2402",
        "case_type": "数字操作",
        "debugScore": 115.64,
        "firstConsScore": 201.63,
        "algorthmScore": 267.71
    },
    {
        "case_id": "2401",
        "case_type": "数字操作",
        "debugScore": 88.98,
        "firstConsScore": 224.86,
        "algorthmScore": 277.12
    },
    {
        "case_id": "2324",
        "case_type": "数字操作",
        "debugScore": 104.1,
        "firstConsScore": 200.99,
        "algorthmScore": 247.99
    },
    {
        "case_id": "2367",
        "case_type": "数字操作",
        "debugScore": 91.57,
        "firstConsScore": 210.14,
        "algorthmScore": 274.36
    },
    {
        "case_id": "2421",
        "case_type": "数字操作",
        "debugScore": 77.62,
        "firstConsScore": 164.46,
        "algorthmScore": 286.27
    },
    {
        "case_id": "2322",
        "case_type": "数字操作",
        "debugScore": 95.27,
        "firstConsScore": 233.3,
        "algorthmScore": 191.82
    },
    {
        "case_id": "2420",
        "case_type": "数字操作",
        "debugScore": 68.03,
        "firstConsScore": 180.16,
        "algorthmScore": 217.03
    },
    {
        "case_id": "2442",
        "case_type": "数字操作",
        "debugScore": 80.59,
        "firstConsScore": 210.02,
        "algorthmScore": 286.7
    },
    {
        "case_id": "2321",
        "case_type": "数字操作",
        "debugScore": 101.51,
        "firstConsScore": 271.89,
        "algorthmScore": 317.91
    },
    {
        "case_id": "2409",
        "case_type": "数字操作",
        "debugScore": 282.37,
        "firstConsScore": 169.79,
        "algorthmScore": 159.97
    },
    {
        "case_id": "2408",
        "case_type": "数字操作",
        "debugScore": 76.42,
        "firstConsScore": 162.37,
        "algorthmScore": 262.7
    },
    {
        "case_id": "2407",
        "case_type": "数字操作",
        "debugScore": 76.67,
        "firstConsScore": 184.98,
        "algorthmScore": 255.5
    },
    {
        "case_id": "2329",
        "case_type": "数字操作",
        "debugScore": 112.07,
        "firstConsScore": 312.24,
        "algorthmScore": 393.5
    },
    {
        "case_id": "2364",
        "case_type": "数字操作",
        "debugScore": 96.03,
        "firstConsScore": 194.77,
        "algorthmScore": 285.14
    },
    {
        "case_id": "2363",
        "case_type": "数字操作",
        "debugScore": 86.27,
        "firstConsScore": 159.3,
        "algorthmScore": 194.17
    },
    {
        "case_id": "2362",
        "case_type": "数字操作",
        "debugScore": 82.97,
        "firstConsScore": 219.18,
        "algorthmScore": 312.76
    },
    {
        "case_id": "2162",
        "case_type": "数字操作",
        "debugScore": 89.14,
        "firstConsScore": 276.12,
        "algorthmScore": 264.83
    },
    {
        "case_id": "2360",
        "case_type": "数字操作",
        "debugScore": 105.44,
        "firstConsScore": 198.07,
        "algorthmScore": 143.57
    },
    {
        "case_id": "2381",
        "case_type": "数字操作",
        "debugScore": 77.8,
        "firstConsScore": 261.28,
        "algorthmScore": 323.16
    },
    {
        "case_id": "2239",
        "case_type": "数字操作",
        "debugScore": 88.57,
        "firstConsScore": 289.3,
        "algorthmScore": 410.39
    },
    {
        "case_id": "2216",
        "case_type": "数字操作",
        "debugScore": 111.64,
        "firstConsScore": 255.46,
        "algorthmScore": 381.5
    },
    {
        "case_id": "2379",
        "case_type": "数字操作",
        "debugScore": 1413.96,
        "firstConsScore": 129.42,
        "algorthmScore": 215.01
    },
    {
        "case_id": "2411",
        "case_type": "数字操作",
        "debugScore": 74.09,
        "firstConsScore": 183.86,
        "algorthmScore": 216.53
    },
    {
        "case_id": "2377",
        "case_type": "数字操作",
        "debugScore": 777.79,
        "firstConsScore": 92.07,
        "algorthmScore": 281.54
    },
    {
        "case_id": "2332",
        "case_type": "数字操作",
        "debugScore": 328.94,
        "firstConsScore": 236.62,
        "algorthmScore": 371.22
    },
    {
        "case_id": "2419",
        "case_type": "数字操作",
        "debugScore": 75.29,
        "firstConsScore": 177.75,
        "algorthmScore": 234.48
    },
    {
        "case_id": "2518",
        "case_type": "数字操作",
        "debugScore": 610.98,
        "firstConsScore": 126.53,
        "algorthmScore": 278.25
    }
]