[
    {
        "case_id": "2305",
        "case_type": "图结构",
        "debugScore": 151.47,
        "firstConsScore": 655.31,
        "algorthmScore": 323.8
    },
    {
        "case_id": "2536",
        "case_type": "图结构",
        "debugScore": 115.41,
        "firstConsScore": 630.41,
        "algorthmScore": 307.93
    },
    {
        "case_id": "2316",
        "case_type": "图结构",
        "debugScore": 157.5,
        "firstConsScore": 755.02,
        "algorthmScore": 291.86
    },
    {
        "case_id": "2348",
        "case_type": "图结构",
        "debugScore": 125.51,
        "firstConsScore": 749.65,
        "algorthmScore": 378.8
    },
    {
        "case_id": "2347",
        "case_type": "图结构",
        "debugScore": 149.21,
        "firstConsScore": 670.11,
        "algorthmScore": 368.07
    },
    {
        "case_id": "2444",
        "case_type": "图结构",
        "debugScore": 99.71,
        "firstConsScore": 556.04,
        "algorthmScore": 304.42
    },
    {
        "case_id": "2235",
        "case_type": "图结构",
        "debugScore": 153.84,
        "firstConsScore": 677.23,
        "algorthmScore": 265.51
    },
    {
        "case_id": "2343",
        "case_type": "图结构",
        "debugScore": 159.91,
        "firstConsScore": 688.7,
        "algorthmScore": 339.23
    },
    {
        "case_id": "2354",
        "case_type": "图结构",
        "debugScore": 107.53,
        "firstConsScore": 815.06,
        "algorthmScore": 356.83
    },
    {
        "case_id": "2331",
        "case_type": "图结构",
        "debugScore": 130.47,
        "firstConsScore": 596.14,
        "algorthmScore": 197.61
    },
    {
        "case_id": "2352",
        "case_type": "图结构",
        "debugScore": 125.91,
        "firstConsScore": 548.69,
        "algorthmScore": 157.77
    },
    {
        "case_id": "2704",
        "case_type": "图结构",
        "debugScore": 115.53,
        "firstConsScore": 457.07,
        "algorthmScore": 296.92
    }
]