[
    {
        "case_id": "2092",
        "case_type": "数字操作",
        "debugScore": 435.74,
        "firstConsScore": 144.02,
        "algorthmScore": 255.85
    },
    {
        "case_id": "2276",
        "case_type": "数字操作",
        "debugScore": 608.72,
        "firstConsScore": 308.04,
        "algorthmScore": 135.72
    },
    {
        "case_id": "2275",
        "case_type": "数字操作",
        "debugScore": 192.24,
        "firstConsScore": 394.12,
        "algorthmScore": 171.01
    },
    {
        "case_id": "2330",
        "case_type": "数字操作",
        "debugScore": 536.84,
        "firstConsScore": 226.92,
        "algorthmScore": 148.4
    },
    {
        "case_id": "2250",
        "case_type": "数字操作",
        "debugScore": 373.24,
        "firstConsScore": 260.47,
        "algorthmScore": 233.02
    },
    {
        "case_id": "2370",
        "case_type": "数字操作",
        "debugScore": 731.91,
        "firstConsScore": 243.64,
        "algorthmScore": 166.49
    },
    {
        "case_id": "2403",
        "case_type": "数字操作",
        "debugScore": 97.27,
        "firstConsScore": 295.21,
        "algorthmScore": 267.05
    },
    {
        "case_id": "2326",
        "case_type": "数字操作",
        "debugScore": 458.08,
        "firstConsScore": 291.29,
        "algorthmScore": 205.07
    },
    {
        "case_id": "2402",
        "case_type": "数字操作",
        "debugScore": 115.64,
        "firstConsScore": 348.3,
        "algorthmScore": 258.3
    },
    {
        "case_id": "2401",
        "case_type": "数字操作",
        "debugScore": 88.98,
        "firstConsScore": 414.17,
        "algorthmScore": 290.45
    },
    {
        "case_id": "2324",
        "case_type": "数字操作",
        "debugScore": 104.1,
        "firstConsScore": 343.52,
        "algorthmScore": 151.08
    },
    {
        "case_id": "2367",
        "case_type": "数字操作",
        "debugScore": 91.57,
        "firstConsScore": 339.69,
        "algorthmScore": 299.03
    },
    {
        "case_id": "2421",
        "case_type": "数字操作",
        "debugScore": 642.59,
        "firstConsScore": 220.27,
        "algorthmScore": 138.04
    },
    {
        "case_id": "2322",
        "case_type": "数字操作",
        "debugScore": 332.1,
        "firstConsScore": 347.49,
        "algorthmScore": 198.25
    },
    {
        "case_id": "2420",
        "case_type": "数字操作",
        "debugScore": 68.03,
        "firstConsScore": 255.61,
        "algorthmScore": 181.61
    },
    {
        "case_id": "2442",
        "case_type": "数字操作",
        "debugScore": 690.12,
        "firstConsScore": 201.3,
        "algorthmScore": 222.6
    },
    {
        "case_id": "2321",
        "case_type": "数字操作",
        "debugScore": 101.51,
        "firstConsScore": 410.74,
        "algorthmScore": 308.6
    },
    {
        "case_id": "2409",
        "case_type": "数字操作",
        "debugScore": 685.65,
        "firstConsScore": 145.58,
        "algorthmScore": 270.82
    },
    {
        "case_id": "2408",
        "case_type": "数字操作",
        "debugScore": 76.42,
        "firstConsScore": 206.99,
        "algorthmScore": 135.76
    },
    {
        "case_id": "2407",
        "case_type": "数字操作",
        "debugScore": 76.67,
        "firstConsScore": 276.7,
        "algorthmScore": 216.89
    },
    {
        "case_id": "2329",
        "case_type": "数字操作",
        "debugScore": 738.44,
        "firstConsScore": 334.94,
        "algorthmScore": 347.9
    },
    {
        "case_id": "2364",
        "case_type": "数字操作",
        "debugScore": 96.03,
        "firstConsScore": 366.08,
        "algorthmScore": 264.31
    },
    {
        "case_id": "2363",
        "case_type": "数字操作",
        "debugScore": 86.27,
        "firstConsScore": 247.96,
        "algorthmScore": 226.29
    },
    {
        "case_id": "2362",
        "case_type": "数字操作",
        "debugScore": 201.58,
        "firstConsScore": 303.37,
        "algorthmScore": 194.31
    },
    {
        "case_id": "2162",
        "case_type": "数字操作",
        "debugScore": 554.49,
        "firstConsScore": 190.01,
        "algorthmScore": 265.02
    },
    {
        "case_id": "2360",
        "case_type": "数字操作",
        "debugScore": 248.69,
        "firstConsScore": 410.07,
        "algorthmScore": 291.79
    },
    {
        "case_id": "2381",
        "case_type": "数字操作",
        "debugScore": 627.53,
        "firstConsScore": 210.32,
        "algorthmScore": 271.23
    },
    {
        "case_id": "2239",
        "case_type": "数字操作",
        "debugScore": 901.49,
        "firstConsScore": 261.1,
        "algorthmScore": 230.86
    },
    {
        "case_id": "2216",
        "case_type": "数字操作",
        "debugScore": 111.64,
        "firstConsScore": 421.27,
        "algorthmScore": 393.71
    },
    {
        "case_id": "2379",
        "case_type": "数字操作",
        "debugScore": 79.85,
        "firstConsScore": 359.93,
        "algorthmScore": 224.96
    },
    {
        "case_id": "2411",
        "case_type": "数字操作",
        "debugScore": 204.24,
        "firstConsScore": 256.76,
        "algorthmScore": 211.86
    },
    {
        "case_id": "2377",
        "case_type": "数字操作",
        "debugScore": 66.45,
        "firstConsScore": 276.47,
        "algorthmScore": 182.73
    },
    {
        "case_id": "2332",
        "case_type": "数字操作",
        "debugScore": 103.86,
        "firstConsScore": 425.7,
        "algorthmScore": 305.16
    },
    {
        "case_id": "2419",
        "case_type": "数字操作",
        "debugScore": 957.67,
        "firstConsScore": 173.16,
        "algorthmScore": 216.85
    },
    {
        "case_id": "2518",
        "case_type": "数字操作",
        "debugScore": 754.54,
        "firstConsScore": 180.09,
        "algorthmScore": 269.77
    }
]