[
    {
        "case_id": "2473",
        "case_type": "线性表",
        "debugScore": 687.08,
        "firstConsScore": 80.01,
        "algorthmScore": 282.65
    },
    {
        "case_id": "2471",
        "case_type": "线性表",
        "debugScore": 75.55,
        "firstConsScore": 156.77,
        "algorthmScore": 210.39
    },
    {
        "case_id": "2691",
        "case_type": "线性表",
        "debugScore": 100.02,
        "firstConsScore": 214.87,
        "algorthmScore": 274.78
    },
    {
        "case_id": "2690",
        "case_type": "线性表",
        "debugScore": 552.72,
        "firstConsScore": 91.77,
        "algorthmScore": 290.9
    },
    {
        "case_id": "2590",
        "case_type": "线性表",
        "debugScore": 83.15,
        "firstConsScore": 239.18,
        "algorthmScore": 260.34
    },
    {
        "case_id": "2724",
        "case_type": "线性表",
        "debugScore": 96.42,
        "firstConsScore": 124.08,
        "algorthmScore": 274.46
    },
    {
        "case_id": "2646",
        "case_type": "线性表",
        "debugScore": 85.37,
        "firstConsScore": 192.16,
        "algorthmScore": 247.85
    },
    {
        "case_id": "2723",
        "case_type": "线性表",
        "debugScore": 85.66,
        "firstConsScore": 150.13,
        "algorthmScore": 253.92
    },
    {
        "case_id": "2722",
        "case_type": "线性表",
        "debugScore": 78.28,
        "firstConsScore": 135.74,
        "algorthmScore": 250.96
    },
    {
        "case_id": "2721",
        "case_type": "线性表",
        "debugScore": 82.94,
        "firstConsScore": 148.06,
        "algorthmScore": 260.68
    },
    {
        "case_id": "2487",
        "case_type": "线性表",
        "debugScore": 77.87,
        "firstConsScore": 175.12,
        "algorthmScore": 230.66
    },
    {
        "case_id": "2486",
        "case_type": "线性表",
        "debugScore": 91.37,
        "firstConsScore": 218.26,
        "algorthmScore": 237.6
    },
    {
        "case_id": "2761",
        "case_type": "线性表",
        "debugScore": 84.71,
        "firstConsScore": 162.31,
        "algorthmScore": 301.44
    },
    {
        "case_id": "2728",
        "case_type": "线性表",
        "debugScore": 86.84,
        "firstConsScore": 201.75,
        "algorthmScore": 293.86
    },
    {
        "case_id": "2727",
        "case_type": "线性表",
        "debugScore": 707.87,
        "firstConsScore": 9.23,
        "algorthmScore": 290.27
    },
    {
        "case_id": "2649",
        "case_type": "线性表",
        "debugScore": 84.85,
        "firstConsScore": 210.73,
        "algorthmScore": 249.14
    },
    {
        "case_id": "2725",
        "case_type": "线性表",
        "debugScore": 85.38,
        "firstConsScore": 185.95,
        "algorthmScore": 283.5
    },
    {
        "case_id": "2485",
        "case_type": "线性表",
        "debugScore": 77.05,
        "firstConsScore": 188.75,
        "algorthmScore": 205.15
    },
    {
        "case_id": "2760",
        "case_type": "线性表",
        "debugScore": 94.78,
        "firstConsScore": 161.13,
        "algorthmScore": 188.1
    },
    {
        "case_id": "2484",
        "case_type": "线性表",
        "debugScore": 93.92,
        "firstConsScore": 159.56,
        "algorthmScore": 261.08
    },
    {
        "case_id": "2560",
        "case_type": "线性表",
        "debugScore": 838.89,
        "firstConsScore": 97.14,
        "algorthmScore": 263.19
    },
    {
        "case_id": "2483",
        "case_type": "线性表",
        "debugScore": 100.28,
        "firstConsScore": 168.89,
        "algorthmScore": 249.97
    },
    {
        "case_id": "2559",
        "case_type": "线性表",
        "debugScore": 1470.56,
        "firstConsScore": 64.08,
        "algorthmScore": 227.59
    },
    {
        "case_id": "2557",
        "case_type": "线性表",
        "debugScore": 81.3,
        "firstConsScore": 169.78,
        "algorthmScore": 139.18
    },
    {
        "case_id": "2755",
        "case_type": "线性表",
        "debugScore": 105.5,
        "firstConsScore": 199.59,
        "algorthmScore": 145.74
    },
    {
        "case_id": "2732",
        "case_type": "线性表",
        "debugScore": 77.69,
        "firstConsScore": 154.87,
        "algorthmScore": 250.3
    },
    {
        "case_id": "2336",
        "case_type": "线性表",
        "debugScore": 450.61,
        "firstConsScore": 6.95,
        "algorthmScore": 264.58
    },
    {
        "case_id": "2731",
        "case_type": "线性表",
        "debugScore": 92.02,
        "firstConsScore": 188.02,
        "algorthmScore": 245.32
    },
    {
        "case_id": "2730",
        "case_type": "线性表",
        "debugScore": 994.54,
        "firstConsScore": 57.16,
        "algorthmScore": 250.41
    },
    {
        "case_id": "2759",
        "case_type": "线性表",
        "debugScore": 82.68,
        "firstConsScore": 140.52,
        "algorthmScore": 246.12
    }
]