[
    {
        "case_id": "2870",
        "case_type": "数组",
        "debugScore": 102.62,
        "firstConsScore": 277.66,
        "algorthmScore": 233.99
    },
    {
        "case_id": "2374",
        "case_type": "数组",
        "debugScore": 468.77,
        "firstConsScore": 204.86,
        "algorthmScore": 285.98
    },
    {
        "case_id": "2470",
        "case_type": "数组",
        "debugScore": 554.45,
        "firstConsScore": 228.64,
        "algorthmScore": 307.22
    },
    {
        "case_id": "2393",
        "case_type": "数组",
        "debugScore": 3761.83,
        "firstConsScore": 334.72,
        "algorthmScore": 376.1
    },
    {
        "case_id": "2867",
        "case_type": "数组",
        "debugScore": 79.5,
        "firstConsScore": 268.59,
        "algorthmScore": 222.09
    },
    {
        "case_id": "2845",
        "case_type": "数组",
        "debugScore": 160.64,
        "firstConsScore": 318.7,
        "algorthmScore": 265.63
    },
    {
        "case_id": "2823",
        "case_type": "数组",
        "debugScore": 425.46,
        "firstConsScore": 326.27,
        "algorthmScore": 190.56
    },
    {
        "case_id": "2844",
        "case_type": "数组",
        "debugScore": 89.1,
        "firstConsScore": 244.13,
        "algorthmScore": 173.14
    },
    {
        "case_id": "2866",
        "case_type": "数组",
        "debugScore": 82.82,
        "firstConsScore": 384.46,
        "algorthmScore": 262.78
    },
    {
        "case_id": "2865",
        "case_type": "数组",
        "debugScore": 75.41,
        "firstConsScore": 310.32,
        "algorthmScore": 292.06
    },
    {
        "case_id": "2843",
        "case_type": "数组",
        "debugScore": 77.99,
        "firstConsScore": 332.28,
        "algorthmScore": 236.16
    },
    {
        "case_id": "2469",
        "case_type": "数组",
        "debugScore": 103.45,
        "firstConsScore": 396.15,
        "algorthmScore": 264.71
    },
    {
        "case_id": "2864",
        "case_type": "数组",
        "debugScore": 114.6,
        "firstConsScore": 439.71,
        "algorthmScore": 308.24
    },
    {
        "case_id": "2842",
        "case_type": "数组",
        "debugScore": 108.29,
        "firstConsScore": 480.98,
        "algorthmScore": 337.67
    },
    {
        "case_id": "2863",
        "case_type": "数组",
        "debugScore": 84.28,
        "firstConsScore": 278.95,
        "algorthmScore": 254.83
    },
    {
        "case_id": "2840",
        "case_type": "数组",
        "debugScore": 80.88,
        "firstConsScore": 270.5,
        "algorthmScore": 223.82
    },
    {
        "case_id": "2861",
        "case_type": "数组",
        "debugScore": 326.75,
        "firstConsScore": 254.22,
        "algorthmScore": 135.78
    },
    {
        "case_id": "2849",
        "case_type": "数组",
        "debugScore": 90.72,
        "firstConsScore": 220.76,
        "algorthmScore": 191.78
    },
    {
        "case_id": "2848",
        "case_type": "数组",
        "debugScore": 85.23,
        "firstConsScore": 301.24,
        "algorthmScore": 268.47
    },
    {
        "case_id": "2868",
        "case_type": "数组",
        "debugScore": 88.1,
        "firstConsScore": 388.4,
        "algorthmScore": 257.32
    },
    {
        "case_id": "2824",
        "case_type": "数组",
        "debugScore": 89.12,
        "firstConsScore": 357.99,
        "algorthmScore": 265.44
    },
    {
        "case_id": "2384",
        "case_type": "数组",
        "debugScore": 97.01,
        "firstConsScore": 384.81,
        "algorthmScore": 269.6
    },
    {
        "case_id": "2834",
        "case_type": "数组",
        "debugScore": 955.05,
        "firstConsScore": 325.9,
        "algorthmScore": 262.79
    },
    {
        "case_id": "2877",
        "case_type": "数组",
        "debugScore": 81.19,
        "firstConsScore": 289.27,
        "algorthmScore": 251.49
    },
    {
        "case_id": "2855",
        "case_type": "数组",
        "debugScore": 79.92,
        "firstConsScore": 351.41,
        "algorthmScore": 286.71
    },
    {
        "case_id": "2854",
        "case_type": "数组",
        "debugScore": 88.3,
        "firstConsScore": 237.21,
        "algorthmScore": 166.96
    },
    {
        "case_id": "2832",
        "case_type": "数组",
        "debugScore": 84.17,
        "firstConsScore": 305.74,
        "algorthmScore": 248.8
    },
    {
        "case_id": "2875",
        "case_type": "数组",
        "debugScore": 74.56,
        "firstConsScore": 282.89,
        "algorthmScore": 237.34
    },
    {
        "case_id": "2831",
        "case_type": "数组",
        "debugScore": 89.78,
        "firstConsScore": 260.22,
        "algorthmScore": 226.96
    },
    {
        "case_id": "2853",
        "case_type": "数组",
        "debugScore": 106.45,
        "firstConsScore": 342.73,
        "algorthmScore": 265.08
    },
    {
        "case_id": "2830",
        "case_type": "数组",
        "debugScore": 84.13,
        "firstConsScore": 354.81,
        "algorthmScore": 224.35
    },
    {
        "case_id": "2852",
        "case_type": "数组",
        "debugScore": 92.08,
        "firstConsScore": 407.29,
        "algorthmScore": 262.84
    },
    {
        "case_id": "2873",
        "case_type": "数组",
        "debugScore": 81.47,
        "firstConsScore": 320.58,
        "algorthmScore": 251.09
    },
    {
        "case_id": "2851",
        "case_type": "数组",
        "debugScore": 96.63,
        "firstConsScore": 341.5,
        "algorthmScore": 306.37
    },
    {
        "case_id": "2872",
        "case_type": "数组",
        "debugScore": 86.13,
        "firstConsScore": 333.74,
        "algorthmScore": 254.75
    },
    {
        "case_id": "2850",
        "case_type": "数组",
        "debugScore": 452.49,
        "firstConsScore": 232.11,
        "algorthmScore": 229.55
    },
    {
        "case_id": "2819",
        "case_type": "数组",
        "debugScore": 237.85,
        "firstConsScore": 300.31,
        "algorthmScore": 265.42
    },
    {
        "case_id": "2838",
        "case_type": "数组",
        "debugScore": 731.17,
        "firstConsScore": 116.31,
        "algorthmScore": 217.94
    },
    {
        "case_id": "2859",
        "case_type": "数组",
        "debugScore": 82.35,
        "firstConsScore": 275.36,
        "algorthmScore": 213.7
    },
    {
        "case_id": "2837",
        "case_type": "数组",
        "debugScore": 79.15,
        "firstConsScore": 295.74,
        "algorthmScore": 233.63
    },
    {
        "case_id": "2815",
        "case_type": "数组",
        "debugScore": 661.72,
        "firstConsScore": 305.91,
        "algorthmScore": 139.26
    },
    {
        "case_id": "2836",
        "case_type": "数组",
        "debugScore": 97.01,
        "firstConsScore": 294.33,
        "algorthmScore": 251.36
    },
    {
        "case_id": "2858",
        "case_type": "数组",
        "debugScore": 118.89,
        "firstConsScore": 342.16,
        "algorthmScore": 278.46
    },
    {
        "case_id": "2835",
        "case_type": "数组",
        "debugScore": 90.2,
        "firstConsScore": 283.13,
        "algorthmScore": 207.51
    },
    {
        "case_id": "2857",
        "case_type": "数组",
        "debugScore": 249.89,
        "firstConsScore": 248.91,
        "algorthmScore": 352.34
    }
]