[
    {
        "case_id": "2397",
        "case_type": "树结构",
        "debugScore": 989.28,
        "firstConsScore": 137.15,
        "algorthmScore": 278.69
    },
    {
        "case_id": "2353",
        "case_type": "树结构",
        "debugScore": 714.64,
        "firstConsScore": 108.88,
        "algorthmScore": 328.16
    },
    {
        "case_id": "2650",
        "case_type": "树结构",
        "debugScore": 103.37,
        "firstConsScore": 60.43,
        "algorthmScore": 171.86
    },
    {
        "case_id": "2524",
        "case_type": "树结构",
        "debugScore": 120.48,
        "firstConsScore": 234.23,
        "algorthmScore": 355.88
    },
    {
        "case_id": "2600",
        "case_type": "树结构",
        "debugScore": 114.11,
        "firstConsScore": 177.51,
        "algorthmScore": 243.44
    },
    {
        "case_id": "2400",
        "case_type": "树结构",
        "debugScore": 996.38,
        "firstConsScore": 283.93,
        "algorthmScore": 329.61
    },
    {
        "case_id": "2509",
        "case_type": "树结构",
        "debugScore": 89.65,
        "firstConsScore": 140.92,
        "algorthmScore": 266.28
    },
    {
        "case_id": "2605",
        "case_type": "树结构",
        "debugScore": 86.96,
        "firstConsScore": 213.86,
        "algorthmScore": 393.08
    },
    {
        "case_id": "2648",
        "case_type": "树结构",
        "debugScore": 586.39,
        "firstConsScore": 119.9,
        "algorthmScore": 129.27
    },
    {
        "case_id": "2549",
        "case_type": "树结构",
        "debugScore": 95.72,
        "firstConsScore": 151.49,
        "algorthmScore": 262.32
    },
    {
        "case_id": "2540",
        "case_type": "树结构",
        "debugScore": 715.64,
        "firstConsScore": 240.82,
        "algorthmScore": 344.48
    },
    {
        "case_id": "2660",
        "case_type": "树结构",
        "debugScore": 1355.81,
        "firstConsScore": 83.02,
        "algorthmScore": 263.62
    },
    {
        "case_id": "2382",
        "case_type": "树结构",
        "debugScore": 793.16,
        "firstConsScore": 137.57,
        "algorthmScore": 277.22
    },
    {
        "case_id": "2416",
        "case_type": "树结构",
        "debugScore": 691.17,
        "firstConsScore": 168.83,
        "algorthmScore": 276.11
    },
    {
        "case_id": "2636",
        "case_type": "树结构",
        "debugScore": 109.29,
        "firstConsScore": 173.31,
        "algorthmScore": 312.48
    },
    {
        "case_id": "2657",
        "case_type": "树结构",
        "debugScore": 869.29,
        "firstConsScore": 118.73,
        "algorthmScore": 317.73
    },
    {
        "case_id": "2699",
        "case_type": "树结构",
        "debugScore": 652.4,
        "firstConsScore": 95.23,
        "algorthmScore": 252.12
    },
    {
        "case_id": "2633",
        "case_type": "树结构",
        "debugScore": 154.13,
        "firstConsScore": 179.29,
        "algorthmScore": 281.99
    },
    {
        "case_id": "2599",
        "case_type": "树结构",
        "debugScore": 99.8,
        "firstConsScore": 268.93,
        "algorthmScore": 249.32
    },
    {
        "case_id": "2654",
        "case_type": "树结构",
        "debugScore": 1295.62,
        "firstConsScore": 112.2,
        "algorthmScore": 300.02
    },
    {
        "case_id": "2632",
        "case_type": "树结构",
        "debugScore": 116.46,
        "firstConsScore": 202.5,
        "algorthmScore": 328.61
    },
    {
        "case_id": "2598",
        "case_type": "树结构",
        "debugScore": 95.29,
        "firstConsScore": 225.81,
        "algorthmScore": 240.91
    },
    {
        "case_id": "2697",
        "case_type": "树结构",
        "debugScore": 983.95,
        "firstConsScore": 129.7,
        "algorthmScore": 321.27
    },
    {
        "case_id": "2631",
        "case_type": "树结构",
        "debugScore": 90.08,
        "firstConsScore": 221.56,
        "algorthmScore": 320.0
    },
    {
        "case_id": "2696",
        "case_type": "树结构",
        "debugScore": 710.5,
        "firstConsScore": 121.3,
        "algorthmScore": 281.82
    },
    {
        "case_id": "2355",
        "case_type": "树结构",
        "debugScore": 713.41,
        "firstConsScore": 68.02,
        "algorthmScore": 319.28
    },
    {
        "case_id": "2398",
        "case_type": "树结构",
        "debugScore": 745.54,
        "firstConsScore": 177.0,
        "algorthmScore": 162.26
    },
    {
        "case_id": "2695",
        "case_type": "树结构",
        "debugScore": 860.65,
        "firstConsScore": 95.8,
        "algorthmScore": 307.28
    },
    {
        "case_id": "2638",
        "case_type": "树结构",
        "debugScore": 103.09,
        "firstConsScore": 177.45,
        "algorthmScore": 301.97
    }
]