[
    {
        "case_id": "2870",
        "case_type": "数组",
        "debugScore": 102.62,
        "firstConsScore": 120.21,
        "algorthmScore": 169.2
    },
    {
        "case_id": "2374",
        "case_type": "数组",
        "debugScore": 92.51,
        "firstConsScore": 303.65,
        "algorthmScore": 196.73
    },
    {
        "case_id": "2393",
        "case_type": "数组",
        "debugScore": 98.88,
        "firstConsScore": 161.39,
        "algorthmScore": 285.64
    },
    {
        "case_id": "2867",
        "case_type": "数组",
        "debugScore": 79.5,
        "firstConsScore": 186.48,
        "algorthmScore": 254.44
    },
    {
        "case_id": "2845",
        "case_type": "数组",
        "debugScore": 160.64,
        "firstConsScore": 190.71,
        "algorthmScore": 272.38
    },
    {
        "case_id": "2844",
        "case_type": "数组",
        "debugScore": 111.52,
        "firstConsScore": 190.05,
        "algorthmScore": 199.13
    },
    {
        "case_id": "2866",
        "case_type": "数组",
        "debugScore": 82.82,
        "firstConsScore": 183.34,
        "algorthmScore": 266.65
    },
    {
        "case_id": "2865",
        "case_type": "数组",
        "debugScore": 75.41,
        "firstConsScore": 182.86,
        "algorthmScore": 244.39
    },
    {
        "case_id": "2843",
        "case_type": "数组",
        "debugScore": 77.99,
        "firstConsScore": 172.14,
        "algorthmScore": 232.87
    },
    {
        "case_id": "2469",
        "case_type": "数组",
        "debugScore": 103.45,
        "firstConsScore": 199.87,
        "algorthmScore": 325.0
    },
    {
        "case_id": "2864",
        "case_type": "数组",
        "debugScore": 114.6,
        "firstConsScore": 120.37,
        "algorthmScore": 240.76
    },
    {
        "case_id": "2842",
        "case_type": "数组",
        "debugScore": 108.29,
        "firstConsScore": 218.28,
        "algorthmScore": 278.64
    },
    {
        "case_id": "2863",
        "case_type": "数组",
        "debugScore": 84.28,
        "firstConsScore": 152.04,
        "algorthmScore": 189.77
    },
    {
        "case_id": "2840",
        "case_type": "数组",
        "debugScore": 80.88,
        "firstConsScore": 162.04,
        "algorthmScore": 212.53
    },
    {
        "case_id": "2861",
        "case_type": "数组",
        "debugScore": 79.57,
        "firstConsScore": 155.43,
        "algorthmScore": 253.99
    },
    {
        "case_id": "2849",
        "case_type": "数组",
        "debugScore": 90.72,
        "firstConsScore": 166.3,
        "algorthmScore": 221.39
    },
    {
        "case_id": "2848",
        "case_type": "数组",
        "debugScore": 85.23,
        "firstConsScore": 193.01,
        "algorthmScore": 236.46
    },
    {
        "case_id": "2868",
        "case_type": "数组",
        "debugScore": 88.1,
        "firstConsScore": 167.24,
        "algorthmScore": 250.47
    },
    {
        "case_id": "2824",
        "case_type": "数组",
        "debugScore": 571.58,
        "firstConsScore": 140.18,
        "algorthmScore": 276.27
    },
    {
        "case_id": "2384",
        "case_type": "数组",
        "debugScore": 97.01,
        "firstConsScore": 196.4,
        "algorthmScore": 291.35
    },
    {
        "case_id": "2834",
        "case_type": "数组",
        "debugScore": 82.17,
        "firstConsScore": 149.21,
        "algorthmScore": 264.68
    },
    {
        "case_id": "2877",
        "case_type": "数组",
        "debugScore": 909.89,
        "firstConsScore": 101.79,
        "algorthmScore": 208.12
    },
    {
        "case_id": "2855",
        "case_type": "数组",
        "debugScore": 79.92,
        "firstConsScore": 201.99,
        "algorthmScore": 296.64
    },
    {
        "case_id": "2854",
        "case_type": "数组",
        "debugScore": 88.3,
        "firstConsScore": 182.75,
        "algorthmScore": 260.61
    },
    {
        "case_id": "2832",
        "case_type": "数组",
        "debugScore": 84.17,
        "firstConsScore": 199.67,
        "algorthmScore": 277.83
    },
    {
        "case_id": "2875",
        "case_type": "数组",
        "debugScore": 74.56,
        "firstConsScore": 165.02,
        "algorthmScore": 127.83
    },
    {
        "case_id": "2831",
        "case_type": "数组",
        "debugScore": 89.78,
        "firstConsScore": 222.16,
        "algorthmScore": 284.8
    },
    {
        "case_id": "2853",
        "case_type": "数组",
        "debugScore": 106.45,
        "firstConsScore": 154.02,
        "algorthmScore": 232.83
    },
    {
        "case_id": "2830",
        "case_type": "数组",
        "debugScore": 84.13,
        "firstConsScore": 158.96,
        "algorthmScore": 263.99
    },
    {
        "case_id": "2852",
        "case_type": "数组",
        "debugScore": 92.08,
        "firstConsScore": 178.74,
        "algorthmScore": 269.57
    },
    {
        "case_id": "2873",
        "case_type": "数组",
        "debugScore": 81.47,
        "firstConsScore": 183.63,
        "algorthmScore": 184.75
    },
    {
        "case_id": "2851",
        "case_type": "数组",
        "debugScore": 96.63,
        "firstConsScore": 156.68,
        "algorthmScore": 263.29
    },
    {
        "case_id": "2872",
        "case_type": "数组",
        "debugScore": 86.13,
        "firstConsScore": 184.2,
        "algorthmScore": 256.18
    },
    {
        "case_id": "2850",
        "case_type": "数组",
        "debugScore": 84.73,
        "firstConsScore": 216.82,
        "algorthmScore": 232.62
    },
    {
        "case_id": "2819",
        "case_type": "数组",
        "debugScore": 703.08,
        "firstConsScore": 116.61,
        "algorthmScore": 306.02
    },
    {
        "case_id": "2838",
        "case_type": "数组",
        "debugScore": 77.66,
        "firstConsScore": 161.81,
        "algorthmScore": 257.61
    },
    {
        "case_id": "2859",
        "case_type": "数组",
        "debugScore": 83.97,
        "firstConsScore": 206.77,
        "algorthmScore": 324.26
    },
    {
        "case_id": "2837",
        "case_type": "数组",
        "debugScore": 79.15,
        "firstConsScore": 202.14,
        "algorthmScore": 265.1
    },
    {
        "case_id": "2815",
        "case_type": "数组",
        "debugScore": 82.82,
        "firstConsScore": 147.81,
        "algorthmScore": 284.91
    },
    {
        "case_id": "2836",
        "case_type": "数组",
        "debugScore": 97.01,
        "firstConsScore": 146.09,
        "algorthmScore": 202.11
    },
    {
        "case_id": "2858",
        "case_type": "数组",
        "debugScore": 118.89,
        "firstConsScore": 160.71,
        "algorthmScore": 217.85
    },
    {
        "case_id": "2835",
        "case_type": "数组",
        "debugScore": 90.2,
        "firstConsScore": 187.82,
        "algorthmScore": 207.89
    }
]