[
    {
        "case_id": "2954",
        "case_type": "字符串",
        "debugScore": 622.42,
        "firstConsScore": 160.73,
        "algorthmScore": 302.89
    },
    {
        "case_id": "2975",
        "case_type": "字符串",
        "debugScore": 1020.52,
        "firstConsScore": 136.94,
        "algorthmScore": 178.61
    },
    {
        "case_id": "2942",
        "case_type": "字符串",
        "debugScore": 327.74,
        "firstConsScore": 123.94,
        "algorthmScore": 203.33
    },
    {
        "case_id": "2974",
        "case_type": "字符串",
        "debugScore": 97.32,
        "firstConsScore": 471.87,
        "algorthmScore": 233.77
    },
    {
        "case_id": "2963",
        "case_type": "字符串",
        "debugScore": 291.82,
        "firstConsScore": 262.48,
        "algorthmScore": 245.25
    },
    {
        "case_id": "2984",
        "case_type": "字符串",
        "debugScore": 846.63,
        "firstConsScore": 243.71,
        "algorthmScore": 242.9
    },
    {
        "case_id": "2961",
        "case_type": "字符串",
        "debugScore": 483.38,
        "firstConsScore": 200.95,
        "algorthmScore": 262.52
    },
    {
        "case_id": "2972",
        "case_type": "字符串",
        "debugScore": 493.2,
        "firstConsScore": 163.69,
        "algorthmScore": 186.11
    },
    {
        "case_id": "2981",
        "case_type": "字符串",
        "debugScore": 90.21,
        "firstConsScore": 444.32,
        "algorthmScore": 271.39
    },
    {
        "case_id": "2970",
        "case_type": "字符串",
        "debugScore": 961.72,
        "firstConsScore": 214.05,
        "algorthmScore": 298.03
    },
    {
        "case_id": "2969",
        "case_type": "字符串",
        "debugScore": 536.42,
        "firstConsScore": 208.6,
        "algorthmScore": 271.72
    },
    {
        "case_id": "2979",
        "case_type": "字符串",
        "debugScore": 1031.91,
        "firstConsScore": 180.95,
        "algorthmScore": 221.33
    },
    {
        "case_id": "2968",
        "case_type": "字符串",
        "debugScore": 858.02,
        "firstConsScore": 264.08,
        "algorthmScore": 194.45
    },
    {
        "case_id": "2946",
        "case_type": "字符串",
        "debugScore": 410.41,
        "firstConsScore": 163.45,
        "algorthmScore": 248.95
    },
    {
        "case_id": "2957",
        "case_type": "字符串",
        "debugScore": 122.3,
        "firstConsScore": 270.73,
        "algorthmScore": 275.68
    },
    {
        "case_id": "2978",
        "case_type": "字符串",
        "debugScore": 678.85,
        "firstConsScore": 188.41,
        "algorthmScore": 255.81
    },
    {
        "case_id": "2945",
        "case_type": "字符串",
        "debugScore": 452.07,
        "firstConsScore": 99.99,
        "algorthmScore": 203.01
    },
    {
        "case_id": "2956",
        "case_type": "字符串",
        "debugScore": 706.72,
        "firstConsScore": 171.6,
        "algorthmScore": 152.68
    }
]