[
    {
        "case_id": "2870",
        "case_type": "数组",
        "debugScore": 102.62,
        "firstConsScore": 250.78,
        "algorthmScore": 264.81
    },
    {
        "case_id": "2374",
        "case_type": "数组",
        "debugScore": 92.51,
        "firstConsScore": 350.01,
        "algorthmScore": 253.15
    },
    {
        "case_id": "2393",
        "case_type": "数组",
        "debugScore": 98.88,
        "firstConsScore": 168.12,
        "algorthmScore": 211.98
    },
    {
        "case_id": "2470",
        "case_type": "数组",
        "debugScore": 549.3,
        "firstConsScore": 141.75,
        "algorthmScore": 222.35
    },
    {
        "case_id": "2867",
        "case_type": "数组",
        "debugScore": 79.5,
        "firstConsScore": 261.31,
        "algorthmScore": 271.27
    },
    {
        "case_id": "2845",
        "case_type": "数组",
        "debugScore": 160.64,
        "firstConsScore": 246.97,
        "algorthmScore": 272.38
    },
    {
        "case_id": "2823",
        "case_type": "数组",
        "debugScore": 111.08,
        "firstConsScore": 271.5,
        "algorthmScore": 308.4
    },
    {
        "case_id": "2844",
        "case_type": "数组",
        "debugScore": 111.52,
        "firstConsScore": 242.41,
        "algorthmScore": 217.01
    },
    {
        "case_id": "2866",
        "case_type": "数组",
        "debugScore": 82.82,
        "firstConsScore": 228.18,
        "algorthmScore": 217.37
    },
    {
        "case_id": "2865",
        "case_type": "数组",
        "debugScore": 75.41,
        "firstConsScore": 259.31,
        "algorthmScore": 163.28
    },
    {
        "case_id": "2843",
        "case_type": "数组",
        "debugScore": 77.99,
        "firstConsScore": 231.38,
        "algorthmScore": 243.01
    },
    {
        "case_id": "2469",
        "case_type": "数组",
        "debugScore": 197.15,
        "firstConsScore": 208.71,
        "algorthmScore": 248.64
    },
    {
        "case_id": "2864",
        "case_type": "数组",
        "debugScore": 466.42,
        "firstConsScore": 186.19,
        "algorthmScore": 206.47
    },
    {
        "case_id": "2842",
        "case_type": "数组",
        "debugScore": 108.29,
        "firstConsScore": 277.83,
        "algorthmScore": 307.53
    },
    {
        "case_id": "2863",
        "case_type": "数组",
        "debugScore": 878.06,
        "firstConsScore": 166.93,
        "algorthmScore": 170.92
    },
    {
        "case_id": "2840",
        "case_type": "数组",
        "debugScore": 80.88,
        "firstConsScore": 218.61,
        "algorthmScore": 235.37
    },
    {
        "case_id": "2861",
        "case_type": "数组",
        "debugScore": 79.57,
        "firstConsScore": 212.33,
        "algorthmScore": 241.17
    },
    {
        "case_id": "2849",
        "case_type": "数组",
        "debugScore": 1893.0,
        "firstConsScore": 251.49,
        "algorthmScore": 254.45
    },
    {
        "case_id": "2848",
        "case_type": "数组",
        "debugScore": 819.39,
        "firstConsScore": 208.51,
        "algorthmScore": 259.24
    },
    {
        "case_id": "2868",
        "case_type": "数组",
        "debugScore": 88.1,
        "firstConsScore": 218.12,
        "algorthmScore": 243.18
    },
    {
        "case_id": "2824",
        "case_type": "数组",
        "debugScore": 89.12,
        "firstConsScore": 191.4,
        "algorthmScore": 164.3
    },
    {
        "case_id": "2384",
        "case_type": "数组",
        "debugScore": 97.01,
        "firstConsScore": 240.07,
        "algorthmScore": 269.67
    },
    {
        "case_id": "2834",
        "case_type": "数组",
        "debugScore": 82.17,
        "firstConsScore": 204.79,
        "algorthmScore": 264.37
    },
    {
        "case_id": "2877",
        "case_type": "数组",
        "debugScore": 81.19,
        "firstConsScore": 239.61,
        "algorthmScore": 242.29
    },
    {
        "case_id": "2855",
        "case_type": "数组",
        "debugScore": 116.33,
        "firstConsScore": 227.9,
        "algorthmScore": 208.26
    },
    {
        "case_id": "2854",
        "case_type": "数组",
        "debugScore": 661.38,
        "firstConsScore": 124.76,
        "algorthmScore": 153.95
    },
    {
        "case_id": "2832",
        "case_type": "数组",
        "debugScore": 84.17,
        "firstConsScore": 253.19,
        "algorthmScore": 239.01
    },
    {
        "case_id": "2875",
        "case_type": "数组",
        "debugScore": 957.19,
        "firstConsScore": 111.88,
        "algorthmScore": 101.75
    },
    {
        "case_id": "2831",
        "case_type": "数组",
        "debugScore": 1122.47,
        "firstConsScore": 94.21,
        "algorthmScore": 124.24
    },
    {
        "case_id": "2853",
        "case_type": "数组",
        "debugScore": 106.45,
        "firstConsScore": 215.41,
        "algorthmScore": 245.58
    },
    {
        "case_id": "2830",
        "case_type": "数组",
        "debugScore": 84.13,
        "firstConsScore": 208.19,
        "algorthmScore": 247.36
    },
    {
        "case_id": "2852",
        "case_type": "数组",
        "debugScore": 92.08,
        "firstConsScore": 218.24,
        "algorthmScore": 194.07
    },
    {
        "case_id": "2873",
        "case_type": "数组",
        "debugScore": 772.11,
        "firstConsScore": 125.88,
        "algorthmScore": 191.16
    },
    {
        "case_id": "2851",
        "case_type": "数组",
        "debugScore": 96.63,
        "firstConsScore": 192.16,
        "algorthmScore": 148.49
    },
    {
        "case_id": "2872",
        "case_type": "数组",
        "debugScore": 86.13,
        "firstConsScore": 266.61,
        "algorthmScore": 261.18
    },
    {
        "case_id": "2850",
        "case_type": "数组",
        "debugScore": 625.49,
        "firstConsScore": 108.35,
        "algorthmScore": 179.32
    },
    {
        "case_id": "2819",
        "case_type": "数组",
        "debugScore": 109.67,
        "firstConsScore": 223.12,
        "algorthmScore": 291.96
    },
    {
        "case_id": "2838",
        "case_type": "数组",
        "debugScore": 77.66,
        "firstConsScore": 229.87,
        "algorthmScore": 263.95
    },
    {
        "case_id": "2859",
        "case_type": "数组",
        "debugScore": 217.04,
        "firstConsScore": 255.64,
        "algorthmScore": 275.77
    },
    {
        "case_id": "2837",
        "case_type": "数组",
        "debugScore": 808.73,
        "firstConsScore": 126.62,
        "algorthmScore": 186.52
    },
    {
        "case_id": "2815",
        "case_type": "数组",
        "debugScore": 662.05,
        "firstConsScore": 170.74,
        "algorthmScore": 278.93
    },
    {
        "case_id": "2836",
        "case_type": "数组",
        "debugScore": 63.13,
        "firstConsScore": 220.08,
        "algorthmScore": 237.41
    },
    {
        "case_id": "2858",
        "case_type": "数组",
        "debugScore": 118.89,
        "firstConsScore": 202.91,
        "algorthmScore": 181.62
    },
    {
        "case_id": "2835",
        "case_type": "数组",
        "debugScore": 542.81,
        "firstConsScore": 110.53,
        "algorthmScore": 112.2
    },
    {
        "case_id": "2857",
        "case_type": "数组",
        "debugScore": 379.48,
        "firstConsScore": 113.47,
        "algorthmScore": 283.3
    }
]