[
    {
        "case_id": "2870",
        "case_type": "数组",
        "debugScore": 102.62,
        "firstConsScore": 285.5,
        "algorthmScore": 349.14
    },
    {
        "case_id": "2374",
        "case_type": "数组",
        "debugScore": 468.77,
        "firstConsScore": 116.5,
        "algorthmScore": 338.2
    },
    {
        "case_id": "2393",
        "case_type": "数组",
        "debugScore": 98.88,
        "firstConsScore": 284.15,
        "algorthmScore": 374.98
    },
    {
        "case_id": "2470",
        "case_type": "数组",
        "debugScore": 554.45,
        "firstConsScore": 168.86,
        "algorthmScore": 358.02
    },
    {
        "case_id": "2867",
        "case_type": "数组",
        "debugScore": 79.5,
        "firstConsScore": 285.14,
        "algorthmScore": 324.68
    },
    {
        "case_id": "2845",
        "case_type": "数组",
        "debugScore": 160.64,
        "firstConsScore": 266.53,
        "algorthmScore": 272.38
    },
    {
        "case_id": "2823",
        "case_type": "数组",
        "debugScore": 374.93,
        "firstConsScore": 197.66,
        "algorthmScore": 305.35
    },
    {
        "case_id": "2844",
        "case_type": "数组",
        "debugScore": 111.52,
        "firstConsScore": 278.33,
        "algorthmScore": 279.16
    },
    {
        "case_id": "2866",
        "case_type": "数组",
        "debugScore": 737.98,
        "firstConsScore": 144.41,
        "algorthmScore": 266.15
    },
    {
        "case_id": "2865",
        "case_type": "数组",
        "debugScore": 75.41,
        "firstConsScore": 281.66,
        "algorthmScore": 281.0
    },
    {
        "case_id": "2843",
        "case_type": "数组",
        "debugScore": 77.99,
        "firstConsScore": 254.44,
        "algorthmScore": 250.15
    },
    {
        "case_id": "2469",
        "case_type": "数组",
        "debugScore": 540.41,
        "firstConsScore": 186.8,
        "algorthmScore": 323.31
    },
    {
        "case_id": "2864",
        "case_type": "数组",
        "debugScore": 114.6,
        "firstConsScore": 313.7,
        "algorthmScore": 336.14
    },
    {
        "case_id": "2842",
        "case_type": "数组",
        "debugScore": 108.29,
        "firstConsScore": 257.67,
        "algorthmScore": 153.87
    },
    {
        "case_id": "2863",
        "case_type": "数组",
        "debugScore": 84.28,
        "firstConsScore": 295.54,
        "algorthmScore": 303.61
    },
    {
        "case_id": "2840",
        "case_type": "数组",
        "debugScore": 80.88,
        "firstConsScore": 267.99,
        "algorthmScore": 287.31
    },
    {
        "case_id": "2861",
        "case_type": "数组",
        "debugScore": 79.57,
        "firstConsScore": 239.75,
        "algorthmScore": 307.95
    },
    {
        "case_id": "2849",
        "case_type": "数组",
        "debugScore": 90.72,
        "firstConsScore": 385.89,
        "algorthmScore": 449.47
    },
    {
        "case_id": "2848",
        "case_type": "数组",
        "debugScore": 85.23,
        "firstConsScore": 305.31,
        "algorthmScore": 279.72
    },
    {
        "case_id": "2868",
        "case_type": "数组",
        "debugScore": 896.73,
        "firstConsScore": 124.41,
        "algorthmScore": 243.29
    },
    {
        "case_id": "2824",
        "case_type": "数组",
        "debugScore": 89.12,
        "firstConsScore": 222.8,
        "algorthmScore": 243.62
    },
    {
        "case_id": "2384",
        "case_type": "数组",
        "debugScore": 992.88,
        "firstConsScore": 163.35,
        "algorthmScore": 371.38
    },
    {
        "case_id": "2834",
        "case_type": "数组",
        "debugScore": 82.17,
        "firstConsScore": 187.17,
        "algorthmScore": 224.38
    },
    {
        "case_id": "2877",
        "case_type": "数组",
        "debugScore": 81.19,
        "firstConsScore": 308.82,
        "algorthmScore": 349.27
    },
    {
        "case_id": "2855",
        "case_type": "数组",
        "debugScore": 79.92,
        "firstConsScore": 261.5,
        "algorthmScore": 290.33
    },
    {
        "case_id": "2854",
        "case_type": "数组",
        "debugScore": 88.3,
        "firstConsScore": 290.01,
        "algorthmScore": 317.27
    },
    {
        "case_id": "2832",
        "case_type": "数组",
        "debugScore": 84.17,
        "firstConsScore": 280.86,
        "algorthmScore": 308.52
    },
    {
        "case_id": "2875",
        "case_type": "数组",
        "debugScore": 74.56,
        "firstConsScore": 306.19,
        "algorthmScore": 370.59
    },
    {
        "case_id": "2831",
        "case_type": "数组",
        "debugScore": 89.78,
        "firstConsScore": 288.92,
        "algorthmScore": 304.85
    },
    {
        "case_id": "2853",
        "case_type": "数组",
        "debugScore": 106.45,
        "firstConsScore": 226.35,
        "algorthmScore": 259.18
    },
    {
        "case_id": "2830",
        "case_type": "数组",
        "debugScore": 1206.52,
        "firstConsScore": 150.13,
        "algorthmScore": 289.37
    },
    {
        "case_id": "2852",
        "case_type": "数组",
        "debugScore": 92.08,
        "firstConsScore": 226.03,
        "algorthmScore": 283.34
    },
    {
        "case_id": "2873",
        "case_type": "数组",
        "debugScore": 79.67,
        "firstConsScore": 277.72,
        "algorthmScore": 275.31
    },
    {
        "case_id": "2851",
        "case_type": "数组",
        "debugScore": 96.63,
        "firstConsScore": 268.22,
        "algorthmScore": 349.17
    },
    {
        "case_id": "2872",
        "case_type": "数组",
        "debugScore": 86.13,
        "firstConsScore": 262.66,
        "algorthmScore": 256.47
    },
    {
        "case_id": "2850",
        "case_type": "数组",
        "debugScore": 84.73,
        "firstConsScore": 287.83,
        "algorthmScore": 259.2
    },
    {
        "case_id": "2819",
        "case_type": "数组",
        "debugScore": 251.19,
        "firstConsScore": 201.63,
        "algorthmScore": 176.01
    },
    {
        "case_id": "2838",
        "case_type": "数组",
        "debugScore": 1313.88,
        "firstConsScore": 192.29,
        "algorthmScore": 272.64
    },
    {
        "case_id": "2859",
        "case_type": "数组",
        "debugScore": 83.97,
        "firstConsScore": 267.35,
        "algorthmScore": 216.59
    },
    {
        "case_id": "2837",
        "case_type": "数组",
        "debugScore": 79.15,
        "firstConsScore": 302.01,
        "algorthmScore": 367.02
    },
    {
        "case_id": "2815",
        "case_type": "数组",
        "debugScore": 136.28,
        "firstConsScore": 205.51,
        "algorthmScore": 283.07
    },
    {
        "case_id": "2836",
        "case_type": "数组",
        "debugScore": 97.01,
        "firstConsScore": 290.91,
        "algorthmScore": 341.89
    },
    {
        "case_id": "2858",
        "case_type": "数组",
        "debugScore": 118.89,
        "firstConsScore": 240.0,
        "algorthmScore": 278.4
    },
    {
        "case_id": "2835",
        "case_type": "数组",
        "debugScore": 816.49,
        "firstConsScore": 231.0,
        "algorthmScore": 312.53
    },
    {
        "case_id": "2857",
        "case_type": "数组",
        "debugScore": 412.09,
        "firstConsScore": 127.39,
        "algorthmScore": 266.28
    }
]