[
    {
        "case_id": "2954",
        "case_type": "字符串",
        "debugScore": 564.26,
        "firstConsScore": 171.77,
        "algorthmScore": 302.89
    },
    {
        "case_id": "2975",
        "case_type": "字符串",
        "debugScore": 82.68,
        "firstConsScore": 265.22,
        "algorthmScore": 259.04
    },
    {
        "case_id": "2942",
        "case_type": "字符串",
        "debugScore": 80.71,
        "firstConsScore": 446.34,
        "algorthmScore": 260.72
    },
    {
        "case_id": "2963",
        "case_type": "字符串",
        "debugScore": 538.87,
        "firstConsScore": 296.61,
        "algorthmScore": 309.66
    },
    {
        "case_id": "2974",
        "case_type": "字符串",
        "debugScore": 97.32,
        "firstConsScore": 432.64,
        "algorthmScore": 260.62
    },
    {
        "case_id": "2984",
        "case_type": "字符串",
        "debugScore": 848.25,
        "firstConsScore": 193.86,
        "algorthmScore": 280.92
    },
    {
        "case_id": "2961",
        "case_type": "字符串",
        "debugScore": 468.2,
        "firstConsScore": 186.84,
        "algorthmScore": 266.82
    },
    {
        "case_id": "2972",
        "case_type": "字符串",
        "debugScore": 602.66,
        "firstConsScore": 200.7,
        "algorthmScore": 221.03
    },
    {
        "case_id": "2981",
        "case_type": "字符串",
        "debugScore": 732.98,
        "firstConsScore": 314.9,
        "algorthmScore": 257.49
    },
    {
        "case_id": "2970",
        "case_type": "字符串",
        "debugScore": 941.61,
        "firstConsScore": 193.93,
        "algorthmScore": 390.08
    },
    {
        "case_id": "2969",
        "case_type": "字符串",
        "debugScore": 536.42,
        "firstConsScore": 158.39,
        "algorthmScore": 310.41
    },
    {
        "case_id": "2979",
        "case_type": "字符串",
        "debugScore": 93.76,
        "firstConsScore": 259.92,
        "algorthmScore": 267.09
    },
    {
        "case_id": "2946",
        "case_type": "字符串",
        "debugScore": 81.27,
        "firstConsScore": 354.77,
        "algorthmScore": 300.79
    },
    {
        "case_id": "2957",
        "case_type": "字符串",
        "debugScore": 477.74,
        "firstConsScore": 402.36,
        "algorthmScore": 316.34
    },
    {
        "case_id": "2968",
        "case_type": "字符串",
        "debugScore": 107.61,
        "firstConsScore": 378.89,
        "algorthmScore": 288.41
    },
    {
        "case_id": "2978",
        "case_type": "字符串",
        "debugScore": 67.14,
        "firstConsScore": 311.65,
        "algorthmScore": 274.38
    },
    {
        "case_id": "2945",
        "case_type": "字符串",
        "debugScore": 82.75,
        "firstConsScore": 363.75,
        "algorthmScore": 224.54
    },
    {
        "case_id": "2956",
        "case_type": "字符串",
        "debugScore": 614.69,
        "firstConsScore": 318.37,
        "algorthmScore": 216.04
    }
]