[
    {
        "case_id": "2650",
        "case_type": "树结构",
        "debugScore": 454.93,
        "firstConsScore": 403.55,
        "algorthmScore": 268.14
    },
    {
        "case_id": "2353",
        "case_type": "树结构",
        "debugScore": 722.79,
        "firstConsScore": 114.53,
        "algorthmScore": 236.68
    },
    {
        "case_id": "2397",
        "case_type": "树结构",
        "debugScore": 135.7,
        "firstConsScore": 179.46,
        "algorthmScore": 290.61
    },
    {
        "case_id": "2524",
        "case_type": "树结构",
        "debugScore": 120.48,
        "firstConsScore": 450.04,
        "algorthmScore": 236.57
    },
    {
        "case_id": "2600",
        "case_type": "树结构",
        "debugScore": 114.11,
        "firstConsScore": 245.67,
        "algorthmScore": 337.89
    },
    {
        "case_id": "2400",
        "case_type": "树结构",
        "debugScore": 133.94,
        "firstConsScore": 270.22,
        "algorthmScore": 289.78
    },
    {
        "case_id": "2509",
        "case_type": "树结构",
        "debugScore": 89.65,
        "firstConsScore": 378.0,
        "algorthmScore": 268.57
    },
    {
        "case_id": "2605",
        "case_type": "树结构",
        "debugScore": 86.96,
        "firstConsScore": 220.75,
        "algorthmScore": 143.26
    },
    {
        "case_id": "2549",
        "case_type": "树结构",
        "debugScore": 95.72,
        "firstConsScore": 403.99,
        "algorthmScore": 278.53
    },
    {
        "case_id": "2648",
        "case_type": "树结构",
        "debugScore": 101.08,
        "firstConsScore": 242.27,
        "algorthmScore": 214.22
    },
    {
        "case_id": "2540",
        "case_type": "树结构",
        "debugScore": 928.64,
        "firstConsScore": 127.13,
        "algorthmScore": 305.1
    },
    {
        "case_id": "2660",
        "case_type": "树结构",
        "debugScore": 107.68,
        "firstConsScore": 188.53,
        "algorthmScore": 314.48
    },
    {
        "case_id": "2382",
        "case_type": "树结构",
        "debugScore": 187.19,
        "firstConsScore": 323.01,
        "algorthmScore": 179.08
    },
    {
        "case_id": "2416",
        "case_type": "树结构",
        "debugScore": 229.09,
        "firstConsScore": 369.98,
        "algorthmScore": 295.54
    },
    {
        "case_id": "2636",
        "case_type": "树结构",
        "debugScore": 109.29,
        "firstConsScore": 211.72,
        "algorthmScore": 294.54
    },
    {
        "case_id": "2657",
        "case_type": "树结构",
        "debugScore": 100.79,
        "firstConsScore": 242.81,
        "algorthmScore": 284.89
    },
    {
        "case_id": "2633",
        "case_type": "树结构",
        "debugScore": 670.14,
        "firstConsScore": 321.74,
        "algorthmScore": 284.55
    },
    {
        "case_id": "2699",
        "case_type": "树结构",
        "debugScore": 119.51,
        "firstConsScore": 245.92,
        "algorthmScore": 170.35
    },
    {
        "case_id": "2599",
        "case_type": "树结构",
        "debugScore": 852.89,
        "firstConsScore": 151.67,
        "algorthmScore": 323.74
    },
    {
        "case_id": "2632",
        "case_type": "树结构",
        "debugScore": 116.46,
        "firstConsScore": 222.34,
        "algorthmScore": 301.23
    },
    {
        "case_id": "2654",
        "case_type": "树结构",
        "debugScore": 110.29,
        "firstConsScore": 186.44,
        "algorthmScore": 318.71
    },
    {
        "case_id": "2598",
        "case_type": "树结构",
        "debugScore": 1198.88,
        "firstConsScore": 346.51,
        "algorthmScore": 313.06
    },
    {
        "case_id": "2631",
        "case_type": "树结构",
        "debugScore": 90.08,
        "firstConsScore": 244.64,
        "algorthmScore": 308.2
    },
    {
        "case_id": "2697",
        "case_type": "树结构",
        "debugScore": 96.64,
        "firstConsScore": 191.56,
        "algorthmScore": 241.05
    },
    {
        "case_id": "2355",
        "case_type": "树结构",
        "debugScore": 129.65,
        "firstConsScore": 281.06,
        "algorthmScore": 245.14
    },
    {
        "case_id": "2696",
        "case_type": "树结构",
        "debugScore": 92.23,
        "firstConsScore": 243.32,
        "algorthmScore": 384.89
    },
    {
        "case_id": "2695",
        "case_type": "树结构",
        "debugScore": 113.57,
        "firstConsScore": 228.68,
        "algorthmScore": 280.61
    },
    {
        "case_id": "2398",
        "case_type": "树结构",
        "debugScore": 91.47,
        "firstConsScore": 255.02,
        "algorthmScore": 335.93
    },
    {
        "case_id": "2638",
        "case_type": "树结构",
        "debugScore": 103.09,
        "firstConsScore": 405.46,
        "algorthmScore": 298.94
    }
]