[
    {
        "case_id": "2954",
        "case_type": "字符串",
        "debugScore": 119.33,
        "firstConsScore": 278.9,
        "algorthmScore": 297.24
    },
    {
        "case_id": "2975",
        "case_type": "字符串",
        "debugScore": 82.68,
        "firstConsScore": 281.21,
        "algorthmScore": 244.85
    },
    {
        "case_id": "2942",
        "case_type": "字符串",
        "debugScore": 359.32,
        "firstConsScore": 135.75,
        "algorthmScore": 273.7
    },
    {
        "case_id": "2963",
        "case_type": "字符串",
        "debugScore": 122.46,
        "firstConsScore": 294.48,
        "algorthmScore": 305.87
    },
    {
        "case_id": "2974",
        "case_type": "字符串",
        "debugScore": 97.32,
        "firstConsScore": 201.89,
        "algorthmScore": 363.71
    },
    {
        "case_id": "2984",
        "case_type": "字符串",
        "debugScore": 177.28,
        "firstConsScore": 285.08,
        "algorthmScore": 283.3
    },
    {
        "case_id": "2961",
        "case_type": "字符串",
        "debugScore": 96.64,
        "firstConsScore": 279.06,
        "algorthmScore": 288.04
    },
    {
        "case_id": "2972",
        "case_type": "字符串",
        "debugScore": 109.77,
        "firstConsScore": 319.59,
        "algorthmScore": 325.01
    },
    {
        "case_id": "2981",
        "case_type": "字符串",
        "debugScore": 90.21,
        "firstConsScore": 240.7,
        "algorthmScore": 347.78
    },
    {
        "case_id": "2970",
        "case_type": "字符串",
        "debugScore": 111.67,
        "firstConsScore": 242.81,
        "algorthmScore": 306.59
    },
    {
        "case_id": "2969",
        "case_type": "字符串",
        "debugScore": 125.36,
        "firstConsScore": 289.48,
        "algorthmScore": 305.83
    },
    {
        "case_id": "2979",
        "case_type": "字符串",
        "debugScore": 93.76,
        "firstConsScore": 293.66,
        "algorthmScore": 156.71
    },
    {
        "case_id": "2946",
        "case_type": "字符串",
        "debugScore": 81.27,
        "firstConsScore": 281.56,
        "algorthmScore": 299.57
    },
    {
        "case_id": "2957",
        "case_type": "字符串",
        "debugScore": 122.3,
        "firstConsScore": 233.38,
        "algorthmScore": 337.73
    },
    {
        "case_id": "2968",
        "case_type": "字符串",
        "debugScore": 107.61,
        "firstConsScore": 249.4,
        "algorthmScore": 326.95
    },
    {
        "case_id": "2978",
        "case_type": "字符串",
        "debugScore": 67.14,
        "firstConsScore": 331.35,
        "algorthmScore": 227.46
    },
    {
        "case_id": "2945",
        "case_type": "字符串",
        "debugScore": 139.99,
        "firstConsScore": 246.65,
        "algorthmScore": 303.54
    },
    {
        "case_id": "2956",
        "case_type": "字符串",
        "debugScore": 106.37,
        "firstConsScore": 249.03,
        "algorthmScore": 310.46
    }
]