[
    {
        "case_id": "2870",
        "case_type": "数组",
        "debugScore": 312.49,
        "firstConsScore": 174.08,
        "algorthmScore": 130.19
    },
    {
        "case_id": "2374",
        "case_type": "数组",
        "debugScore": 92.51,
        "firstConsScore": 418.38,
        "algorthmScore": 320.11
    },
    {
        "case_id": "2393",
        "case_type": "数组",
        "debugScore": 98.88,
        "firstConsScore": 265.88,
        "algorthmScore": 163.14
    },
    {
        "case_id": "2470",
        "case_type": "数组",
        "debugScore": 83.34,
        "firstConsScore": 371.47,
        "algorthmScore": 283.86
    },
    {
        "case_id": "2867",
        "case_type": "数组",
        "debugScore": 79.5,
        "firstConsScore": 279.64,
        "algorthmScore": 270.58
    },
    {
        "case_id": "2845",
        "case_type": "数组",
        "debugScore": 160.64,
        "firstConsScore": 294.94,
        "algorthmScore": 272.25
    },
    {
        "case_id": "2823",
        "case_type": "数组",
        "debugScore": 425.46,
        "firstConsScore": 263.28,
        "algorthmScore": 278.8
    },
    {
        "case_id": "2844",
        "case_type": "数组",
        "debugScore": 255.18,
        "firstConsScore": 247.59,
        "algorthmScore": 168.28
    },
    {
        "case_id": "2866",
        "case_type": "数组",
        "debugScore": 82.82,
        "firstConsScore": 305.43,
        "algorthmScore": 240.89
    },
    {
        "case_id": "2865",
        "case_type": "数组",
        "debugScore": 75.41,
        "firstConsScore": 252.97,
        "algorthmScore": 173.07
    },
    {
        "case_id": "2843",
        "case_type": "数组",
        "debugScore": 77.99,
        "firstConsScore": 287.99,
        "algorthmScore": 243.39
    },
    {
        "case_id": "2469",
        "case_type": "数组",
        "debugScore": 103.45,
        "firstConsScore": 332.46,
        "algorthmScore": 366.12
    },
    {
        "case_id": "2864",
        "case_type": "数组",
        "debugScore": 114.6,
        "firstConsScore": 370.48,
        "algorthmScore": 290.51
    },
    {
        "case_id": "2842",
        "case_type": "数组",
        "debugScore": 175.44,
        "firstConsScore": 360.75,
        "algorthmScore": 237.7
    },
    {
        "case_id": "2863",
        "case_type": "数组",
        "debugScore": 84.28,
        "firstConsScore": 221.52,
        "algorthmScore": 189.8
    },
    {
        "case_id": "2840",
        "case_type": "数组",
        "debugScore": 80.88,
        "firstConsScore": 305.85,
        "algorthmScore": 301.0
    },
    {
        "case_id": "2861",
        "case_type": "数组",
        "debugScore": 79.57,
        "firstConsScore": 242.04,
        "algorthmScore": 183.91
    },
    {
        "case_id": "2849",
        "case_type": "数组",
        "debugScore": 90.72,
        "firstConsScore": 220.99,
        "algorthmScore": 222.95
    },
    {
        "case_id": "2848",
        "case_type": "数组",
        "debugScore": 85.23,
        "firstConsScore": 194.26,
        "algorthmScore": 181.26
    },
    {
        "case_id": "2868",
        "case_type": "数组",
        "debugScore": 917.49,
        "firstConsScore": 189.13,
        "algorthmScore": 265.9
    },
    {
        "case_id": "2824",
        "case_type": "数组",
        "debugScore": 89.12,
        "firstConsScore": 302.58,
        "algorthmScore": 276.17
    },
    {
        "case_id": "2384",
        "case_type": "数组",
        "debugScore": 97.01,
        "firstConsScore": 330.36,
        "algorthmScore": 325.04
    },
    {
        "case_id": "2834",
        "case_type": "数组",
        "debugScore": 82.17,
        "firstConsScore": 285.12,
        "algorthmScore": 235.13
    },
    {
        "case_id": "2877",
        "case_type": "数组",
        "debugScore": 81.19,
        "firstConsScore": 234.98,
        "algorthmScore": 207.87
    },
    {
        "case_id": "2855",
        "case_type": "数组",
        "debugScore": 116.41,
        "firstConsScore": 278.07,
        "algorthmScore": 195.23
    },
    {
        "case_id": "2854",
        "case_type": "数组",
        "debugScore": 88.3,
        "firstConsScore": 265.01,
        "algorthmScore": 214.93
    },
    {
        "case_id": "2832",
        "case_type": "数组",
        "debugScore": 714.92,
        "firstConsScore": 180.52,
        "algorthmScore": 239.71
    },
    {
        "case_id": "2875",
        "case_type": "数组",
        "debugScore": 74.56,
        "firstConsScore": 238.14,
        "algorthmScore": 177.26
    },
    {
        "case_id": "2831",
        "case_type": "数组",
        "debugScore": 89.78,
        "firstConsScore": 258.07,
        "algorthmScore": 245.72
    },
    {
        "case_id": "2853",
        "case_type": "数组",
        "debugScore": 106.45,
        "firstConsScore": 275.87,
        "algorthmScore": 225.84
    },
    {
        "case_id": "2830",
        "case_type": "数组",
        "debugScore": 84.13,
        "firstConsScore": 290.34,
        "algorthmScore": 247.77
    },
    {
        "case_id": "2852",
        "case_type": "数组",
        "debugScore": 92.08,
        "firstConsScore": 318.05,
        "algorthmScore": 273.01
    },
    {
        "case_id": "2873",
        "case_type": "数组",
        "debugScore": 174.68,
        "firstConsScore": 279.2,
        "algorthmScore": 219.27
    },
    {
        "case_id": "2851",
        "case_type": "数组",
        "debugScore": 96.63,
        "firstConsScore": 284.2,
        "algorthmScore": 263.08
    },
    {
        "case_id": "2872",
        "case_type": "数组",
        "debugScore": 86.13,
        "firstConsScore": 287.22,
        "algorthmScore": 236.37
    },
    {
        "case_id": "2850",
        "case_type": "数组",
        "debugScore": 84.73,
        "firstConsScore": 324.93,
        "algorthmScore": 170.37
    },
    {
        "case_id": "2819",
        "case_type": "数组",
        "debugScore": 109.67,
        "firstConsScore": 292.07,
        "algorthmScore": 111.11
    },
    {
        "case_id": "2838",
        "case_type": "数组",
        "debugScore": 77.66,
        "firstConsScore": 300.87,
        "algorthmScore": 244.91
    },
    {
        "case_id": "2859",
        "case_type": "数组",
        "debugScore": 83.97,
        "firstConsScore": 230.69,
        "algorthmScore": 119.56
    },
    {
        "case_id": "2837",
        "case_type": "数组",
        "debugScore": 79.15,
        "firstConsScore": 315.44,
        "algorthmScore": 320.29
    },
    {
        "case_id": "2815",
        "case_type": "数组",
        "debugScore": 337.13,
        "firstConsScore": 270.43,
        "algorthmScore": 286.11
    },
    {
        "case_id": "2836",
        "case_type": "数组",
        "debugScore": 429.51,
        "firstConsScore": 270.89,
        "algorthmScore": 193.28
    },
    {
        "case_id": "2858",
        "case_type": "数组",
        "debugScore": 118.89,
        "firstConsScore": 297.89,
        "algorthmScore": 304.1
    },
    {
        "case_id": "2835",
        "case_type": "数组",
        "debugScore": 90.2,
        "firstConsScore": 335.31,
        "algorthmScore": 335.6
    },
    {
        "case_id": "2857",
        "case_type": "数组",
        "debugScore": 400.47,
        "firstConsScore": 138.84,
        "algorthmScore": 311.76
    }
]