[
    {
        "case_id": "2092",
        "case_type": "数字操作",
        "debugScore": 383.26,
        "firstConsScore": 71.78,
        "algorthmScore": 274.57
    },
    {
        "case_id": "2276",
        "case_type": "数字操作",
        "debugScore": 927.77,
        "firstConsScore": 86.6,
        "algorthmScore": 145.63
    },
    {
        "case_id": "2330",
        "case_type": "数字操作",
        "debugScore": 531.15,
        "firstConsScore": 123.02,
        "algorthmScore": 225.05
    },
    {
        "case_id": "2275",
        "case_type": "数字操作",
        "debugScore": 192.24,
        "firstConsScore": 227.09,
        "algorthmScore": 263.24
    },
    {
        "case_id": "2250",
        "case_type": "数字操作",
        "debugScore": 91.5,
        "firstConsScore": 179.38,
        "algorthmScore": 214.56
    },
    {
        "case_id": "2370",
        "case_type": "数字操作",
        "debugScore": 764.98,
        "firstConsScore": 106.36,
        "algorthmScore": 235.13
    },
    {
        "case_id": "2403",
        "case_type": "数字操作",
        "debugScore": 839.79,
        "firstConsScore": 72.68,
        "algorthmScore": 229.16
    },
    {
        "case_id": "2326",
        "case_type": "数字操作",
        "debugScore": 456.27,
        "firstConsScore": 175.81,
        "algorthmScore": 271.46
    },
    {
        "case_id": "2402",
        "case_type": "数字操作",
        "debugScore": 115.64,
        "firstConsScore": 160.8,
        "algorthmScore": 216.82
    },
    {
        "case_id": "2401",
        "case_type": "数字操作",
        "debugScore": 1162.55,
        "firstConsScore": 90.77,
        "algorthmScore": 160.33
    },
    {
        "case_id": "2324",
        "case_type": "数字操作",
        "debugScore": 648.24,
        "firstConsScore": 136.83,
        "algorthmScore": 174.34
    },
    {
        "case_id": "2367",
        "case_type": "数字操作",
        "debugScore": 91.57,
        "firstConsScore": 174.84,
        "algorthmScore": 218.04
    },
    {
        "case_id": "2421",
        "case_type": "数字操作",
        "debugScore": 898.24,
        "firstConsScore": 51.38,
        "algorthmScore": 198.53
    },
    {
        "case_id": "2322",
        "case_type": "数字操作",
        "debugScore": 781.03,
        "firstConsScore": 84.93,
        "algorthmScore": 133.96
    },
    {
        "case_id": "2420",
        "case_type": "数字操作",
        "debugScore": 68.03,
        "firstConsScore": 178.8,
        "algorthmScore": 255.43
    },
    {
        "case_id": "2442",
        "case_type": "数字操作",
        "debugScore": 80.59,
        "firstConsScore": 175.33,
        "algorthmScore": 198.91
    },
    {
        "case_id": "2321",
        "case_type": "数字操作",
        "debugScore": 682.7,
        "firstConsScore": 72.97,
        "algorthmScore": 178.92
    },
    {
        "case_id": "2409",
        "case_type": "数字操作",
        "debugScore": 632.91,
        "firstConsScore": 92.62,
        "algorthmScore": 98.8
    },
    {
        "case_id": "2408",
        "case_type": "数字操作",
        "debugScore": 1039.91,
        "firstConsScore": 37.81,
        "algorthmScore": 95.45
    },
    {
        "case_id": "2407",
        "case_type": "数字操作",
        "debugScore": 963.37,
        "firstConsScore": 50.7,
        "algorthmScore": 216.92
    },
    {
        "case_id": "2329",
        "case_type": "数字操作",
        "debugScore": 112.07,
        "firstConsScore": 205.3,
        "algorthmScore": 201.26
    },
    {
        "case_id": "2364",
        "case_type": "数字操作",
        "debugScore": 1165.19,
        "firstConsScore": 106.16,
        "algorthmScore": 222.77
    },
    {
        "case_id": "2363",
        "case_type": "数字操作",
        "debugScore": 907.18,
        "firstConsScore": 113.52,
        "algorthmScore": 175.66
    },
    {
        "case_id": "2362",
        "case_type": "数字操作",
        "debugScore": 82.97,
        "firstConsScore": 184.63,
        "algorthmScore": 231.92
    },
    {
        "case_id": "2162",
        "case_type": "数字操作",
        "debugScore": 543.75,
        "firstConsScore": 126.48,
        "algorthmScore": 251.56
    },
    {
        "case_id": "2360",
        "case_type": "数字操作",
        "debugScore": 105.44,
        "firstConsScore": 189.11,
        "algorthmScore": 235.57
    },
    {
        "case_id": "2381",
        "case_type": "数字操作",
        "debugScore": 572.53,
        "firstConsScore": 86.58,
        "algorthmScore": 133.42
    },
    {
        "case_id": "2239",
        "case_type": "数字操作",
        "debugScore": 88.57,
        "firstConsScore": 209.41,
        "algorthmScore": 305.34
    },
    {
        "case_id": "2216",
        "case_type": "数字操作",
        "debugScore": 1777.3,
        "firstConsScore": 101.78,
        "algorthmScore": 199.14
    },
    {
        "case_id": "2379",
        "case_type": "数字操作",
        "debugScore": 570.89,
        "firstConsScore": 127.55,
        "algorthmScore": 213.29
    },
    {
        "case_id": "2411",
        "case_type": "数字操作",
        "debugScore": 388.67,
        "firstConsScore": 120.45,
        "algorthmScore": 120.68
    },
    {
        "case_id": "2377",
        "case_type": "数字操作",
        "debugScore": 265.43,
        "firstConsScore": 148.94,
        "algorthmScore": 211.27
    },
    {
        "case_id": "2332",
        "case_type": "数字操作",
        "debugScore": 103.86,
        "firstConsScore": 176.97,
        "algorthmScore": 181.83
    },
    {
        "case_id": "2419",
        "case_type": "数字操作",
        "debugScore": 998.58,
        "firstConsScore": 45.36,
        "algorthmScore": 130.75
    },
    {
        "case_id": "2518",
        "case_type": "数字操作",
        "debugScore": 458.89,
        "firstConsScore": 96.94,
        "algorthmScore": 141.91
    }
]