[
    {
        "case_id": "2305",
        "case_type": "图结构",
        "debugScore": 151.47,
        "firstConsScore": 353.68,
        "algorthmScore": 331.58
    },
    {
        "case_id": "2536",
        "case_type": "图结构",
        "debugScore": 115.41,
        "firstConsScore": 287.1,
        "algorthmScore": 132.9
    },
    {
        "case_id": "2316",
        "case_type": "图结构",
        "debugScore": 161.56,
        "firstConsScore": 431.4,
        "algorthmScore": 231.32
    },
    {
        "case_id": "2348",
        "case_type": "图结构",
        "debugScore": 919.17,
        "firstConsScore": 259.15,
        "algorthmScore": 218.44
    },
    {
        "case_id": "2347",
        "case_type": "图结构",
        "debugScore": 828.82,
        "firstConsScore": 176.23,
        "algorthmScore": 325.3
    },
    {
        "case_id": "2444",
        "case_type": "图结构",
        "debugScore": 99.71,
        "firstConsScore": 250.11,
        "algorthmScore": 203.03
    },
    {
        "case_id": "2235",
        "case_type": "图结构",
        "debugScore": 153.84,
        "firstConsScore": 320.91,
        "algorthmScore": 192.5
    },
    {
        "case_id": "2343",
        "case_type": "图结构",
        "debugScore": 1819.19,
        "firstConsScore": 197.93,
        "algorthmScore": 339.13
    },
    {
        "case_id": "2354",
        "case_type": "图结构",
        "debugScore": 107.53,
        "firstConsScore": 338.45,
        "algorthmScore": 295.02
    },
    {
        "case_id": "2331",
        "case_type": "图结构",
        "debugScore": 130.47,
        "firstConsScore": 281.1,
        "algorthmScore": 231.17
    },
    {
        "case_id": "2352",
        "case_type": "图结构",
        "debugScore": 125.91,
        "firstConsScore": 297.49,
        "algorthmScore": 346.91
    },
    {
        "case_id": "2704",
        "case_type": "图结构",
        "debugScore": 115.53,
        "firstConsScore": 253.37,
        "algorthmScore": 136.01
    }
]