[
    {
        "case_id": "2694",
        "case_type": "查找算法",
        "debugScore": 1923.6,
        "firstConsScore": 324.65,
        "algorthmScore": 419.84
    },
    {
        "case_id": "2570",
        "case_type": "查找算法",
        "debugScore": 951.34,
        "firstConsScore": 268.1,
        "algorthmScore": 230.47
    },
    {
        "case_id": "2701",
        "case_type": "查找算法",
        "debugScore": 98.47,
        "firstConsScore": 208.79,
        "algorthmScore": 296.57
    },
    {
        "case_id": "2745",
        "case_type": "查找算法",
        "debugScore": 1251.57,
        "firstConsScore": 195.4,
        "algorthmScore": 350.51
    },
    {
        "case_id": "2711",
        "case_type": "查找算法",
        "debugScore": 109.95,
        "firstConsScore": 307.77,
        "algorthmScore": 497.46
    },
    {
        "case_id": "2567",
        "case_type": "查找算法",
        "debugScore": 434.84,
        "firstConsScore": 196.7,
        "algorthmScore": 274.69
    },
    {
        "case_id": "2720",
        "case_type": "查找算法",
        "debugScore": 1269.27,
        "firstConsScore": 97.07,
        "algorthmScore": 265.26
    },
    {
        "case_id": "2729",
        "case_type": "查找算法",
        "debugScore": 76.48,
        "firstConsScore": 252.74,
        "algorthmScore": 267.73
    },
    {
        "case_id": "2707",
        "case_type": "查找算法",
        "debugScore": 1009.11,
        "firstConsScore": 182.22,
        "algorthmScore": 306.62
    },
    {
        "case_id": "2718",
        "case_type": "查找算法",
        "debugScore": 782.74,
        "firstConsScore": 235.79,
        "algorthmScore": 310.91
    },
    {
        "case_id": "2706",
        "case_type": "查找算法",
        "debugScore": 605.62,
        "firstConsScore": 148.03,
        "algorthmScore": 296.69
    },
    {
        "case_id": "2717",
        "case_type": "查找算法",
        "debugScore": 796.63,
        "firstConsScore": 170.47,
        "algorthmScore": 281.22
    },
    {
        "case_id": "2606",
        "case_type": "查找算法",
        "debugScore": 70.86,
        "firstConsScore": 279.81,
        "algorthmScore": 302.12
    },
    {
        "case_id": "2716",
        "case_type": "查找算法",
        "debugScore": 287.52,
        "firstConsScore": 181.21,
        "algorthmScore": 277.53
    },
    {
        "case_id": "2639",
        "case_type": "查找算法",
        "debugScore": 951.52,
        "firstConsScore": 147.84,
        "algorthmScore": 282.95
    },
    {
        "case_id": "2705",
        "case_type": "查找算法",
        "debugScore": 1081.7,
        "firstConsScore": 143.06,
        "algorthmScore": 265.22
    },
    {
        "case_id": "2737",
        "case_type": "查找算法",
        "debugScore": 77.12,
        "firstConsScore": 264.21,
        "algorthmScore": 300.06
    },
    {
        "case_id": "2715",
        "case_type": "查找算法",
        "debugScore": 437.64,
        "firstConsScore": 282.29,
        "algorthmScore": 282.18
    },
    {
        "case_id": "2726",
        "case_type": "查找算法",
        "debugScore": 101.13,
        "firstConsScore": 216.17,
        "algorthmScore": 359.37
    },
    {
        "case_id": "2703",
        "case_type": "查找算法",
        "debugScore": 767.86,
        "firstConsScore": 97.02,
        "algorthmScore": 264.88
    }
]