[
    {
        "case_id": "2092",
        "case_type": "数字操作",
        "debugScore": 384.25,
        "firstConsScore": 136.64,
        "algorthmScore": 279.52
    },
    {
        "case_id": "2276",
        "case_type": "数字操作",
        "debugScore": 103.29,
        "firstConsScore": 290.73,
        "algorthmScore": 157.84
    },
    {
        "case_id": "2275",
        "case_type": "数字操作",
        "debugScore": 192.24,
        "firstConsScore": 239.57,
        "algorthmScore": 257.01
    },
    {
        "case_id": "2330",
        "case_type": "数字操作",
        "debugScore": 417.15,
        "firstConsScore": 145.76,
        "algorthmScore": 361.07
    },
    {
        "case_id": "2250",
        "case_type": "数字操作",
        "debugScore": 373.24,
        "firstConsScore": 266.11,
        "algorthmScore": 179.92
    },
    {
        "case_id": "2370",
        "case_type": "数字操作",
        "debugScore": 98.06,
        "firstConsScore": 184.18,
        "algorthmScore": 296.27
    },
    {
        "case_id": "2403",
        "case_type": "数字操作",
        "debugScore": 97.27,
        "firstConsScore": 251.45,
        "algorthmScore": 267.05
    },
    {
        "case_id": "2326",
        "case_type": "数字操作",
        "debugScore": 95.77,
        "firstConsScore": 222.4,
        "algorthmScore": 325.58
    },
    {
        "case_id": "2402",
        "case_type": "数字操作",
        "debugScore": 115.64,
        "firstConsScore": 351.7,
        "algorthmScore": 401.97
    },
    {
        "case_id": "2401",
        "case_type": "数字操作",
        "debugScore": 732.85,
        "firstConsScore": 330.7,
        "algorthmScore": 276.4
    },
    {
        "case_id": "2324",
        "case_type": "数字操作",
        "debugScore": 104.1,
        "firstConsScore": 157.23,
        "algorthmScore": 284.73
    },
    {
        "case_id": "2367",
        "case_type": "数字操作",
        "debugScore": 367.36,
        "firstConsScore": 253.54,
        "algorthmScore": 189.55
    },
    {
        "case_id": "2421",
        "case_type": "数字操作",
        "debugScore": 77.62,
        "firstConsScore": 246.91,
        "algorthmScore": 248.87
    },
    {
        "case_id": "2322",
        "case_type": "数字操作",
        "debugScore": 95.27,
        "firstConsScore": 292.48,
        "algorthmScore": 407.66
    },
    {
        "case_id": "2420",
        "case_type": "数字操作",
        "debugScore": 68.03,
        "firstConsScore": 264.42,
        "algorthmScore": 269.29
    },
    {
        "case_id": "2442",
        "case_type": "数字操作",
        "debugScore": 835.26,
        "firstConsScore": 207.59,
        "algorthmScore": 295.36
    },
    {
        "case_id": "2321",
        "case_type": "数字操作",
        "debugScore": 169.9,
        "firstConsScore": 208.92,
        "algorthmScore": 337.18
    },
    {
        "case_id": "2409",
        "case_type": "数字操作",
        "debugScore": 282.37,
        "firstConsScore": 227.81,
        "algorthmScore": 264.53
    },
    {
        "case_id": "2408",
        "case_type": "数字操作",
        "debugScore": 76.42,
        "firstConsScore": 245.16,
        "algorthmScore": 286.61
    },
    {
        "case_id": "2407",
        "case_type": "数字操作",
        "debugScore": 70.94,
        "firstConsScore": 246.13,
        "algorthmScore": 235.33
    },
    {
        "case_id": "2329",
        "case_type": "数字操作",
        "debugScore": 112.07,
        "firstConsScore": 276.79,
        "algorthmScore": 393.72
    },
    {
        "case_id": "2364",
        "case_type": "数字操作",
        "debugScore": 96.03,
        "firstConsScore": 266.61,
        "algorthmScore": 276.69
    },
    {
        "case_id": "2363",
        "case_type": "数字操作",
        "debugScore": 86.27,
        "firstConsScore": 224.03,
        "algorthmScore": 179.97
    },
    {
        "case_id": "2362",
        "case_type": "数字操作",
        "debugScore": 82.97,
        "firstConsScore": 292.66,
        "algorthmScore": 157.13
    },
    {
        "case_id": "2162",
        "case_type": "数字操作",
        "debugScore": 89.14,
        "firstConsScore": 335.96,
        "algorthmScore": 265.13
    },
    {
        "case_id": "2360",
        "case_type": "数字操作",
        "debugScore": 105.44,
        "firstConsScore": 241.5,
        "algorthmScore": 253.77
    },
    {
        "case_id": "2381",
        "case_type": "数字操作",
        "debugScore": 417.7,
        "firstConsScore": 247.19,
        "algorthmScore": 342.98
    },
    {
        "case_id": "2239",
        "case_type": "数字操作",
        "debugScore": 682.71,
        "firstConsScore": 249.28,
        "algorthmScore": 193.34
    },
    {
        "case_id": "2216",
        "case_type": "数字操作",
        "debugScore": 111.64,
        "firstConsScore": 214.63,
        "algorthmScore": 393.71
    },
    {
        "case_id": "2379",
        "case_type": "数字操作",
        "debugScore": 79.85,
        "firstConsScore": 317.88,
        "algorthmScore": 273.98
    },
    {
        "case_id": "2411",
        "case_type": "数字操作",
        "debugScore": 766.78,
        "firstConsScore": 149.26,
        "algorthmScore": 257.39
    },
    {
        "case_id": "2377",
        "case_type": "数字操作",
        "debugScore": 66.45,
        "firstConsScore": 246.37,
        "algorthmScore": 178.99
    },
    {
        "case_id": "2332",
        "case_type": "数字操作",
        "debugScore": 1192.26,
        "firstConsScore": 207.52,
        "algorthmScore": 391.25
    },
    {
        "case_id": "2419",
        "case_type": "数字操作",
        "debugScore": 75.29,
        "firstConsScore": 245.1,
        "algorthmScore": 248.45
    },
    {
        "case_id": "2518",
        "case_type": "数字操作",
        "debugScore": 75.59,
        "firstConsScore": 224.53,
        "algorthmScore": 137.22
    }
]