[
    {
        "case_id": "2525",
        "case_type": "排序算法",
        "debugScore": 1062.6,
        "firstConsScore": 266.64,
        "algorthmScore": 237.13
    },
    {
        "case_id": "2523",
        "case_type": "排序算法",
        "debugScore": 771.58,
        "firstConsScore": 205.69,
        "algorthmScore": 199.65
    },
    {
        "case_id": "2521",
        "case_type": "排序算法",
        "debugScore": 707.24,
        "firstConsScore": 194.05,
        "algorthmScore": 310.64
    },
    {
        "case_id": "2532",
        "case_type": "排序算法",
        "debugScore": 90.95,
        "firstConsScore": 268.69,
        "algorthmScore": 309.76
    },
    {
        "case_id": "2531",
        "case_type": "排序算法",
        "debugScore": 762.26,
        "firstConsScore": 176.34,
        "algorthmScore": 242.02
    },
    {
        "case_id": "2530",
        "case_type": "排序算法",
        "debugScore": 1061.32,
        "firstConsScore": 233.99,
        "algorthmScore": 272.16
    },
    {
        "case_id": "2497",
        "case_type": "排序算法",
        "debugScore": 850.78,
        "firstConsScore": 225.54,
        "algorthmScore": 332.55
    },
    {
        "case_id": "2519",
        "case_type": "排序算法",
        "debugScore": 874.85,
        "firstConsScore": 206.44,
        "algorthmScore": 269.22
    },
    {
        "case_id": "2529",
        "case_type": "排序算法",
        "debugScore": 803.1,
        "firstConsScore": 213.39,
        "algorthmScore": 157.97
    },
    {
        "case_id": "2528",
        "case_type": "排序算法",
        "debugScore": 814.06,
        "firstConsScore": 160.85,
        "algorthmScore": 304.37
    },
    {
        "case_id": "2527",
        "case_type": "排序算法",
        "debugScore": 714.57,
        "firstConsScore": 173.13,
        "algorthmScore": 301.3
    }
]