[
    {
        "case_id": "2525",
        "case_type": "排序算法",
        "debugScore": 85.29,
        "firstConsScore": 164.35,
        "algorthmScore": 161.33
    },
    {
        "case_id": "2523",
        "case_type": "排序算法",
        "debugScore": 90.36,
        "firstConsScore": 291.81,
        "algorthmScore": 259.29
    },
    {
        "case_id": "2521",
        "case_type": "排序算法",
        "debugScore": 93.94,
        "firstConsScore": 266.51,
        "algorthmScore": 210.89
    },
    {
        "case_id": "2532",
        "case_type": "排序算法",
        "debugScore": 65.78,
        "firstConsScore": 169.77,
        "algorthmScore": 260.02
    },
    {
        "case_id": "2531",
        "case_type": "排序算法",
        "debugScore": 79.16,
        "firstConsScore": 278.14,
        "algorthmScore": 276.08
    },
    {
        "case_id": "2530",
        "case_type": "排序算法",
        "debugScore": 72.8,
        "firstConsScore": 253.45,
        "algorthmScore": 241.23
    },
    {
        "case_id": "2497",
        "case_type": "排序算法",
        "debugScore": 82.11,
        "firstConsScore": 296.12,
        "algorthmScore": 243.26
    },
    {
        "case_id": "2519",
        "case_type": "排序算法",
        "debugScore": 78.91,
        "firstConsScore": 274.0,
        "algorthmScore": 282.23
    },
    {
        "case_id": "2529",
        "case_type": "排序算法",
        "debugScore": 80.16,
        "firstConsScore": 283.34,
        "algorthmScore": 261.55
    },
    {
        "case_id": "2528",
        "case_type": "排序算法",
        "debugScore": 98.89,
        "firstConsScore": 259.12,
        "algorthmScore": 191.58
    }
]