[
    {
        "case_id": "2694",
        "case_type": "查找算法",
        "debugScore": 106.82,
        "firstConsScore": 172.19,
        "algorthmScore": 135.98
    },
    {
        "case_id": "2570",
        "case_type": "查找算法",
        "debugScore": 106.26,
        "firstConsScore": 267.19,
        "algorthmScore": 309.49
    },
    {
        "case_id": "2701",
        "case_type": "查找算法",
        "debugScore": 98.47,
        "firstConsScore": 229.85,
        "algorthmScore": 303.59
    },
    {
        "case_id": "2745",
        "case_type": "查找算法",
        "debugScore": 103.02,
        "firstConsScore": 242.43,
        "algorthmScore": 289.43
    },
    {
        "case_id": "2711",
        "case_type": "查找算法",
        "debugScore": 109.95,
        "firstConsScore": 181.51,
        "algorthmScore": 134.55
    },
    {
        "case_id": "2567",
        "case_type": "查找算法",
        "debugScore": 495.37,
        "firstConsScore": 135.3,
        "algorthmScore": 254.11
    },
    {
        "case_id": "2720",
        "case_type": "查找算法",
        "debugScore": 329.62,
        "firstConsScore": 211.04,
        "algorthmScore": 293.46
    },
    {
        "case_id": "2729",
        "case_type": "查找算法",
        "debugScore": 809.07,
        "firstConsScore": 140.19,
        "algorthmScore": 289.5
    },
    {
        "case_id": "2707",
        "case_type": "查找算法",
        "debugScore": 538.73,
        "firstConsScore": 303.97,
        "algorthmScore": 201.01
    },
    {
        "case_id": "2718",
        "case_type": "查找算法",
        "debugScore": 1155.09,
        "firstConsScore": 191.03,
        "algorthmScore": 302.41
    },
    {
        "case_id": "2706",
        "case_type": "查找算法",
        "debugScore": 545.36,
        "firstConsScore": 141.57,
        "algorthmScore": 225.04
    },
    {
        "case_id": "2717",
        "case_type": "查找算法",
        "debugScore": 853.74,
        "firstConsScore": 155.9,
        "algorthmScore": 310.84
    },
    {
        "case_id": "2606",
        "case_type": "查找算法",
        "debugScore": 67.93,
        "firstConsScore": 281.25,
        "algorthmScore": 293.85
    },
    {
        "case_id": "2639",
        "case_type": "查找算法",
        "debugScore": 388.56,
        "firstConsScore": 224.81,
        "algorthmScore": 272.63
    },
    {
        "case_id": "2716",
        "case_type": "查找算法",
        "debugScore": 137.15,
        "firstConsScore": 156.13,
        "algorthmScore": 149.64
    },
    {
        "case_id": "2705",
        "case_type": "查找算法",
        "debugScore": 86.41,
        "firstConsScore": 229.08,
        "algorthmScore": 267.94
    },
    {
        "case_id": "2737",
        "case_type": "查找算法",
        "debugScore": 77.12,
        "firstConsScore": 228.48,
        "algorthmScore": 251.66
    },
    {
        "case_id": "2726",
        "case_type": "查找算法",
        "debugScore": 58.98,
        "firstConsScore": 346.15,
        "algorthmScore": 296.15
    },
    {
        "case_id": "2715",
        "case_type": "查找算法",
        "debugScore": 169.82,
        "firstConsScore": 248.91,
        "algorthmScore": 256.61
    },
    {
        "case_id": "2703",
        "case_type": "查找算法",
        "debugScore": 714.61,
        "firstConsScore": 184.04,
        "algorthmScore": 267.2
    }
]