[
    {
        "case_id": "2650",
        "case_type": "树结构",
        "debugScore": 1334.64,
        "firstConsScore": 174.56,
        "algorthmScore": 302.95
    },
    {
        "case_id": "2353",
        "case_type": "树结构",
        "debugScore": 95.88,
        "firstConsScore": 250.36,
        "algorthmScore": 326.35
    },
    {
        "case_id": "2397",
        "case_type": "树结构",
        "debugScore": 241.68,
        "firstConsScore": 243.72,
        "algorthmScore": 348.45
    },
    {
        "case_id": "2524",
        "case_type": "树结构",
        "debugScore": 614.81,
        "firstConsScore": 376.12,
        "algorthmScore": 308.35
    },
    {
        "case_id": "2600",
        "case_type": "树结构",
        "debugScore": 114.11,
        "firstConsScore": 452.85,
        "algorthmScore": 310.51
    },
    {
        "case_id": "2400",
        "case_type": "树结构",
        "debugScore": 376.81,
        "firstConsScore": 247.6,
        "algorthmScore": 416.29
    },
    {
        "case_id": "2509",
        "case_type": "树结构",
        "debugScore": 89.65,
        "firstConsScore": 502.61,
        "algorthmScore": 279.59
    },
    {
        "case_id": "2605",
        "case_type": "树结构",
        "debugScore": 730.56,
        "firstConsScore": 410.62,
        "algorthmScore": 317.26
    },
    {
        "case_id": "2648",
        "case_type": "树结构",
        "debugScore": 101.08,
        "firstConsScore": 468.47,
        "algorthmScore": 314.72
    },
    {
        "case_id": "2549",
        "case_type": "树结构",
        "debugScore": 95.72,
        "firstConsScore": 232.53,
        "algorthmScore": 298.94
    },
    {
        "case_id": "2540",
        "case_type": "树结构",
        "debugScore": 139.08,
        "firstConsScore": 270.42,
        "algorthmScore": 365.5
    },
    {
        "case_id": "2660",
        "case_type": "树结构",
        "debugScore": 107.68,
        "firstConsScore": 470.86,
        "algorthmScore": 308.63
    },
    {
        "case_id": "2382",
        "case_type": "树结构",
        "debugScore": 189.2,
        "firstConsScore": 423.13,
        "algorthmScore": 276.95
    },
    {
        "case_id": "2416",
        "case_type": "树结构",
        "debugScore": 136.26,
        "firstConsScore": 469.94,
        "algorthmScore": 316.68
    },
    {
        "case_id": "2636",
        "case_type": "树结构",
        "debugScore": 109.29,
        "firstConsScore": 218.69,
        "algorthmScore": 304.99
    },
    {
        "case_id": "2657",
        "case_type": "树结构",
        "debugScore": 100.79,
        "firstConsScore": 504.23,
        "algorthmScore": 299.75
    },
    {
        "case_id": "2699",
        "case_type": "树结构",
        "debugScore": 649.39,
        "firstConsScore": 453.82,
        "algorthmScore": 357.52
    },
    {
        "case_id": "2633",
        "case_type": "树结构",
        "debugScore": 154.13,
        "firstConsScore": 253.2,
        "algorthmScore": 292.43
    },
    {
        "case_id": "2632",
        "case_type": "树结构",
        "debugScore": 107.88,
        "firstConsScore": 465.57,
        "algorthmScore": 297.03
    },
    {
        "case_id": "2654",
        "case_type": "树结构",
        "debugScore": 110.29,
        "firstConsScore": 468.23,
        "algorthmScore": 308.76
    },
    {
        "case_id": "2599",
        "case_type": "树结构",
        "debugScore": 99.8,
        "firstConsScore": 232.57,
        "algorthmScore": 320.27
    },
    {
        "case_id": "2598",
        "case_type": "树结构",
        "debugScore": 95.29,
        "firstConsScore": 442.29,
        "algorthmScore": 309.1
    },
    {
        "case_id": "2631",
        "case_type": "树结构",
        "debugScore": 90.08,
        "firstConsScore": 468.53,
        "algorthmScore": 298.44
    },
    {
        "case_id": "2697",
        "case_type": "树结构",
        "debugScore": 514.3,
        "firstConsScore": 426.49,
        "algorthmScore": 321.07
    },
    {
        "case_id": "2696",
        "case_type": "树结构",
        "debugScore": 95.8,
        "firstConsScore": 245.29,
        "algorthmScore": 308.82
    },
    {
        "case_id": "2355",
        "case_type": "树结构",
        "debugScore": 373.69,
        "firstConsScore": 186.97,
        "algorthmScore": 332.5
    },
    {
        "case_id": "2695",
        "case_type": "树结构",
        "debugScore": 562.49,
        "firstConsScore": 151.25,
        "algorthmScore": 284.62
    },
    {
        "case_id": "2398",
        "case_type": "树结构",
        "debugScore": 91.47,
        "firstConsScore": 252.27,
        "algorthmScore": 329.44
    },
    {
        "case_id": "2638",
        "case_type": "树结构",
        "debugScore": 103.09,
        "firstConsScore": 427.18,
        "algorthmScore": 143.38
    }
]