[
    {
        "case_id": "2525",
        "case_type": "排序算法",
        "debugScore": 1068.36,
        "firstConsScore": 256.14,
        "algorthmScore": 255.27
    },
    {
        "case_id": "2523",
        "case_type": "排序算法",
        "debugScore": 755.74,
        "firstConsScore": 229.33,
        "algorthmScore": 290.39
    },
    {
        "case_id": "2521",
        "case_type": "排序算法",
        "debugScore": 502.66,
        "firstConsScore": 212.17,
        "algorthmScore": 214.92
    },
    {
        "case_id": "2532",
        "case_type": "排序算法",
        "debugScore": 388.04,
        "firstConsScore": 270.14,
        "algorthmScore": 273.49
    },
    {
        "case_id": "2531",
        "case_type": "排序算法",
        "debugScore": 79.16,
        "firstConsScore": 293.88,
        "algorthmScore": 305.97
    },
    {
        "case_id": "2530",
        "case_type": "排序算法",
        "debugScore": 72.8,
        "firstConsScore": 286.59,
        "algorthmScore": 260.28
    },
    {
        "case_id": "2497",
        "case_type": "排序算法",
        "debugScore": 77.47,
        "firstConsScore": 313.98,
        "algorthmScore": 265.01
    },
    {
        "case_id": "2519",
        "case_type": "排序算法",
        "debugScore": 78.91,
        "firstConsScore": 295.79,
        "algorthmScore": 298.42
    },
    {
        "case_id": "2529",
        "case_type": "排序算法",
        "debugScore": 837.77,
        "firstConsScore": 222.67,
        "algorthmScore": 266.66
    },
    {
        "case_id": "2528",
        "case_type": "排序算法",
        "debugScore": 98.89,
        "firstConsScore": 314.67,
        "algorthmScore": 213.3
    },
    {
        "case_id": "2527",
        "case_type": "排序算法",
        "debugScore": 714.57,
        "firstConsScore": 210.89,
        "algorthmScore": 356.78
    }
]