[
    {
        "case_id": "2954",
        "case_type": "字符串",
        "debugScore": 588.77,
        "firstConsScore": 55.91,
        "algorthmScore": 172.52
    },
    {
        "case_id": "2975",
        "case_type": "字符串",
        "debugScore": 971.22,
        "firstConsScore": 204.11,
        "algorthmScore": 266.45
    },
    {
        "case_id": "2942",
        "case_type": "字符串",
        "debugScore": 363.17,
        "firstConsScore": 65.74,
        "algorthmScore": 167.46
    },
    {
        "case_id": "2974",
        "case_type": "字符串",
        "debugScore": 97.32,
        "firstConsScore": 253.7,
        "algorthmScore": 254.07
    },
    {
        "case_id": "2963",
        "case_type": "字符串",
        "debugScore": 516.47,
        "firstConsScore": 55.29,
        "algorthmScore": 154.56
    },
    {
        "case_id": "2984",
        "case_type": "字符串",
        "debugScore": 92.47,
        "firstConsScore": 239.25,
        "algorthmScore": 196.59
    },
    {
        "case_id": "2961",
        "case_type": "字符串",
        "debugScore": 453.87,
        "firstConsScore": 85.81,
        "algorthmScore": 146.03
    },
    {
        "case_id": "2972",
        "case_type": "字符串",
        "debugScore": 383.3,
        "firstConsScore": 238.88,
        "algorthmScore": 300.31
    },
    {
        "case_id": "2981",
        "case_type": "字符串",
        "debugScore": 909.83,
        "firstConsScore": 168.13,
        "algorthmScore": 185.6
    },
    {
        "case_id": "2970",
        "case_type": "字符串",
        "debugScore": 956.6,
        "firstConsScore": 223.36,
        "algorthmScore": 267.42
    },
    {
        "case_id": "2969",
        "case_type": "字符串",
        "debugScore": 527.69,
        "firstConsScore": 7.96,
        "algorthmScore": 139.41
    },
    {
        "case_id": "2979",
        "case_type": "字符串",
        "debugScore": 93.76,
        "firstConsScore": 276.84,
        "algorthmScore": 217.19
    },
    {
        "case_id": "2946",
        "case_type": "字符串",
        "debugScore": 457.47,
        "firstConsScore": 166.3,
        "algorthmScore": 283.14
    },
    {
        "case_id": "2968",
        "case_type": "字符串",
        "debugScore": 107.61,
        "firstConsScore": 294.79,
        "algorthmScore": 298.91
    },
    {
        "case_id": "2957",
        "case_type": "字符串",
        "debugScore": 122.3,
        "firstConsScore": 251.01,
        "algorthmScore": 174.72
    },
    {
        "case_id": "2978",
        "case_type": "字符串",
        "debugScore": 67.14,
        "firstConsScore": 314.03,
        "algorthmScore": 234.12
    },
    {
        "case_id": "2945",
        "case_type": "字符串",
        "debugScore": 423.05,
        "firstConsScore": 150.07,
        "algorthmScore": 183.86
    },
    {
        "case_id": "2956",
        "case_type": "字符串",
        "debugScore": 106.37,
        "firstConsScore": 314.27,
        "algorthmScore": 282.25
    }
]