[
    {
        "case_id": "2870",
        "case_type": "数组",
        "debugScore": 102.62,
        "firstConsScore": 229.77,
        "algorthmScore": 168.82
    },
    {
        "case_id": "2374",
        "case_type": "数组",
        "debugScore": 446.51,
        "firstConsScore": 196.11,
        "algorthmScore": 143.46
    },
    {
        "case_id": "2393",
        "case_type": "数组",
        "debugScore": 98.88,
        "firstConsScore": 306.21,
        "algorthmScore": 235.11
    },
    {
        "case_id": "2470",
        "case_type": "数组",
        "debugScore": 83.34,
        "firstConsScore": 356.68,
        "algorthmScore": 233.03
    },
    {
        "case_id": "2867",
        "case_type": "数组",
        "debugScore": 79.5,
        "firstConsScore": 249.03,
        "algorthmScore": 193.64
    },
    {
        "case_id": "2845",
        "case_type": "数组",
        "debugScore": 160.64,
        "firstConsScore": 284.8,
        "algorthmScore": 240.5
    },
    {
        "case_id": "2823",
        "case_type": "数组",
        "debugScore": 519.42,
        "firstConsScore": 285.77,
        "algorthmScore": 264.84
    },
    {
        "case_id": "2844",
        "case_type": "数组",
        "debugScore": 111.52,
        "firstConsScore": 335.0,
        "algorthmScore": 278.93
    },
    {
        "case_id": "2866",
        "case_type": "数组",
        "debugScore": 596.36,
        "firstConsScore": 266.89,
        "algorthmScore": 269.29
    },
    {
        "case_id": "2865",
        "case_type": "数组",
        "debugScore": 75.41,
        "firstConsScore": 223.74,
        "algorthmScore": 216.72
    },
    {
        "case_id": "2843",
        "case_type": "数组",
        "debugScore": 77.99,
        "firstConsScore": 338.78,
        "algorthmScore": 263.85
    },
    {
        "case_id": "2469",
        "case_type": "数组",
        "debugScore": 103.45,
        "firstConsScore": 287.87,
        "algorthmScore": 183.23
    },
    {
        "case_id": "2864",
        "case_type": "数组",
        "debugScore": 408.52,
        "firstConsScore": 308.68,
        "algorthmScore": 222.25
    },
    {
        "case_id": "2842",
        "case_type": "数组",
        "debugScore": 108.29,
        "firstConsScore": 403.76,
        "algorthmScore": 141.15
    },
    {
        "case_id": "2863",
        "case_type": "数组",
        "debugScore": 84.28,
        "firstConsScore": 341.23,
        "algorthmScore": 325.65
    },
    {
        "case_id": "2840",
        "case_type": "数组",
        "debugScore": 80.88,
        "firstConsScore": 295.42,
        "algorthmScore": 260.52
    },
    {
        "case_id": "2861",
        "case_type": "数组",
        "debugScore": 79.57,
        "firstConsScore": 275.68,
        "algorthmScore": 183.91
    },
    {
        "case_id": "2849",
        "case_type": "数组",
        "debugScore": 90.72,
        "firstConsScore": 218.31,
        "algorthmScore": 184.72
    },
    {
        "case_id": "2848",
        "case_type": "数组",
        "debugScore": 1021.19,
        "firstConsScore": 217.79,
        "algorthmScore": 279.19
    },
    {
        "case_id": "2868",
        "case_type": "数组",
        "debugScore": 88.1,
        "firstConsScore": 374.52,
        "algorthmScore": 252.75
    },
    {
        "case_id": "2824",
        "case_type": "数组",
        "debugScore": 89.12,
        "firstConsScore": 377.85,
        "algorthmScore": 309.53
    },
    {
        "case_id": "2384",
        "case_type": "数组",
        "debugScore": 97.01,
        "firstConsScore": 303.58,
        "algorthmScore": 135.39
    },
    {
        "case_id": "2834",
        "case_type": "数组",
        "debugScore": 82.17,
        "firstConsScore": 359.41,
        "algorthmScore": 246.51
    },
    {
        "case_id": "2877",
        "case_type": "数组",
        "debugScore": 81.19,
        "firstConsScore": 304.77,
        "algorthmScore": 270.15
    },
    {
        "case_id": "2855",
        "case_type": "数组",
        "debugScore": 79.92,
        "firstConsScore": 249.34,
        "algorthmScore": 111.55
    },
    {
        "case_id": "2854",
        "case_type": "数组",
        "debugScore": 383.85,
        "firstConsScore": 231.03,
        "algorthmScore": 197.67
    },
    {
        "case_id": "2832",
        "case_type": "数组",
        "debugScore": 84.17,
        "firstConsScore": 272.29,
        "algorthmScore": 190.32
    },
    {
        "case_id": "2875",
        "case_type": "数组",
        "debugScore": 74.56,
        "firstConsScore": 235.95,
        "algorthmScore": 151.55
    },
    {
        "case_id": "2831",
        "case_type": "数组",
        "debugScore": 89.78,
        "firstConsScore": 245.55,
        "algorthmScore": 208.8
    },
    {
        "case_id": "2853",
        "case_type": "数组",
        "debugScore": 106.45,
        "firstConsScore": 329.18,
        "algorthmScore": 252.27
    },
    {
        "case_id": "2830",
        "case_type": "数组",
        "debugScore": 84.13,
        "firstConsScore": 363.18,
        "algorthmScore": 247.71
    },
    {
        "case_id": "2852",
        "case_type": "数组",
        "debugScore": 296.77,
        "firstConsScore": 362.91,
        "algorthmScore": 269.38
    },
    {
        "case_id": "2873",
        "case_type": "数组",
        "debugScore": 81.47,
        "firstConsScore": 305.72,
        "algorthmScore": 234.89
    },
    {
        "case_id": "2851",
        "case_type": "数组",
        "debugScore": 96.63,
        "firstConsScore": 304.18,
        "algorthmScore": 221.72
    },
    {
        "case_id": "2872",
        "case_type": "数组",
        "debugScore": 86.13,
        "firstConsScore": 329.4,
        "algorthmScore": 252.3
    },
    {
        "case_id": "2850",
        "case_type": "数组",
        "debugScore": 84.73,
        "firstConsScore": 351.4,
        "algorthmScore": 267.28
    },
    {
        "case_id": "2819",
        "case_type": "数组",
        "debugScore": 109.67,
        "firstConsScore": 329.95,
        "algorthmScore": 147.83
    },
    {
        "case_id": "2838",
        "case_type": "数组",
        "debugScore": 77.66,
        "firstConsScore": 338.49,
        "algorthmScore": 226.15
    },
    {
        "case_id": "2859",
        "case_type": "数组",
        "debugScore": 216.43,
        "firstConsScore": 246.96,
        "algorthmScore": 125.29
    },
    {
        "case_id": "2837",
        "case_type": "数组",
        "debugScore": 79.15,
        "firstConsScore": 339.08,
        "algorthmScore": 321.2
    },
    {
        "case_id": "2815",
        "case_type": "数组",
        "debugScore": 82.82,
        "firstConsScore": 348.96,
        "algorthmScore": 275.48
    },
    {
        "case_id": "2836",
        "case_type": "数组",
        "debugScore": 97.01,
        "firstConsScore": 318.4,
        "algorthmScore": 295.14
    },
    {
        "case_id": "2858",
        "case_type": "数组",
        "debugScore": 118.89,
        "firstConsScore": 301.54,
        "algorthmScore": 217.3
    },
    {
        "case_id": "2835",
        "case_type": "数组",
        "debugScore": 90.2,
        "firstConsScore": 255.27,
        "algorthmScore": 164.02
    },
    {
        "case_id": "2857",
        "case_type": "数组",
        "debugScore": 154.63,
        "firstConsScore": 486.2,
        "algorthmScore": 214.91
    }
]