[
    {
        "case_id": "2954",
        "case_type": "字符串",
        "debugScore": 191.45,
        "firstConsScore": 156.97,
        "algorthmScore": 151.45
    },
    {
        "case_id": "2975",
        "case_type": "字符串",
        "debugScore": 959.02,
        "firstConsScore": 197.28,
        "algorthmScore": 218.85
    },
    {
        "case_id": "2942",
        "case_type": "字符串",
        "debugScore": 371.01,
        "firstConsScore": 129.19,
        "algorthmScore": 263.15
    },
    {
        "case_id": "2963",
        "case_type": "字符串",
        "debugScore": 272.22,
        "firstConsScore": 130.37,
        "algorthmScore": 137.39
    },
    {
        "case_id": "2974",
        "case_type": "字符串",
        "debugScore": 216.12,
        "firstConsScore": 214.64,
        "algorthmScore": 204.5
    },
    {
        "case_id": "2984",
        "case_type": "字符串",
        "debugScore": 173.97,
        "firstConsScore": 289.03,
        "algorthmScore": 176.25
    },
    {
        "case_id": "2961",
        "case_type": "字符串",
        "debugScore": 483.38,
        "firstConsScore": 80.61,
        "algorthmScore": 211.43
    },
    {
        "case_id": "2972",
        "case_type": "字符串",
        "debugScore": 263.97,
        "firstConsScore": 293.0,
        "algorthmScore": 177.22
    },
    {
        "case_id": "2970",
        "case_type": "字符串",
        "debugScore": 634.64,
        "firstConsScore": 194.53,
        "algorthmScore": 170.45
    },
    {
        "case_id": "2981",
        "case_type": "字符串",
        "debugScore": 88.01,
        "firstConsScore": 221.82,
        "algorthmScore": 325.67
    },
    {
        "case_id": "2969",
        "case_type": "字符串",
        "debugScore": 150.46,
        "firstConsScore": 189.88,
        "algorthmScore": 240.33
    },
    {
        "case_id": "2979",
        "case_type": "字符串",
        "debugScore": 93.76,
        "firstConsScore": 285.13,
        "algorthmScore": 256.87
    },
    {
        "case_id": "2946",
        "case_type": "字符串",
        "debugScore": 457.47,
        "firstConsScore": 166.69,
        "algorthmScore": 158.61
    },
    {
        "case_id": "2957",
        "case_type": "字符串",
        "debugScore": 92.64,
        "firstConsScore": 227.66,
        "algorthmScore": 165.04
    },
    {
        "case_id": "2968",
        "case_type": "字符串",
        "debugScore": 181.88,
        "firstConsScore": 242.95,
        "algorthmScore": 217.03
    },
    {
        "case_id": "2978",
        "case_type": "字符串",
        "debugScore": 410.62,
        "firstConsScore": 233.13,
        "algorthmScore": 214.65
    },
    {
        "case_id": "2945",
        "case_type": "字符串",
        "debugScore": 459.93,
        "firstConsScore": 127.25,
        "algorthmScore": 226.23
    },
    {
        "case_id": "2956",
        "case_type": "字符串",
        "debugScore": 149.26,
        "firstConsScore": 170.37,
        "algorthmScore": 249.45
    }
]