[
    {
        "case_id": "2092",
        "case_type": "数字操作",
        "debugScore": 410.54,
        "firstConsScore": 168.63,
        "algorthmScore": 277.01
    },
    {
        "case_id": "2276",
        "case_type": "数字操作",
        "debugScore": 103.29,
        "firstConsScore": 186.01,
        "algorthmScore": 160.39
    },
    {
        "case_id": "2330",
        "case_type": "数字操作",
        "debugScore": 87.82,
        "firstConsScore": 315.13,
        "algorthmScore": 348.22
    },
    {
        "case_id": "2275",
        "case_type": "数字操作",
        "debugScore": 508.89,
        "firstConsScore": 143.15,
        "algorthmScore": 323.87
    },
    {
        "case_id": "2250",
        "case_type": "数字操作",
        "debugScore": 715.57,
        "firstConsScore": 236.76,
        "algorthmScore": 189.03
    },
    {
        "case_id": "2370",
        "case_type": "数字操作",
        "debugScore": 98.06,
        "firstConsScore": 310.67,
        "algorthmScore": 197.31
    },
    {
        "case_id": "2403",
        "case_type": "数字操作",
        "debugScore": 97.27,
        "firstConsScore": 320.86,
        "algorthmScore": 276.98
    },
    {
        "case_id": "2326",
        "case_type": "数字操作",
        "debugScore": 95.77,
        "firstConsScore": 369.79,
        "algorthmScore": 254.98
    },
    {
        "case_id": "2402",
        "case_type": "数字操作",
        "debugScore": 115.64,
        "firstConsScore": 351.66,
        "algorthmScore": 247.93
    },
    {
        "case_id": "2401",
        "case_type": "数字操作",
        "debugScore": 88.98,
        "firstConsScore": 423.8,
        "algorthmScore": 285.21
    },
    {
        "case_id": "2324",
        "case_type": "数字操作",
        "debugScore": 104.1,
        "firstConsScore": 418.53,
        "algorthmScore": 284.7
    },
    {
        "case_id": "2367",
        "case_type": "数字操作",
        "debugScore": 547.12,
        "firstConsScore": 303.9,
        "algorthmScore": 239.86
    },
    {
        "case_id": "2421",
        "case_type": "数字操作",
        "debugScore": 77.62,
        "firstConsScore": 313.89,
        "algorthmScore": 297.48
    },
    {
        "case_id": "2322",
        "case_type": "数字操作",
        "debugScore": 758.73,
        "firstConsScore": 268.1,
        "algorthmScore": 179.42
    },
    {
        "case_id": "2420",
        "case_type": "数字操作",
        "debugScore": 825.51,
        "firstConsScore": 225.4,
        "algorthmScore": 255.81
    },
    {
        "case_id": "2442",
        "case_type": "数字操作",
        "debugScore": 80.59,
        "firstConsScore": 282.03,
        "algorthmScore": 271.94
    },
    {
        "case_id": "2321",
        "case_type": "数字操作",
        "debugScore": 101.51,
        "firstConsScore": 263.59,
        "algorthmScore": 327.51
    },
    {
        "case_id": "2409",
        "case_type": "数字操作",
        "debugScore": 73.83,
        "firstConsScore": 297.3,
        "algorthmScore": 274.28
    },
    {
        "case_id": "2408",
        "case_type": "数字操作",
        "debugScore": 226.04,
        "firstConsScore": 345.69,
        "algorthmScore": 186.77
    },
    {
        "case_id": "2407",
        "case_type": "数字操作",
        "debugScore": 76.67,
        "firstConsScore": 272.86,
        "algorthmScore": 188.42
    },
    {
        "case_id": "2329",
        "case_type": "数字操作",
        "debugScore": 710.29,
        "firstConsScore": 347.96,
        "algorthmScore": 298.72
    },
    {
        "case_id": "2364",
        "case_type": "数字操作",
        "debugScore": 96.03,
        "firstConsScore": 184.66,
        "algorthmScore": 282.61
    },
    {
        "case_id": "2363",
        "case_type": "数字操作",
        "debugScore": 86.27,
        "firstConsScore": 314.17,
        "algorthmScore": 301.67
    },
    {
        "case_id": "2362",
        "case_type": "数字操作",
        "debugScore": 82.97,
        "firstConsScore": 334.79,
        "algorthmScore": 270.32
    },
    {
        "case_id": "2162",
        "case_type": "数字操作",
        "debugScore": 89.14,
        "firstConsScore": 377.91,
        "algorthmScore": 249.61
    },
    {
        "case_id": "2360",
        "case_type": "数字操作",
        "debugScore": 481.2,
        "firstConsScore": 313.66,
        "algorthmScore": 125.58
    },
    {
        "case_id": "2381",
        "case_type": "数字操作",
        "debugScore": 77.8,
        "firstConsScore": 268.76,
        "algorthmScore": 294.93
    },
    {
        "case_id": "2239",
        "case_type": "数字操作",
        "debugScore": 88.57,
        "firstConsScore": 288.51,
        "algorthmScore": 155.41
    },
    {
        "case_id": "2216",
        "case_type": "数字操作",
        "debugScore": 111.64,
        "firstConsScore": 277.85,
        "algorthmScore": 185.41
    },
    {
        "case_id": "2379",
        "case_type": "数字操作",
        "debugScore": 79.85,
        "firstConsScore": 191.22,
        "algorthmScore": 273.98
    },
    {
        "case_id": "2411",
        "case_type": "数字操作",
        "debugScore": 74.09,
        "firstConsScore": 315.62,
        "algorthmScore": 281.99
    },
    {
        "case_id": "2377",
        "case_type": "数字操作",
        "debugScore": 66.45,
        "firstConsScore": 319.04,
        "algorthmScore": 263.1
    },
    {
        "case_id": "2332",
        "case_type": "数字操作",
        "debugScore": 103.86,
        "firstConsScore": 349.04,
        "algorthmScore": 250.94
    },
    {
        "case_id": "2419",
        "case_type": "数字操作",
        "debugScore": 75.29,
        "firstConsScore": 311.28,
        "algorthmScore": 292.41
    },
    {
        "case_id": "2518",
        "case_type": "数字操作",
        "debugScore": 75.59,
        "firstConsScore": 308.25,
        "algorthmScore": 245.49
    }
]