[
    {
        "case_id": "2694",
        "case_type": "查找算法",
        "debugScore": 411.26,
        "firstConsScore": 254.82,
        "algorthmScore": 329.9
    },
    {
        "case_id": "2570",
        "case_type": "查找算法",
        "debugScore": 443.43,
        "firstConsScore": 196.46,
        "algorthmScore": 324.63
    },
    {
        "case_id": "2701",
        "case_type": "查找算法",
        "debugScore": 98.47,
        "firstConsScore": 337.28,
        "algorthmScore": 279.33
    },
    {
        "case_id": "2745",
        "case_type": "查找算法",
        "debugScore": 103.02,
        "firstConsScore": 250.48,
        "algorthmScore": 286.97
    },
    {
        "case_id": "2711",
        "case_type": "查找算法",
        "debugScore": 109.95,
        "firstConsScore": 347.51,
        "algorthmScore": 230.0
    },
    {
        "case_id": "2567",
        "case_type": "查找算法",
        "debugScore": 525.8,
        "firstConsScore": 102.98,
        "algorthmScore": 258.65
    },
    {
        "case_id": "2720",
        "case_type": "查找算法",
        "debugScore": 95.1,
        "firstConsScore": 234.31,
        "algorthmScore": 290.5
    },
    {
        "case_id": "2729",
        "case_type": "查找算法",
        "debugScore": 76.48,
        "firstConsScore": 264.12,
        "algorthmScore": 227.27
    },
    {
        "case_id": "2707",
        "case_type": "查找算法",
        "debugScore": 82.37,
        "firstConsScore": 277.28,
        "algorthmScore": 210.86
    },
    {
        "case_id": "2718",
        "case_type": "查找算法",
        "debugScore": 114.84,
        "firstConsScore": 233.51,
        "algorthmScore": 258.95
    },
    {
        "case_id": "2706",
        "case_type": "查找算法",
        "debugScore": 616.81,
        "firstConsScore": 245.55,
        "algorthmScore": 273.66
    },
    {
        "case_id": "2717",
        "case_type": "查找算法",
        "debugScore": 191.29,
        "firstConsScore": 228.74,
        "algorthmScore": 228.96
    },
    {
        "case_id": "2606",
        "case_type": "查找算法",
        "debugScore": 70.86,
        "firstConsScore": 344.12,
        "algorthmScore": 377.51
    },
    {
        "case_id": "2716",
        "case_type": "查找算法",
        "debugScore": 664.8,
        "firstConsScore": 279.73,
        "algorthmScore": 239.8
    },
    {
        "case_id": "2639",
        "case_type": "查找算法",
        "debugScore": 80.58,
        "firstConsScore": 323.42,
        "algorthmScore": 255.91
    },
    {
        "case_id": "2705",
        "case_type": "查找算法",
        "debugScore": 86.41,
        "firstConsScore": 391.8,
        "algorthmScore": 268.97
    },
    {
        "case_id": "2737",
        "case_type": "查找算法",
        "debugScore": 77.12,
        "firstConsScore": 246.66,
        "algorthmScore": 258.44
    },
    {
        "case_id": "2715",
        "case_type": "查找算法",
        "debugScore": 169.82,
        "firstConsScore": 340.52,
        "algorthmScore": 244.78
    },
    {
        "case_id": "2726",
        "case_type": "查找算法",
        "debugScore": 101.13,
        "firstConsScore": 221.53,
        "algorthmScore": 308.27
    },
    {
        "case_id": "2703",
        "case_type": "查找算法",
        "debugScore": 92.62,
        "firstConsScore": 339.53,
        "algorthmScore": 261.72
    }
]