[
    {
        "case_id": "2305",
        "case_type": "图结构",
        "debugScore": 919.88,
        "firstConsScore": 686.21,
        "algorthmScore": 357.62
    },
    {
        "case_id": "2536",
        "case_type": "图结构",
        "debugScore": 115.41,
        "firstConsScore": 264.15,
        "algorthmScore": 313.73
    },
    {
        "case_id": "2316",
        "case_type": "图结构",
        "debugScore": 649.24,
        "firstConsScore": 185.55,
        "algorthmScore": 224.16
    },
    {
        "case_id": "2348",
        "case_type": "图结构",
        "debugScore": 180.39,
        "firstConsScore": 333.26,
        "algorthmScore": 307.51
    },
    {
        "case_id": "2347",
        "case_type": "图结构",
        "debugScore": 149.21,
        "firstConsScore": 698.68,
        "algorthmScore": 342.64
    },
    {
        "case_id": "2444",
        "case_type": "图结构",
        "debugScore": 99.71,
        "firstConsScore": 257.31,
        "algorthmScore": 303.56
    },
    {
        "case_id": "2235",
        "case_type": "图结构",
        "debugScore": 662.05,
        "firstConsScore": 169.24,
        "algorthmScore": 217.3
    },
    {
        "case_id": "2343",
        "case_type": "图结构",
        "debugScore": 159.91,
        "firstConsScore": 623.43,
        "algorthmScore": 207.67
    },
    {
        "case_id": "2354",
        "case_type": "图结构",
        "debugScore": 824.47,
        "firstConsScore": 237.53,
        "algorthmScore": 179.04
    },
    {
        "case_id": "2331",
        "case_type": "图结构",
        "debugScore": 503.66,
        "firstConsScore": 608.71,
        "algorthmScore": 230.98
    },
    {
        "case_id": "2352",
        "case_type": "图结构",
        "debugScore": 125.91,
        "firstConsScore": 701.74,
        "algorthmScore": 324.23
    },
    {
        "case_id": "2704",
        "case_type": "图结构",
        "debugScore": 115.53,
        "firstConsScore": 578.4,
        "algorthmScore": 273.46
    }
]