[
    {
        "case_id": "2525",
        "case_type": "排序算法",
        "debugScore": 85.29,
        "firstConsScore": 336.07,
        "algorthmScore": 213.99
    },
    {
        "case_id": "2523",
        "case_type": "排序算法",
        "debugScore": 90.36,
        "firstConsScore": 254.81,
        "algorthmScore": 166.27
    },
    {
        "case_id": "2521",
        "case_type": "排序算法",
        "debugScore": 93.94,
        "firstConsScore": 312.35,
        "algorthmScore": 219.24
    },
    {
        "case_id": "2532",
        "case_type": "排序算法",
        "debugScore": 90.95,
        "firstConsScore": 382.05,
        "algorthmScore": 251.47
    },
    {
        "case_id": "2531",
        "case_type": "排序算法",
        "debugScore": 79.16,
        "firstConsScore": 271.44,
        "algorthmScore": 197.28
    },
    {
        "case_id": "2530",
        "case_type": "排序算法",
        "debugScore": 72.8,
        "firstConsScore": 255.55,
        "algorthmScore": 226.43
    },
    {
        "case_id": "2497",
        "case_type": "排序算法",
        "debugScore": 82.11,
        "firstConsScore": 366.29,
        "algorthmScore": 277.27
    },
    {
        "case_id": "2519",
        "case_type": "排序算法",
        "debugScore": 78.91,
        "firstConsScore": 258.46,
        "algorthmScore": 260.73
    },
    {
        "case_id": "2529",
        "case_type": "排序算法",
        "debugScore": 184.0,
        "firstConsScore": 318.7,
        "algorthmScore": 280.81
    },
    {
        "case_id": "2528",
        "case_type": "排序算法",
        "debugScore": 98.89,
        "firstConsScore": 312.3,
        "algorthmScore": 262.17
    },
    {
        "case_id": "2527",
        "case_type": "排序算法",
        "debugScore": 486.85,
        "firstConsScore": 282.01,
        "algorthmScore": 215.97
    }
]