[
    {
        "case_id": "2954",
        "case_type": "字符串",
        "debugScore": 629.57,
        "firstConsScore": 312.38,
        "algorthmScore": 297.24
    },
    {
        "case_id": "2975",
        "case_type": "字符串",
        "debugScore": 82.68,
        "firstConsScore": 241.38,
        "algorthmScore": 226.63
    },
    {
        "case_id": "2942",
        "case_type": "字符串",
        "debugScore": 350.65,
        "firstConsScore": 116.94,
        "algorthmScore": 277.31
    },
    {
        "case_id": "2984",
        "case_type": "字符串",
        "debugScore": 92.47,
        "firstConsScore": 300.0,
        "algorthmScore": 304.27
    },
    {
        "case_id": "2979",
        "case_type": "字符串",
        "debugScore": 93.76,
        "firstConsScore": 275.16,
        "algorthmScore": 271.63
    },
    {
        "case_id": "2946",
        "case_type": "字符串",
        "debugScore": 468.1,
        "firstConsScore": 158.92,
        "algorthmScore": 299.83
    },
    {
        "case_id": "2978",
        "case_type": "字符串",
        "debugScore": 410.55,
        "firstConsScore": 179.11,
        "algorthmScore": 153.6
    },
    {
        "case_id": "2945",
        "case_type": "字符串",
        "debugScore": 452.07,
        "firstConsScore": 145.59,
        "algorthmScore": 300.36
    }
]