[
    {
        "case_id": "2870",
        "case_type": "数组",
        "debugScore": 102.62,
        "firstConsScore": 257.46,
        "algorthmScore": 219.57
    },
    {
        "case_id": "2374",
        "case_type": "数组",
        "debugScore": 463.07,
        "firstConsScore": 175.46,
        "algorthmScore": 202.87
    },
    {
        "case_id": "2393",
        "case_type": "数组",
        "debugScore": 98.88,
        "firstConsScore": 259.03,
        "algorthmScore": 117.73
    },
    {
        "case_id": "2470",
        "case_type": "数组",
        "debugScore": 554.45,
        "firstConsScore": 187.92,
        "algorthmScore": 265.72
    },
    {
        "case_id": "2867",
        "case_type": "数组",
        "debugScore": 79.5,
        "firstConsScore": 234.46,
        "algorthmScore": 179.13
    },
    {
        "case_id": "2845",
        "case_type": "数组",
        "debugScore": 741.34,
        "firstConsScore": 229.7,
        "algorthmScore": 285.54
    },
    {
        "case_id": "2823",
        "case_type": "数组",
        "debugScore": 422.35,
        "firstConsScore": 157.6,
        "algorthmScore": 220.37
    },
    {
        "case_id": "2844",
        "case_type": "数组",
        "debugScore": 110.59,
        "firstConsScore": 321.71,
        "algorthmScore": 268.24
    },
    {
        "case_id": "2866",
        "case_type": "数组",
        "debugScore": 522.99,
        "firstConsScore": 270.18,
        "algorthmScore": 265.8
    },
    {
        "case_id": "2843",
        "case_type": "数组",
        "debugScore": 1016.39,
        "firstConsScore": 185.54,
        "algorthmScore": 236.46
    },
    {
        "case_id": "2469",
        "case_type": "数组",
        "debugScore": 103.45,
        "firstConsScore": 344.67,
        "algorthmScore": 191.23
    },
    {
        "case_id": "2865",
        "case_type": "数组",
        "debugScore": 75.41,
        "firstConsScore": 224.7,
        "algorthmScore": 226.35
    },
    {
        "case_id": "2842",
        "case_type": "数组",
        "debugScore": 98.41,
        "firstConsScore": 410.81,
        "algorthmScore": 223.74
    },
    {
        "case_id": "2864",
        "case_type": "数组",
        "debugScore": 283.51,
        "firstConsScore": 217.58,
        "algorthmScore": 166.91
    },
    {
        "case_id": "2863",
        "case_type": "数组",
        "debugScore": 79.54,
        "firstConsScore": 285.59,
        "algorthmScore": 278.79
    },
    {
        "case_id": "2840",
        "case_type": "数组",
        "debugScore": 80.88,
        "firstConsScore": 310.81,
        "algorthmScore": 287.31
    },
    {
        "case_id": "2861",
        "case_type": "数组",
        "debugScore": 1542.97,
        "firstConsScore": 211.37,
        "algorthmScore": 125.95
    },
    {
        "case_id": "2849",
        "case_type": "数组",
        "debugScore": 1163.6,
        "firstConsScore": 251.02,
        "algorthmScore": 216.18
    },
    {
        "case_id": "2848",
        "case_type": "数组",
        "debugScore": 818.06,
        "firstConsScore": 88.81,
        "algorthmScore": 136.44
    },
    {
        "case_id": "2868",
        "case_type": "数组",
        "debugScore": 368.62,
        "firstConsScore": 296.91,
        "algorthmScore": 247.58
    },
    {
        "case_id": "2824",
        "case_type": "数组",
        "debugScore": 89.12,
        "firstConsScore": 335.73,
        "algorthmScore": 265.4
    },
    {
        "case_id": "2384",
        "case_type": "数组",
        "debugScore": 97.01,
        "firstConsScore": 356.3,
        "algorthmScore": 269.49
    },
    {
        "case_id": "2834",
        "case_type": "数组",
        "debugScore": 82.17,
        "firstConsScore": 341.96,
        "algorthmScore": 264.44
    },
    {
        "case_id": "2855",
        "case_type": "数组",
        "debugScore": 742.26,
        "firstConsScore": 206.28,
        "algorthmScore": 281.12
    },
    {
        "case_id": "2877",
        "case_type": "数组",
        "debugScore": 81.19,
        "firstConsScore": 167.97,
        "algorthmScore": 147.86
    },
    {
        "case_id": "2854",
        "case_type": "数组",
        "debugScore": 88.3,
        "firstConsScore": 278.21,
        "algorthmScore": 230.3
    },
    {
        "case_id": "2832",
        "case_type": "数组",
        "debugScore": 844.25,
        "firstConsScore": 200.67,
        "algorthmScore": 230.78
    },
    {
        "case_id": "2875",
        "case_type": "数组",
        "debugScore": 74.56,
        "firstConsScore": 260.56,
        "algorthmScore": 206.61
    },
    {
        "case_id": "2831",
        "case_type": "数组",
        "debugScore": 1101.02,
        "firstConsScore": 176.29,
        "algorthmScore": 134.05
    },
    {
        "case_id": "2853",
        "case_type": "数组",
        "debugScore": 1179.18,
        "firstConsScore": 215.52,
        "algorthmScore": 259.03
    },
    {
        "case_id": "2830",
        "case_type": "数组",
        "debugScore": 84.13,
        "firstConsScore": 324.33,
        "algorthmScore": 216.61
    },
    {
        "case_id": "2852",
        "case_type": "数组",
        "debugScore": 86.36,
        "firstConsScore": 362.48,
        "algorthmScore": 252.57
    },
    {
        "case_id": "2873",
        "case_type": "数组",
        "debugScore": 81.47,
        "firstConsScore": 319.03,
        "algorthmScore": 259.85
    },
    {
        "case_id": "2851",
        "case_type": "数组",
        "debugScore": 96.63,
        "firstConsScore": 302.55,
        "algorthmScore": 242.36
    },
    {
        "case_id": "2872",
        "case_type": "数组",
        "debugScore": 86.13,
        "firstConsScore": 310.06,
        "algorthmScore": 244.73
    },
    {
        "case_id": "2850",
        "case_type": "数组",
        "debugScore": 453.2,
        "firstConsScore": 219.37,
        "algorthmScore": 240.11
    },
    {
        "case_id": "2819",
        "case_type": "数组",
        "debugScore": 109.67,
        "firstConsScore": 295.56,
        "algorthmScore": 264.86
    },
    {
        "case_id": "2838",
        "case_type": "数组",
        "debugScore": 77.66,
        "firstConsScore": 163.64,
        "algorthmScore": 232.63
    },
    {
        "case_id": "2815",
        "case_type": "数组",
        "debugScore": 82.82,
        "firstConsScore": 328.01,
        "algorthmScore": 290.04
    },
    {
        "case_id": "2859",
        "case_type": "数组",
        "debugScore": 1003.24,
        "firstConsScore": 144.3,
        "algorthmScore": 230.12
    },
    {
        "case_id": "2837",
        "case_type": "数组",
        "debugScore": 79.15,
        "firstConsScore": 252.96,
        "algorthmScore": 231.58
    },
    {
        "case_id": "2858",
        "case_type": "数组",
        "debugScore": 866.66,
        "firstConsScore": 251.09,
        "algorthmScore": 251.38
    },
    {
        "case_id": "2836",
        "case_type": "数组",
        "debugScore": 429.51,
        "firstConsScore": 258.4,
        "algorthmScore": 283.76
    },
    {
        "case_id": "2857",
        "case_type": "数组",
        "debugScore": 285.94,
        "firstConsScore": 159.54,
        "algorthmScore": 181.1
    },
    {
        "case_id": "2835",
        "case_type": "数组",
        "debugScore": 90.2,
        "firstConsScore": 252.39,
        "algorthmScore": 226.8
    }
]