[
    {
        "case_id": "2397",
        "case_type": "树结构",
        "debugScore": 135.7,
        "firstConsScore": 232.75,
        "algorthmScore": 292.38
    },
    {
        "case_id": "2353",
        "case_type": "树结构",
        "debugScore": 95.88,
        "firstConsScore": 223.72,
        "algorthmScore": 315.79
    },
    {
        "case_id": "2650",
        "case_type": "树结构",
        "debugScore": 103.37,
        "firstConsScore": 176.92,
        "algorthmScore": 297.55
    },
    {
        "case_id": "2524",
        "case_type": "树结构",
        "debugScore": 120.48,
        "firstConsScore": 219.25,
        "algorthmScore": 217.04
    },
    {
        "case_id": "2600",
        "case_type": "树结构",
        "debugScore": 114.11,
        "firstConsScore": 206.46,
        "algorthmScore": 310.88
    },
    {
        "case_id": "2400",
        "case_type": "树结构",
        "debugScore": 133.94,
        "firstConsScore": 266.81,
        "algorthmScore": 430.0
    },
    {
        "case_id": "2509",
        "case_type": "树结构",
        "debugScore": 89.65,
        "firstConsScore": 144.25,
        "algorthmScore": 282.9
    },
    {
        "case_id": "2605",
        "case_type": "树结构",
        "debugScore": 86.96,
        "firstConsScore": 202.61,
        "algorthmScore": 255.74
    },
    {
        "case_id": "2648",
        "case_type": "树结构",
        "debugScore": 101.08,
        "firstConsScore": 231.01,
        "algorthmScore": 340.99
    },
    {
        "case_id": "2549",
        "case_type": "树结构",
        "debugScore": 95.72,
        "firstConsScore": 157.79,
        "algorthmScore": 298.94
    },
    {
        "case_id": "2540",
        "case_type": "树结构",
        "debugScore": 139.08,
        "firstConsScore": 236.15,
        "algorthmScore": 286.96
    },
    {
        "case_id": "2660",
        "case_type": "树结构",
        "debugScore": 107.68,
        "firstConsScore": 162.85,
        "algorthmScore": 309.09
    },
    {
        "case_id": "2382",
        "case_type": "树结构",
        "debugScore": 94.56,
        "firstConsScore": 182.08,
        "algorthmScore": 292.48
    },
    {
        "case_id": "2636",
        "case_type": "树结构",
        "debugScore": 109.29,
        "firstConsScore": 170.44,
        "algorthmScore": 284.59
    },
    {
        "case_id": "2416",
        "case_type": "树结构",
        "debugScore": 136.26,
        "firstConsScore": 191.55,
        "algorthmScore": 324.16
    },
    {
        "case_id": "2657",
        "case_type": "树结构",
        "debugScore": 907.12,
        "firstConsScore": 107.76,
        "algorthmScore": 321.51
    },
    {
        "case_id": "2699",
        "case_type": "树结构",
        "debugScore": 119.51,
        "firstConsScore": 237.06,
        "algorthmScore": 323.35
    },
    {
        "case_id": "2633",
        "case_type": "树结构",
        "debugScore": 154.13,
        "firstConsScore": 180.82,
        "algorthmScore": 289.74
    },
    {
        "case_id": "2654",
        "case_type": "树结构",
        "debugScore": 110.29,
        "firstConsScore": 156.79,
        "algorthmScore": 300.02
    },
    {
        "case_id": "2632",
        "case_type": "树结构",
        "debugScore": 116.46,
        "firstConsScore": 201.76,
        "algorthmScore": 318.79
    },
    {
        "case_id": "2599",
        "case_type": "树结构",
        "debugScore": 99.8,
        "firstConsScore": 205.91,
        "algorthmScore": 313.61
    },
    {
        "case_id": "2697",
        "case_type": "树结构",
        "debugScore": 96.64,
        "firstConsScore": 176.46,
        "algorthmScore": 287.92
    },
    {
        "case_id": "2631",
        "case_type": "树结构",
        "debugScore": 90.08,
        "firstConsScore": 220.16,
        "algorthmScore": 283.08
    },
    {
        "case_id": "2598",
        "case_type": "树结构",
        "debugScore": 95.29,
        "firstConsScore": 161.83,
        "algorthmScore": 293.58
    },
    {
        "case_id": "2355",
        "case_type": "树结构",
        "debugScore": 129.65,
        "firstConsScore": 257.79,
        "algorthmScore": 326.26
    },
    {
        "case_id": "2696",
        "case_type": "树结构",
        "debugScore": 95.8,
        "firstConsScore": 218.18,
        "algorthmScore": 276.44
    },
    {
        "case_id": "2398",
        "case_type": "树结构",
        "debugScore": 761.26,
        "firstConsScore": 106.82,
        "algorthmScore": 309.06
    },
    {
        "case_id": "2695",
        "case_type": "树结构",
        "debugScore": 113.57,
        "firstConsScore": 204.79,
        "algorthmScore": 313.43
    },
    {
        "case_id": "2638",
        "case_type": "树结构",
        "debugScore": 103.09,
        "firstConsScore": 177.08,
        "algorthmScore": 292.85
    }
]