[
    {
        "case_id": "2870",
        "case_type": "数组",
        "debugScore": 102.62,
        "firstConsScore": 131.31,
        "algorthmScore": 149.97
    },
    {
        "case_id": "2374",
        "case_type": "数组",
        "debugScore": 92.51,
        "firstConsScore": 335.23,
        "algorthmScore": 159.04
    },
    {
        "case_id": "2393",
        "case_type": "数组",
        "debugScore": 98.88,
        "firstConsScore": 190.48,
        "algorthmScore": 268.48
    },
    {
        "case_id": "2470",
        "case_type": "数组",
        "debugScore": 83.34,
        "firstConsScore": 330.54,
        "algorthmScore": 307.26
    },
    {
        "case_id": "2867",
        "case_type": "数组",
        "debugScore": 79.5,
        "firstConsScore": 183.23,
        "algorthmScore": 192.63
    },
    {
        "case_id": "2845",
        "case_type": "数组",
        "debugScore": 160.64,
        "firstConsScore": 196.68,
        "algorthmScore": 235.0
    },
    {
        "case_id": "2823",
        "case_type": "数组",
        "debugScore": 111.08,
        "firstConsScore": 272.06,
        "algorthmScore": 302.29
    },
    {
        "case_id": "2844",
        "case_type": "数组",
        "debugScore": 111.52,
        "firstConsScore": 204.72,
        "algorthmScore": 161.36
    },
    {
        "case_id": "2866",
        "case_type": "数组",
        "debugScore": 594.21,
        "firstConsScore": 123.62,
        "algorthmScore": 247.02
    },
    {
        "case_id": "2865",
        "case_type": "数组",
        "debugScore": 75.41,
        "firstConsScore": 197.65,
        "algorthmScore": 236.02
    },
    {
        "case_id": "2469",
        "case_type": "数组",
        "debugScore": 103.45,
        "firstConsScore": 223.41,
        "algorthmScore": 121.97
    },
    {
        "case_id": "2843",
        "case_type": "数组",
        "debugScore": 77.99,
        "firstConsScore": 173.51,
        "algorthmScore": 263.41
    },
    {
        "case_id": "2864",
        "case_type": "数组",
        "debugScore": 114.6,
        "firstConsScore": 256.74,
        "algorthmScore": 151.92
    },
    {
        "case_id": "2842",
        "case_type": "数组",
        "debugScore": 727.74,
        "firstConsScore": 83.44,
        "algorthmScore": 278.43
    },
    {
        "case_id": "2863",
        "case_type": "数组",
        "debugScore": 84.28,
        "firstConsScore": 233.7,
        "algorthmScore": 303.11
    },
    {
        "case_id": "2840",
        "case_type": "数组",
        "debugScore": 80.88,
        "firstConsScore": 199.19,
        "algorthmScore": 235.83
    },
    {
        "case_id": "2861",
        "case_type": "数组",
        "debugScore": 79.57,
        "firstConsScore": 169.18,
        "algorthmScore": 194.18
    },
    {
        "case_id": "2849",
        "case_type": "数组",
        "debugScore": 90.72,
        "firstConsScore": 150.09,
        "algorthmScore": 157.12
    },
    {
        "case_id": "2848",
        "case_type": "数组",
        "debugScore": 85.23,
        "firstConsScore": 211.21,
        "algorthmScore": 235.76
    },
    {
        "case_id": "2824",
        "case_type": "数组",
        "debugScore": 1126.77,
        "firstConsScore": 129.03,
        "algorthmScore": 214.75
    },
    {
        "case_id": "2868",
        "case_type": "数组",
        "debugScore": 88.1,
        "firstConsScore": 165.69,
        "algorthmScore": 238.93
    },
    {
        "case_id": "2384",
        "case_type": "数组",
        "debugScore": 97.01,
        "firstConsScore": 241.4,
        "algorthmScore": 313.52
    },
    {
        "case_id": "2834",
        "case_type": "数组",
        "debugScore": 82.17,
        "firstConsScore": 186.63,
        "algorthmScore": 235.03
    },
    {
        "case_id": "2877",
        "case_type": "数组",
        "debugScore": 81.19,
        "firstConsScore": 142.85,
        "algorthmScore": 141.44
    },
    {
        "case_id": "2855",
        "case_type": "数组",
        "debugScore": 79.92,
        "firstConsScore": 192.6,
        "algorthmScore": 120.22
    },
    {
        "case_id": "2854",
        "case_type": "数组",
        "debugScore": 88.3,
        "firstConsScore": 214.85,
        "algorthmScore": 277.44
    },
    {
        "case_id": "2832",
        "case_type": "数组",
        "debugScore": 84.17,
        "firstConsScore": 211.06,
        "algorthmScore": 213.71
    },
    {
        "case_id": "2875",
        "case_type": "数组",
        "debugScore": 74.56,
        "firstConsScore": 200.31,
        "algorthmScore": 177.74
    },
    {
        "case_id": "2831",
        "case_type": "数组",
        "debugScore": 89.78,
        "firstConsScore": 142.11,
        "algorthmScore": 123.98
    },
    {
        "case_id": "2853",
        "case_type": "数组",
        "debugScore": 106.45,
        "firstConsScore": 185.29,
        "algorthmScore": 214.6
    },
    {
        "case_id": "2830",
        "case_type": "数组",
        "debugScore": 84.13,
        "firstConsScore": 174.4,
        "algorthmScore": 150.95
    },
    {
        "case_id": "2852",
        "case_type": "数组",
        "debugScore": 92.08,
        "firstConsScore": 214.59,
        "algorthmScore": 209.14
    },
    {
        "case_id": "2873",
        "case_type": "数组",
        "debugScore": 81.47,
        "firstConsScore": 230.2,
        "algorthmScore": 251.49
    },
    {
        "case_id": "2851",
        "case_type": "数组",
        "debugScore": 96.63,
        "firstConsScore": 198.2,
        "algorthmScore": 284.71
    },
    {
        "case_id": "2872",
        "case_type": "数组",
        "debugScore": 86.13,
        "firstConsScore": 211.62,
        "algorthmScore": 244.65
    },
    {
        "case_id": "2850",
        "case_type": "数组",
        "debugScore": 84.73,
        "firstConsScore": 245.8,
        "algorthmScore": 144.83
    },
    {
        "case_id": "2819",
        "case_type": "数组",
        "debugScore": 109.67,
        "firstConsScore": 206.54,
        "algorthmScore": 70.48
    },
    {
        "case_id": "2838",
        "case_type": "数组",
        "debugScore": 77.66,
        "firstConsScore": 194.93,
        "algorthmScore": 237.6
    },
    {
        "case_id": "2859",
        "case_type": "数组",
        "debugScore": 83.97,
        "firstConsScore": 196.47,
        "algorthmScore": 136.58
    },
    {
        "case_id": "2837",
        "case_type": "数组",
        "debugScore": 79.15,
        "firstConsScore": 187.0,
        "algorthmScore": 137.5
    },
    {
        "case_id": "2815",
        "case_type": "数组",
        "debugScore": 82.82,
        "firstConsScore": 173.79,
        "algorthmScore": 62.01
    },
    {
        "case_id": "2836",
        "case_type": "数组",
        "debugScore": 97.01,
        "firstConsScore": 132.75,
        "algorthmScore": 132.27
    },
    {
        "case_id": "2858",
        "case_type": "数组",
        "debugScore": 118.89,
        "firstConsScore": 180.56,
        "algorthmScore": 174.4
    },
    {
        "case_id": "2835",
        "case_type": "数组",
        "debugScore": 90.2,
        "firstConsScore": 188.37,
        "algorthmScore": 159.67
    },
    {
        "case_id": "2857",
        "case_type": "数组",
        "debugScore": 145.1,
        "firstConsScore": 461.62,
        "algorthmScore": 201.55
    }
]