[
    {
        "case_id": "2305",
        "case_type": "图结构",
        "debugScore": 291.45,
        "firstConsScore": 255.01,
        "algorthmScore": 428.75
    },
    {
        "case_id": "2536",
        "case_type": "图结构",
        "debugScore": 106.13,
        "firstConsScore": 240.35,
        "algorthmScore": 293.96
    },
    {
        "case_id": "2316",
        "case_type": "图结构",
        "debugScore": 157.5,
        "firstConsScore": 394.56,
        "algorthmScore": 368.71
    },
    {
        "case_id": "2348",
        "case_type": "图结构",
        "debugScore": 409.93,
        "firstConsScore": 286.3,
        "algorthmScore": 443.58
    },
    {
        "case_id": "2347",
        "case_type": "图结构",
        "debugScore": 828.82,
        "firstConsScore": 156.43,
        "algorthmScore": 375.85
    },
    {
        "case_id": "2235",
        "case_type": "图结构",
        "debugScore": 140.8,
        "firstConsScore": 267.2,
        "algorthmScore": 110.69
    },
    {
        "case_id": "2444",
        "case_type": "图结构",
        "debugScore": 94.42,
        "firstConsScore": 215.74,
        "algorthmScore": 234.98
    },
    {
        "case_id": "2343",
        "case_type": "图结构",
        "debugScore": 30.48,
        "firstConsScore": 202.37,
        "algorthmScore": 323.42
    },
    {
        "case_id": "2354",
        "case_type": "图结构",
        "debugScore": 104.66,
        "firstConsScore": 268.98,
        "algorthmScore": 342.2
    },
    {
        "case_id": "2331",
        "case_type": "图结构",
        "debugScore": 130.47,
        "firstConsScore": 264.68,
        "algorthmScore": 354.78
    },
    {
        "case_id": "2352",
        "case_type": "图结构",
        "debugScore": 125.91,
        "firstConsScore": 231.74,
        "algorthmScore": 361.87
    },
    {
        "case_id": "2704",
        "case_type": "图结构",
        "debugScore": 115.53,
        "firstConsScore": 201.49,
        "algorthmScore": 311.19
    }
]