[
    {
        "case_id": "2525",
        "case_type": "排序算法",
        "debugScore": 85.29,
        "firstConsScore": 354.82,
        "algorthmScore": 231.11
    },
    {
        "case_id": "2523",
        "case_type": "排序算法",
        "debugScore": 90.36,
        "firstConsScore": 307.24,
        "algorthmScore": 244.69
    },
    {
        "case_id": "2521",
        "case_type": "排序算法",
        "debugScore": 93.94,
        "firstConsScore": 311.06,
        "algorthmScore": 232.47
    },
    {
        "case_id": "2532",
        "case_type": "排序算法",
        "debugScore": 90.95,
        "firstConsScore": 342.39,
        "algorthmScore": 200.89
    },
    {
        "case_id": "2531",
        "case_type": "排序算法",
        "debugScore": 79.16,
        "firstConsScore": 316.29,
        "algorthmScore": 309.37
    },
    {
        "case_id": "2530",
        "case_type": "排序算法",
        "debugScore": 72.8,
        "firstConsScore": 320.05,
        "algorthmScore": 269.43
    },
    {
        "case_id": "2497",
        "case_type": "排序算法",
        "debugScore": 82.11,
        "firstConsScore": 328.06,
        "algorthmScore": 222.65
    },
    {
        "case_id": "2519",
        "case_type": "排序算法",
        "debugScore": 78.91,
        "firstConsScore": 275.35,
        "algorthmScore": 276.11
    },
    {
        "case_id": "2529",
        "case_type": "排序算法",
        "debugScore": 187.17,
        "firstConsScore": 219.82,
        "algorthmScore": 161.76
    },
    {
        "case_id": "2528",
        "case_type": "排序算法",
        "debugScore": 98.89,
        "firstConsScore": 288.6,
        "algorthmScore": 207.28
    },
    {
        "case_id": "2527",
        "case_type": "排序算法",
        "debugScore": 86.18,
        "firstConsScore": 393.71,
        "algorthmScore": 163.88
    }
]