[
    {
        "case_id": "2473",
        "case_type": "线性表",
        "debugScore": 687.15,
        "firstConsScore": 87.77,
        "algorthmScore": 266.23
    },
    {
        "case_id": "2471",
        "case_type": "线性表",
        "debugScore": 358.5,
        "firstConsScore": 171.13,
        "algorthmScore": 271.23
    },
    {
        "case_id": "2691",
        "case_type": "线性表",
        "debugScore": 100.02,
        "firstConsScore": 237.04,
        "algorthmScore": 308.77
    },
    {
        "case_id": "2690",
        "case_type": "线性表",
        "debugScore": 178.58,
        "firstConsScore": 178.14,
        "algorthmScore": 216.4
    },
    {
        "case_id": "2590",
        "case_type": "线性表",
        "debugScore": 555.94,
        "firstConsScore": 103.77,
        "algorthmScore": 233.68
    },
    {
        "case_id": "2724",
        "case_type": "线性表",
        "debugScore": 96.42,
        "firstConsScore": 138.95,
        "algorthmScore": 225.03
    },
    {
        "case_id": "2646",
        "case_type": "线性表",
        "debugScore": 734.9,
        "firstConsScore": 77.66,
        "algorthmScore": 238.01
    },
    {
        "case_id": "2723",
        "case_type": "线性表",
        "debugScore": 85.66,
        "firstConsScore": 151.62,
        "algorthmScore": 190.14
    },
    {
        "case_id": "2722",
        "case_type": "线性表",
        "debugScore": 78.28,
        "firstConsScore": 151.18,
        "algorthmScore": 243.08
    },
    {
        "case_id": "2721",
        "case_type": "线性表",
        "debugScore": 82.94,
        "firstConsScore": 152.26,
        "algorthmScore": 207.25
    },
    {
        "case_id": "2487",
        "case_type": "线性表",
        "debugScore": 77.87,
        "firstConsScore": 190.0,
        "algorthmScore": 218.58
    },
    {
        "case_id": "2486",
        "case_type": "线性表",
        "debugScore": 91.37,
        "firstConsScore": 218.13,
        "algorthmScore": 157.68
    },
    {
        "case_id": "2761",
        "case_type": "线性表",
        "debugScore": 84.71,
        "firstConsScore": 160.2,
        "algorthmScore": 187.71
    },
    {
        "case_id": "2728",
        "case_type": "线性表",
        "debugScore": 86.84,
        "firstConsScore": 218.88,
        "algorthmScore": 279.58
    },
    {
        "case_id": "2727",
        "case_type": "线性表",
        "debugScore": 708.08,
        "firstConsScore": 115.33,
        "algorthmScore": 290.18
    },
    {
        "case_id": "2649",
        "case_type": "线性表",
        "debugScore": 378.4,
        "firstConsScore": 134.36,
        "algorthmScore": 151.23
    },
    {
        "case_id": "2725",
        "case_type": "线性表",
        "debugScore": 717.26,
        "firstConsScore": 105.65,
        "algorthmScore": 250.74
    },
    {
        "case_id": "2485",
        "case_type": "线性表",
        "debugScore": 818.34,
        "firstConsScore": 77.17,
        "algorthmScore": 216.15
    },
    {
        "case_id": "2760",
        "case_type": "线性表",
        "debugScore": 94.78,
        "firstConsScore": 191.37,
        "algorthmScore": 278.56
    },
    {
        "case_id": "2484",
        "case_type": "线性表",
        "debugScore": 375.99,
        "firstConsScore": 137.24,
        "algorthmScore": 205.06
    },
    {
        "case_id": "2560",
        "case_type": "线性表",
        "debugScore": 94.09,
        "firstConsScore": 210.23,
        "algorthmScore": 252.43
    },
    {
        "case_id": "2483",
        "case_type": "线性表",
        "debugScore": 100.28,
        "firstConsScore": 177.94,
        "algorthmScore": 231.62
    },
    {
        "case_id": "2559",
        "case_type": "线性表",
        "debugScore": 85.53,
        "firstConsScore": 170.35,
        "algorthmScore": 288.77
    },
    {
        "case_id": "2557",
        "case_type": "线性表",
        "debugScore": 81.3,
        "firstConsScore": 208.31,
        "algorthmScore": 259.28
    },
    {
        "case_id": "2755",
        "case_type": "线性表",
        "debugScore": 606.47,
        "firstConsScore": 94.13,
        "algorthmScore": 244.62
    },
    {
        "case_id": "2732",
        "case_type": "线性表",
        "debugScore": 77.69,
        "firstConsScore": 174.75,
        "algorthmScore": 275.2
    },
    {
        "case_id": "2336",
        "case_type": "线性表",
        "debugScore": 440.77,
        "firstConsScore": 80.09,
        "algorthmScore": 268.55
    },
    {
        "case_id": "2731",
        "case_type": "线性表",
        "debugScore": 92.02,
        "firstConsScore": 198.57,
        "algorthmScore": 218.69
    },
    {
        "case_id": "2730",
        "case_type": "线性表",
        "debugScore": 77.3,
        "firstConsScore": 168.47,
        "algorthmScore": 248.22
    },
    {
        "case_id": "2759",
        "case_type": "线性表",
        "debugScore": 82.68,
        "firstConsScore": 160.21,
        "algorthmScore": 255.18
    }
]