[
    {
        "case_id": "2870",
        "case_type": "数组",
        "debugScore": 102.62,
        "firstConsScore": 191.9,
        "algorthmScore": 253.61
    },
    {
        "case_id": "2374",
        "case_type": "数组",
        "debugScore": 43.57,
        "firstConsScore": 107.9,
        "algorthmScore": 259.65
    },
    {
        "case_id": "2470",
        "case_type": "数组",
        "debugScore": 67.0,
        "firstConsScore": 188.69,
        "algorthmScore": 295.88
    },
    {
        "case_id": "2393",
        "case_type": "数组",
        "debugScore": 96.59,
        "firstConsScore": 357.96,
        "algorthmScore": 360.28
    },
    {
        "case_id": "2867",
        "case_type": "数组",
        "debugScore": 312.79,
        "firstConsScore": 168.46,
        "algorthmScore": 223.03
    },
    {
        "case_id": "2845",
        "case_type": "数组",
        "debugScore": 160.64,
        "firstConsScore": 178.57,
        "algorthmScore": 167.91
    },
    {
        "case_id": "2823",
        "case_type": "数组",
        "debugScore": 101.6,
        "firstConsScore": 85.65,
        "algorthmScore": 220.92
    },
    {
        "case_id": "2844",
        "case_type": "数组",
        "debugScore": 199.62,
        "firstConsScore": 145.19,
        "algorthmScore": 235.33
    },
    {
        "case_id": "2866",
        "case_type": "数组",
        "debugScore": 67.49,
        "firstConsScore": 107.09,
        "algorthmScore": 147.24
    },
    {
        "case_id": "2865",
        "case_type": "数组",
        "debugScore": 75.41,
        "firstConsScore": 177.7,
        "algorthmScore": 258.29
    },
    {
        "case_id": "2469",
        "case_type": "数组",
        "debugScore": 77.88,
        "firstConsScore": 229.54,
        "algorthmScore": 389.6
    },
    {
        "case_id": "2843",
        "case_type": "数组",
        "debugScore": 224.22,
        "firstConsScore": 79.65,
        "algorthmScore": 137.2
    },
    {
        "case_id": "2864",
        "case_type": "数组",
        "debugScore": 167.37,
        "firstConsScore": 96.6,
        "algorthmScore": 235.07
    },
    {
        "case_id": "2842",
        "case_type": "数组",
        "debugScore": 309.2,
        "firstConsScore": 120.28,
        "algorthmScore": 276.43
    },
    {
        "case_id": "2863",
        "case_type": "数组",
        "debugScore": 186.99,
        "firstConsScore": 176.75,
        "algorthmScore": 212.56
    },
    {
        "case_id": "2840",
        "case_type": "数组",
        "debugScore": 80.88,
        "firstConsScore": 175.67,
        "algorthmScore": 190.74
    },
    {
        "case_id": "2861",
        "case_type": "数组",
        "debugScore": 79.57,
        "firstConsScore": 136.71,
        "algorthmScore": 172.14
    },
    {
        "case_id": "2849",
        "case_type": "数组",
        "debugScore": 90.72,
        "firstConsScore": 333.47,
        "algorthmScore": 393.56
    },
    {
        "case_id": "2848",
        "case_type": "数组",
        "debugScore": 611.65,
        "firstConsScore": 195.83,
        "algorthmScore": 148.55
    },
    {
        "case_id": "2868",
        "case_type": "数组",
        "debugScore": 88.1,
        "firstConsScore": 75.47,
        "algorthmScore": 112.34
    },
    {
        "case_id": "2824",
        "case_type": "数组",
        "debugScore": 89.12,
        "firstConsScore": 164.06,
        "algorthmScore": 225.83
    },
    {
        "case_id": "2384",
        "case_type": "数组",
        "debugScore": 259.69,
        "firstConsScore": 128.17,
        "algorthmScore": 232.52
    },
    {
        "case_id": "2834",
        "case_type": "数组",
        "debugScore": 82.17,
        "firstConsScore": 146.82,
        "algorthmScore": 197.65
    },
    {
        "case_id": "2877",
        "case_type": "数组",
        "debugScore": 607.55,
        "firstConsScore": 160.94,
        "algorthmScore": 206.89
    },
    {
        "case_id": "2855",
        "case_type": "数组",
        "debugScore": 270.74,
        "firstConsScore": 153.21,
        "algorthmScore": 227.95
    },
    {
        "case_id": "2854",
        "case_type": "数组",
        "debugScore": 88.3,
        "firstConsScore": 225.37,
        "algorthmScore": 300.77
    },
    {
        "case_id": "2832",
        "case_type": "数组",
        "debugScore": 73.37,
        "firstConsScore": 137.46,
        "algorthmScore": 181.52
    },
    {
        "case_id": "2875",
        "case_type": "数组",
        "debugScore": 74.56,
        "firstConsScore": 174.59,
        "algorthmScore": 241.12
    },
    {
        "case_id": "2831",
        "case_type": "数组",
        "debugScore": 470.7,
        "firstConsScore": 240.93,
        "algorthmScore": 319.1
    },
    {
        "case_id": "2853",
        "case_type": "数组",
        "debugScore": 131.53,
        "firstConsScore": 113.4,
        "algorthmScore": 148.59
    },
    {
        "case_id": "2830",
        "case_type": "数组",
        "debugScore": 84.13,
        "firstConsScore": 141.43,
        "algorthmScore": 185.14
    },
    {
        "case_id": "2852",
        "case_type": "数组",
        "debugScore": 115.75,
        "firstConsScore": 108.99,
        "algorthmScore": 161.94
    },
    {
        "case_id": "2873",
        "case_type": "数组",
        "debugScore": 319.92,
        "firstConsScore": 112.86,
        "algorthmScore": 152.49
    },
    {
        "case_id": "2851",
        "case_type": "数组",
        "debugScore": 96.63,
        "firstConsScore": 132.99,
        "algorthmScore": 212.11
    },
    {
        "case_id": "2872",
        "case_type": "数组",
        "debugScore": 356.95,
        "firstConsScore": 76.45,
        "algorthmScore": 99.03
    },
    {
        "case_id": "2850",
        "case_type": "数组",
        "debugScore": 99.6,
        "firstConsScore": 107.83,
        "algorthmScore": 198.31
    },
    {
        "case_id": "2819",
        "case_type": "数组",
        "debugScore": 103.43,
        "firstConsScore": 329.48,
        "algorthmScore": 266.49
    },
    {
        "case_id": "2838",
        "case_type": "数组",
        "debugScore": 299.97,
        "firstConsScore": 96.32,
        "algorthmScore": 139.69
    },
    {
        "case_id": "2815",
        "case_type": "数组",
        "debugScore": 985.1,
        "firstConsScore": 250.94,
        "algorthmScore": 310.65
    },
    {
        "case_id": "2859",
        "case_type": "数组",
        "debugScore": 207.54,
        "firstConsScore": 181.39,
        "algorthmScore": 422.61
    },
    {
        "case_id": "2837",
        "case_type": "数组",
        "debugScore": 113.33,
        "firstConsScore": 155.44,
        "algorthmScore": 244.78
    },
    {
        "case_id": "2836",
        "case_type": "数组",
        "debugScore": 97.01,
        "firstConsScore": 203.83,
        "algorthmScore": 257.03
    },
    {
        "case_id": "2858",
        "case_type": "数组",
        "debugScore": 118.89,
        "firstConsScore": 124.47,
        "algorthmScore": 187.02
    },
    {
        "case_id": "2835",
        "case_type": "数组",
        "debugScore": 90.2,
        "firstConsScore": 193.57,
        "algorthmScore": 344.17
    },
    {
        "case_id": "2857",
        "case_type": "数组",
        "debugScore": 138.2,
        "firstConsScore": 130.48,
        "algorthmScore": 239.94
    }
]