[
    {
        "case_id": "2954",
        "case_type": "字符串",
        "debugScore": 119.33,
        "firstConsScore": 250.0,
        "algorthmScore": 300.07
    },
    {
        "case_id": "2975",
        "case_type": "字符串",
        "debugScore": 82.68,
        "firstConsScore": 181.68,
        "algorthmScore": 132.4
    },
    {
        "case_id": "2942",
        "case_type": "字符串",
        "debugScore": 371.01,
        "firstConsScore": 55.11,
        "algorthmScore": 280.48
    },
    {
        "case_id": "2974",
        "case_type": "字符串",
        "debugScore": 97.32,
        "firstConsScore": 219.62,
        "algorthmScore": 143.31
    },
    {
        "case_id": "2963",
        "case_type": "字符串",
        "debugScore": 122.46,
        "firstConsScore": 292.23,
        "algorthmScore": 302.08
    },
    {
        "case_id": "2984",
        "case_type": "字符串",
        "debugScore": 846.63,
        "firstConsScore": 104.41,
        "algorthmScore": 229.14
    },
    {
        "case_id": "2961",
        "case_type": "字符串",
        "debugScore": 96.64,
        "firstConsScore": 298.22,
        "algorthmScore": 267.93
    },
    {
        "case_id": "2972",
        "case_type": "字符串",
        "debugScore": 109.77,
        "firstConsScore": 292.35,
        "algorthmScore": 273.58
    },
    {
        "case_id": "2981",
        "case_type": "字符串",
        "debugScore": 907.63,
        "firstConsScore": 88.57,
        "algorthmScore": 306.85
    },
    {
        "case_id": "2970",
        "case_type": "字符串",
        "debugScore": 111.67,
        "firstConsScore": 242.88,
        "algorthmScore": 326.07
    },
    {
        "case_id": "2969",
        "case_type": "字符串",
        "debugScore": 595.16,
        "firstConsScore": 74.29,
        "algorthmScore": 300.05
    },
    {
        "case_id": "2979",
        "case_type": "字符串",
        "debugScore": 93.76,
        "firstConsScore": 156.32,
        "algorthmScore": 149.9
    },
    {
        "case_id": "2946",
        "case_type": "字符串",
        "debugScore": 457.47,
        "firstConsScore": 99.65,
        "algorthmScore": 262.04
    },
    {
        "case_id": "2968",
        "case_type": "字符串",
        "debugScore": 107.61,
        "firstConsScore": 264.41,
        "algorthmScore": 241.88
    },
    {
        "case_id": "2957",
        "case_type": "字符串",
        "debugScore": 122.3,
        "firstConsScore": 181.29,
        "algorthmScore": 155.9
    },
    {
        "case_id": "2978",
        "case_type": "字符串",
        "debugScore": 67.14,
        "firstConsScore": 223.31,
        "algorthmScore": 264.98
    },
    {
        "case_id": "2945",
        "case_type": "字符串",
        "debugScore": 459.93,
        "firstConsScore": 86.8,
        "algorthmScore": 311.18
    },
    {
        "case_id": "2956",
        "case_type": "字符串",
        "debugScore": 106.37,
        "firstConsScore": 219.65,
        "algorthmScore": 305.73
    }
]