[
    {
        "case_id": "2694",
        "case_type": "查找算法",
        "debugScore": 106.82,
        "firstConsScore": 310.46,
        "algorthmScore": 285.08
    },
    {
        "case_id": "2570",
        "case_type": "查找算法",
        "debugScore": 106.26,
        "firstConsScore": 324.11,
        "algorthmScore": 297.36
    },
    {
        "case_id": "2701",
        "case_type": "查找算法",
        "debugScore": 98.47,
        "firstConsScore": 274.49,
        "algorthmScore": 313.96
    },
    {
        "case_id": "2745",
        "case_type": "查找算法",
        "debugScore": 103.02,
        "firstConsScore": 206.08,
        "algorthmScore": 296.18
    },
    {
        "case_id": "2711",
        "case_type": "查找算法",
        "debugScore": 109.95,
        "firstConsScore": 193.11,
        "algorthmScore": 149.3
    },
    {
        "case_id": "2567",
        "case_type": "查找算法",
        "debugScore": 124.58,
        "firstConsScore": 279.94,
        "algorthmScore": 284.42
    },
    {
        "case_id": "2720",
        "case_type": "查找算法",
        "debugScore": 95.1,
        "firstConsScore": 327.9,
        "algorthmScore": 290.62
    },
    {
        "case_id": "2729",
        "case_type": "查找算法",
        "debugScore": 69.89,
        "firstConsScore": 299.63,
        "algorthmScore": 326.5
    },
    {
        "case_id": "2718",
        "case_type": "查找算法",
        "debugScore": 392.55,
        "firstConsScore": 462.94,
        "algorthmScore": 231.23
    },
    {
        "case_id": "2707",
        "case_type": "查找算法",
        "debugScore": 82.37,
        "firstConsScore": 297.18,
        "algorthmScore": 369.09
    },
    {
        "case_id": "2706",
        "case_type": "查找算法",
        "debugScore": 98.66,
        "firstConsScore": 320.64,
        "algorthmScore": 307.0
    },
    {
        "case_id": "2717",
        "case_type": "查找算法",
        "debugScore": 89.71,
        "firstConsScore": 222.85,
        "algorthmScore": 208.04
    },
    {
        "case_id": "2606",
        "case_type": "查找算法",
        "debugScore": 70.86,
        "firstConsScore": 289.77,
        "algorthmScore": 217.94
    },
    {
        "case_id": "2639",
        "case_type": "查找算法",
        "debugScore": 962.82,
        "firstConsScore": 171.09,
        "algorthmScore": 152.04
    },
    {
        "case_id": "2705",
        "case_type": "查找算法",
        "debugScore": 86.41,
        "firstConsScore": 178.83,
        "algorthmScore": 299.41
    },
    {
        "case_id": "2716",
        "case_type": "查找算法",
        "debugScore": 697.48,
        "firstConsScore": 56.38,
        "algorthmScore": 244.7
    },
    {
        "case_id": "2737",
        "case_type": "查找算法",
        "debugScore": 77.12,
        "firstConsScore": 275.15,
        "algorthmScore": 246.23
    },
    {
        "case_id": "2726",
        "case_type": "查找算法",
        "debugScore": 101.13,
        "firstConsScore": 429.92,
        "algorthmScore": 355.89
    },
    {
        "case_id": "2715",
        "case_type": "查找算法",
        "debugScore": 169.82,
        "firstConsScore": 162.62,
        "algorthmScore": 222.91
    },
    {
        "case_id": "2703",
        "case_type": "查找算法",
        "debugScore": 92.62,
        "firstConsScore": 222.96,
        "algorthmScore": 242.92
    }
]