[
    {
        "case_id": "2525",
        "case_type": "排序算法",
        "debugScore": 1057.39,
        "firstConsScore": 279.28,
        "algorthmScore": 236.15
    },
    {
        "case_id": "2523",
        "case_type": "排序算法",
        "debugScore": 90.36,
        "firstConsScore": 249.54,
        "algorthmScore": 191.63
    },
    {
        "case_id": "2521",
        "case_type": "排序算法",
        "debugScore": 93.94,
        "firstConsScore": 269.25,
        "algorthmScore": 117.55
    },
    {
        "case_id": "2532",
        "case_type": "排序算法",
        "debugScore": 90.95,
        "firstConsScore": 314.31,
        "algorthmScore": 216.99
    },
    {
        "case_id": "2531",
        "case_type": "排序算法",
        "debugScore": 778.91,
        "firstConsScore": 170.97,
        "algorthmScore": 194.37
    },
    {
        "case_id": "2530",
        "case_type": "排序算法",
        "debugScore": 1080.2,
        "firstConsScore": 212.58,
        "algorthmScore": 278.09
    },
    {
        "case_id": "2497",
        "case_type": "排序算法",
        "debugScore": 82.11,
        "firstConsScore": 305.2,
        "algorthmScore": 252.9
    },
    {
        "case_id": "2519",
        "case_type": "排序算法",
        "debugScore": 78.91,
        "firstConsScore": 255.8,
        "algorthmScore": 127.82
    },
    {
        "case_id": "2529",
        "case_type": "排序算法",
        "debugScore": 853.99,
        "firstConsScore": 196.07,
        "algorthmScore": 222.7
    },
    {
        "case_id": "2528",
        "case_type": "排序算法",
        "debugScore": 814.06,
        "firstConsScore": 143.99,
        "algorthmScore": 161.76
    },
    {
        "case_id": "2527",
        "case_type": "排序算法",
        "debugScore": 92.8,
        "firstConsScore": 341.22,
        "algorthmScore": 257.51
    }
]