[
    {
        "case_id": "2954",
        "case_type": "字符串",
        "debugScore": 199.26,
        "firstConsScore": 151.94,
        "algorthmScore": 231.88
    },
    {
        "case_id": "2975",
        "case_type": "字符串",
        "debugScore": 82.68,
        "firstConsScore": 322.18,
        "algorthmScore": 291.15
    },
    {
        "case_id": "2942",
        "case_type": "字符串",
        "debugScore": 80.71,
        "firstConsScore": 362.52,
        "algorthmScore": 263.06
    },
    {
        "case_id": "2963",
        "case_type": "字符串",
        "debugScore": 518.49,
        "firstConsScore": 123.98,
        "algorthmScore": 307.72
    },
    {
        "case_id": "2974",
        "case_type": "字符串",
        "debugScore": 97.32,
        "firstConsScore": 209.89,
        "algorthmScore": 222.4
    },
    {
        "case_id": "2984",
        "case_type": "字符串",
        "debugScore": 92.47,
        "firstConsScore": 211.86,
        "algorthmScore": 295.47
    },
    {
        "case_id": "2961",
        "case_type": "字符串",
        "debugScore": 96.64,
        "firstConsScore": 283.68,
        "algorthmScore": 135.72
    },
    {
        "case_id": "2972",
        "case_type": "字符串",
        "debugScore": 98.65,
        "firstConsScore": 229.05,
        "algorthmScore": 237.65
    },
    {
        "case_id": "2981",
        "case_type": "字符串",
        "debugScore": 90.21,
        "firstConsScore": 251.52,
        "algorthmScore": 294.8
    },
    {
        "case_id": "2979",
        "case_type": "字符串",
        "debugScore": 93.76,
        "firstConsScore": 157.41,
        "algorthmScore": 250.38
    },
    {
        "case_id": "2946",
        "case_type": "字符串",
        "debugScore": 81.27,
        "firstConsScore": 283.85,
        "algorthmScore": 287.53
    },
    {
        "case_id": "2968",
        "case_type": "字符串",
        "debugScore": 368.23,
        "firstConsScore": 181.7,
        "algorthmScore": 221.87
    },
    {
        "case_id": "2957",
        "case_type": "字符串",
        "debugScore": 122.3,
        "firstConsScore": 203.61,
        "algorthmScore": 369.74
    },
    {
        "case_id": "2978",
        "case_type": "字符串",
        "debugScore": 278.03,
        "firstConsScore": 138.74,
        "algorthmScore": 210.43
    },
    {
        "case_id": "2945",
        "case_type": "字符串",
        "debugScore": 82.75,
        "firstConsScore": 283.17,
        "algorthmScore": 219.63
    },
    {
        "case_id": "2956",
        "case_type": "字符串",
        "debugScore": 106.37,
        "firstConsScore": 255.33,
        "algorthmScore": 268.78
    }
]