[
    {
        "case_id": "2525",
        "case_type": "排序算法",
        "debugScore": 1080.42,
        "firstConsScore": 247.99,
        "algorthmScore": 252.65
    },
    {
        "case_id": "2523",
        "case_type": "排序算法",
        "debugScore": 90.36,
        "firstConsScore": 312.76,
        "algorthmScore": 232.4
    },
    {
        "case_id": "2521",
        "case_type": "排序算法",
        "debugScore": 93.94,
        "firstConsScore": 282.77,
        "algorthmScore": 187.11
    },
    {
        "case_id": "2532",
        "case_type": "排序算法",
        "debugScore": 383.45,
        "firstConsScore": 275.1,
        "algorthmScore": 97.52
    },
    {
        "case_id": "2531",
        "case_type": "排序算法",
        "debugScore": 79.16,
        "firstConsScore": 284.5,
        "algorthmScore": 285.34
    },
    {
        "case_id": "2530",
        "case_type": "排序算法",
        "debugScore": 72.8,
        "firstConsScore": 249.31,
        "algorthmScore": 243.4
    },
    {
        "case_id": "2497",
        "case_type": "排序算法",
        "debugScore": 82.11,
        "firstConsScore": 283.12,
        "algorthmScore": 131.65
    },
    {
        "case_id": "2519",
        "case_type": "排序算法",
        "debugScore": 193.71,
        "firstConsScore": 271.27,
        "algorthmScore": 271.02
    },
    {
        "case_id": "2529",
        "case_type": "排序算法",
        "debugScore": 833.73,
        "firstConsScore": 200.9,
        "algorthmScore": 246.6
    },
    {
        "case_id": "2528",
        "case_type": "排序算法",
        "debugScore": 783.44,
        "firstConsScore": 165.63,
        "algorthmScore": 241.16
    },
    {
        "case_id": "2527",
        "case_type": "排序算法",
        "debugScore": 724.8,
        "firstConsScore": 208.9,
        "algorthmScore": 214.8
    }
]