[
    {
        "case_id": "2536",
        "case_type": "图结构",
        "debugScore": 115.41,
        "firstConsScore": 214.94,
        "algorthmScore": 318.55
    },
    {
        "case_id": "2316",
        "case_type": "图结构",
        "debugScore": 570.25,
        "firstConsScore": 139.8,
        "algorthmScore": 375.23
    },
    {
        "case_id": "2348",
        "case_type": "图结构",
        "debugScore": 125.51,
        "firstConsScore": 215.19,
        "algorthmScore": 299.75
    },
    {
        "case_id": "2347",
        "case_type": "图结构",
        "debugScore": 149.21,
        "firstConsScore": 347.2,
        "algorthmScore": 304.01
    },
    {
        "case_id": "2444",
        "case_type": "图结构",
        "debugScore": 288.11,
        "firstConsScore": 335.17,
        "algorthmScore": 161.69
    },
    {
        "case_id": "2235",
        "case_type": "图结构",
        "debugScore": 525.0,
        "firstConsScore": 115.08,
        "algorthmScore": 378.84
    },
    {
        "case_id": "2354",
        "case_type": "图结构",
        "debugScore": 650.04,
        "firstConsScore": 501.48,
        "algorthmScore": 312.37
    },
    {
        "case_id": "2343",
        "case_type": "图结构",
        "debugScore": 159.91,
        "firstConsScore": 401.26,
        "algorthmScore": 325.86
    },
    {
        "case_id": "2331",
        "case_type": "图结构",
        "debugScore": 863.82,
        "firstConsScore": 357.92,
        "algorthmScore": 323.56
    },
    {
        "case_id": "2704",
        "case_type": "图结构",
        "debugScore": 855.25,
        "firstConsScore": 224.61,
        "algorthmScore": 310.88
    }
]