[
    {
        "case_id": "2870",
        "case_type": "数组",
        "debugScore": 102.62,
        "firstConsScore": 246.78,
        "algorthmScore": 218.68
    },
    {
        "case_id": "2374",
        "case_type": "数组",
        "debugScore": 468.15,
        "firstConsScore": 43.98,
        "algorthmScore": 261.06
    },
    {
        "case_id": "2393",
        "case_type": "数组",
        "debugScore": 98.88,
        "firstConsScore": 169.0,
        "algorthmScore": 269.78
    },
    {
        "case_id": "2470",
        "case_type": "数组",
        "debugScore": 83.34,
        "firstConsScore": 296.64,
        "algorthmScore": 260.22
    },
    {
        "case_id": "2867",
        "case_type": "数组",
        "debugScore": 79.5,
        "firstConsScore": 271.76,
        "algorthmScore": 254.37
    },
    {
        "case_id": "2845",
        "case_type": "数组",
        "debugScore": 263.76,
        "firstConsScore": 241.04,
        "algorthmScore": 220.36
    },
    {
        "case_id": "2823",
        "case_type": "数组",
        "debugScore": 111.08,
        "firstConsScore": 299.25,
        "algorthmScore": 265.08
    },
    {
        "case_id": "2844",
        "case_type": "数组",
        "debugScore": 417.87,
        "firstConsScore": 217.35,
        "algorthmScore": 236.9
    },
    {
        "case_id": "2866",
        "case_type": "数组",
        "debugScore": 82.82,
        "firstConsScore": 182.7,
        "algorthmScore": 171.15
    },
    {
        "case_id": "2865",
        "case_type": "数组",
        "debugScore": 75.41,
        "firstConsScore": 285.9,
        "algorthmScore": 234.19
    },
    {
        "case_id": "2843",
        "case_type": "数组",
        "debugScore": 77.99,
        "firstConsScore": 294.38,
        "algorthmScore": 230.08
    },
    {
        "case_id": "2469",
        "case_type": "数组",
        "debugScore": 103.45,
        "firstConsScore": 234.84,
        "algorthmScore": 311.08
    },
    {
        "case_id": "2842",
        "case_type": "数组",
        "debugScore": 108.29,
        "firstConsScore": 235.64,
        "algorthmScore": 172.5
    },
    {
        "case_id": "2864",
        "case_type": "数组",
        "debugScore": 114.6,
        "firstConsScore": 145.65,
        "algorthmScore": 205.29
    },
    {
        "case_id": "2863",
        "case_type": "数组",
        "debugScore": 84.28,
        "firstConsScore": 210.17,
        "algorthmScore": 171.27
    },
    {
        "case_id": "2840",
        "case_type": "数组",
        "debugScore": 80.88,
        "firstConsScore": 226.41,
        "algorthmScore": 190.7
    },
    {
        "case_id": "2861",
        "case_type": "数组",
        "debugScore": 79.57,
        "firstConsScore": 173.99,
        "algorthmScore": 253.78
    },
    {
        "case_id": "2849",
        "case_type": "数组",
        "debugScore": 90.72,
        "firstConsScore": 221.17,
        "algorthmScore": 220.64
    },
    {
        "case_id": "2848",
        "case_type": "数组",
        "debugScore": 85.23,
        "firstConsScore": 209.26,
        "algorthmScore": 198.97
    },
    {
        "case_id": "2824",
        "case_type": "数组",
        "debugScore": 89.12,
        "firstConsScore": 160.56,
        "algorthmScore": 153.32
    },
    {
        "case_id": "2868",
        "case_type": "数组",
        "debugScore": 88.1,
        "firstConsScore": 186.67,
        "algorthmScore": 240.16
    },
    {
        "case_id": "2384",
        "case_type": "数组",
        "debugScore": 97.01,
        "firstConsScore": 214.3,
        "algorthmScore": 258.89
    },
    {
        "case_id": "2834",
        "case_type": "数组",
        "debugScore": 82.17,
        "firstConsScore": 142.33,
        "algorthmScore": 145.91
    },
    {
        "case_id": "2877",
        "case_type": "数组",
        "debugScore": 81.19,
        "firstConsScore": 298.14,
        "algorthmScore": 279.49
    },
    {
        "case_id": "2855",
        "case_type": "数组",
        "debugScore": 79.92,
        "firstConsScore": 209.64,
        "algorthmScore": 225.49
    },
    {
        "case_id": "2854",
        "case_type": "数组",
        "debugScore": 88.3,
        "firstConsScore": 203.1,
        "algorthmScore": 234.15
    },
    {
        "case_id": "2832",
        "case_type": "数组",
        "debugScore": 84.17,
        "firstConsScore": 282.37,
        "algorthmScore": 239.68
    },
    {
        "case_id": "2875",
        "case_type": "数组",
        "debugScore": 74.56,
        "firstConsScore": 335.49,
        "algorthmScore": 370.44
    },
    {
        "case_id": "2831",
        "case_type": "数组",
        "debugScore": 89.78,
        "firstConsScore": 233.51,
        "algorthmScore": 208.8
    },
    {
        "case_id": "2853",
        "case_type": "数组",
        "debugScore": 106.45,
        "firstConsScore": 161.8,
        "algorthmScore": 174.67
    },
    {
        "case_id": "2830",
        "case_type": "数组",
        "debugScore": 84.13,
        "firstConsScore": 150.05,
        "algorthmScore": 130.53
    },
    {
        "case_id": "2852",
        "case_type": "数组",
        "debugScore": 92.08,
        "firstConsScore": 200.19,
        "algorthmScore": 253.81
    },
    {
        "case_id": "2873",
        "case_type": "数组",
        "debugScore": 81.47,
        "firstConsScore": 315.28,
        "algorthmScore": 276.94
    },
    {
        "case_id": "2851",
        "case_type": "数组",
        "debugScore": 96.63,
        "firstConsScore": 150.85,
        "algorthmScore": 153.03
    },
    {
        "case_id": "2872",
        "case_type": "数组",
        "debugScore": 86.13,
        "firstConsScore": 299.05,
        "algorthmScore": 259.5
    },
    {
        "case_id": "2850",
        "case_type": "数组",
        "debugScore": 84.73,
        "firstConsScore": 126.06,
        "algorthmScore": 242.39
    },
    {
        "case_id": "2819",
        "case_type": "数组",
        "debugScore": 109.67,
        "firstConsScore": 197.2,
        "algorthmScore": 320.07
    },
    {
        "case_id": "2838",
        "case_type": "数组",
        "debugScore": 77.66,
        "firstConsScore": 305.84,
        "algorthmScore": 238.74
    },
    {
        "case_id": "2859",
        "case_type": "数组",
        "debugScore": 83.97,
        "firstConsScore": 293.59,
        "algorthmScore": 324.21
    },
    {
        "case_id": "2837",
        "case_type": "数组",
        "debugScore": 79.15,
        "firstConsScore": 273.2,
        "algorthmScore": 223.51
    },
    {
        "case_id": "2815",
        "case_type": "数组",
        "debugScore": 82.82,
        "firstConsScore": 163.57,
        "algorthmScore": 275.55
    },
    {
        "case_id": "2836",
        "case_type": "数组",
        "debugScore": 97.01,
        "firstConsScore": 246.47,
        "algorthmScore": 211.18
    },
    {
        "case_id": "2858",
        "case_type": "数组",
        "debugScore": 118.89,
        "firstConsScore": 166.05,
        "algorthmScore": 175.78
    },
    {
        "case_id": "2835",
        "case_type": "数组",
        "debugScore": 118.05,
        "firstConsScore": 233.57,
        "algorthmScore": 166.66
    },
    {
        "case_id": "2857",
        "case_type": "数组",
        "debugScore": 145.1,
        "firstConsScore": 464.95,
        "algorthmScore": 274.94
    }
]