[
    {
        "case_id": "2305",
        "case_type": "图结构",
        "debugScore": 1014.77,
        "firstConsScore": 249.92,
        "algorthmScore": 217.64
    },
    {
        "case_id": "2316",
        "case_type": "图结构",
        "debugScore": 552.42,
        "firstConsScore": 180.64,
        "algorthmScore": 349.77
    },
    {
        "case_id": "2536",
        "case_type": "图结构",
        "debugScore": 837.03,
        "firstConsScore": 123.45,
        "algorthmScore": 300.71
    },
    {
        "case_id": "2348",
        "case_type": "图结构",
        "debugScore": 876.32,
        "firstConsScore": 245.25,
        "algorthmScore": 280.96
    },
    {
        "case_id": "2347",
        "case_type": "图结构",
        "debugScore": 704.3,
        "firstConsScore": 186.65,
        "algorthmScore": 337.69
    },
    {
        "case_id": "2444",
        "case_type": "图结构",
        "debugScore": 845.05,
        "firstConsScore": 178.68,
        "algorthmScore": 210.09
    },
    {
        "case_id": "2235",
        "case_type": "图结构",
        "debugScore": 697.74,
        "firstConsScore": 141.94,
        "algorthmScore": 383.21
    },
    {
        "case_id": "2343",
        "case_type": "图结构",
        "debugScore": 159.91,
        "firstConsScore": 219.0,
        "algorthmScore": 339.23
    },
    {
        "case_id": "2354",
        "case_type": "图结构",
        "debugScore": 1121.4,
        "firstConsScore": 190.61,
        "algorthmScore": 356.68
    },
    {
        "case_id": "2331",
        "case_type": "图结构",
        "debugScore": 130.47,
        "firstConsScore": 188.17,
        "algorthmScore": 311.06
    },
    {
        "case_id": "2352",
        "case_type": "图结构",
        "debugScore": 1142.86,
        "firstConsScore": 198.28,
        "algorthmScore": 381.44
    },
    {
        "case_id": "2704",
        "case_type": "图结构",
        "debugScore": 115.53,
        "firstConsScore": 310.05,
        "algorthmScore": 273.36
    }
]