[
    {
        "case_id": "2525",
        "case_type": "排序算法",
        "debugScore": 85.29,
        "firstConsScore": 262.98,
        "algorthmScore": 323.44
    },
    {
        "case_id": "2523",
        "case_type": "排序算法",
        "debugScore": 771.58,
        "firstConsScore": 179.18,
        "algorthmScore": 349.42
    },
    {
        "case_id": "2521",
        "case_type": "排序算法",
        "debugScore": 667.75,
        "firstConsScore": 139.22,
        "algorthmScore": 191.52
    },
    {
        "case_id": "2532",
        "case_type": "排序算法",
        "debugScore": 744.25,
        "firstConsScore": 125.29,
        "algorthmScore": 325.01
    },
    {
        "case_id": "2531",
        "case_type": "排序算法",
        "debugScore": 69.8,
        "firstConsScore": 249.29,
        "algorthmScore": 287.97
    },
    {
        "case_id": "2530",
        "case_type": "排序算法",
        "debugScore": 72.8,
        "firstConsScore": 231.18,
        "algorthmScore": 241.26
    },
    {
        "case_id": "2497",
        "case_type": "排序算法",
        "debugScore": 850.78,
        "firstConsScore": 127.16,
        "algorthmScore": 313.69
    },
    {
        "case_id": "2519",
        "case_type": "排序算法",
        "debugScore": 78.91,
        "firstConsScore": 227.29,
        "algorthmScore": 189.93
    },
    {
        "case_id": "2529",
        "case_type": "排序算法",
        "debugScore": 80.16,
        "firstConsScore": 226.48,
        "algorthmScore": 263.31
    },
    {
        "case_id": "2528",
        "case_type": "排序算法",
        "debugScore": 756.7,
        "firstConsScore": 122.9,
        "algorthmScore": 248.67
    }
]