[
    {
        "case_id": "2694",
        "case_type": "查找算法",
        "debugScore": 106.82,
        "firstConsScore": 232.63,
        "algorthmScore": 305.21
    },
    {
        "case_id": "2570",
        "case_type": "查找算法",
        "debugScore": 106.26,
        "firstConsScore": 231.8,
        "algorthmScore": 281.74
    },
    {
        "case_id": "2701",
        "case_type": "查找算法",
        "debugScore": 98.47,
        "firstConsScore": 191.83,
        "algorthmScore": 197.96
    },
    {
        "case_id": "2745",
        "case_type": "查找算法",
        "debugScore": 95.32,
        "firstConsScore": 241.29,
        "algorthmScore": 291.37
    },
    {
        "case_id": "2711",
        "case_type": "查找算法",
        "debugScore": 109.95,
        "firstConsScore": 272.75,
        "algorthmScore": 366.31
    },
    {
        "case_id": "2567",
        "case_type": "查找算法",
        "debugScore": 124.58,
        "firstConsScore": 274.6,
        "algorthmScore": 289.31
    },
    {
        "case_id": "2720",
        "case_type": "查找算法",
        "debugScore": 95.1,
        "firstConsScore": 218.62,
        "algorthmScore": 247.81
    },
    {
        "case_id": "2729",
        "case_type": "查找算法",
        "debugScore": 76.48,
        "firstConsScore": 286.08,
        "algorthmScore": 273.02
    },
    {
        "case_id": "2707",
        "case_type": "查找算法",
        "debugScore": 541.86,
        "firstConsScore": 237.95,
        "algorthmScore": 163.39
    },
    {
        "case_id": "2718",
        "case_type": "查找算法",
        "debugScore": 401.7,
        "firstConsScore": 167.15,
        "algorthmScore": 159.83
    },
    {
        "case_id": "2706",
        "case_type": "查找算法",
        "debugScore": 98.66,
        "firstConsScore": 299.19,
        "algorthmScore": 288.26
    },
    {
        "case_id": "2717",
        "case_type": "查找算法",
        "debugScore": 89.71,
        "firstConsScore": 227.07,
        "algorthmScore": 168.11
    },
    {
        "case_id": "2606",
        "case_type": "查找算法",
        "debugScore": 388.06,
        "firstConsScore": 193.85,
        "algorthmScore": 169.99
    },
    {
        "case_id": "2639",
        "case_type": "查找算法",
        "debugScore": 80.58,
        "firstConsScore": 365.72,
        "algorthmScore": 237.77
    },
    {
        "case_id": "2705",
        "case_type": "查找算法",
        "debugScore": 86.41,
        "firstConsScore": 228.19,
        "algorthmScore": 302.23
    },
    {
        "case_id": "2716",
        "case_type": "查找算法",
        "debugScore": 130.92,
        "firstConsScore": 302.21,
        "algorthmScore": 309.69
    },
    {
        "case_id": "2737",
        "case_type": "查找算法",
        "debugScore": 77.12,
        "firstConsScore": 194.99,
        "algorthmScore": 202.51
    },
    {
        "case_id": "2715",
        "case_type": "查找算法",
        "debugScore": 169.82,
        "firstConsScore": 333.22,
        "algorthmScore": 246.55
    },
    {
        "case_id": "2726",
        "case_type": "查找算法",
        "debugScore": 101.13,
        "firstConsScore": 213.48,
        "algorthmScore": 187.46
    },
    {
        "case_id": "2703",
        "case_type": "查找算法",
        "debugScore": 92.62,
        "firstConsScore": 342.62,
        "algorthmScore": 269.35
    }
]