[
    {
        "case_id": "2092",
        "case_type": "数字操作",
        "debugScore": 121.66,
        "firstConsScore": 331.56,
        "algorthmScore": 202.68
    },
    {
        "case_id": "2363",
        "case_type": "数字操作",
        "debugScore": 86.27,
        "firstConsScore": 223.52,
        "algorthmScore": 271.74
    },
    {
        "case_id": "2250",
        "case_type": "数字操作",
        "debugScore": 91.5,
        "firstConsScore": 248.12,
        "algorthmScore": 258.49
    },
    {
        "case_id": "2403",
        "case_type": "数字操作",
        "debugScore": 97.27,
        "firstConsScore": 216.62,
        "algorthmScore": 238.27
    },
    {
        "case_id": "2411",
        "case_type": "数字操作",
        "debugScore": 74.09,
        "firstConsScore": 230.85,
        "algorthmScore": 257.27
    },
    {
        "case_id": "2421",
        "case_type": "数字操作",
        "debugScore": 77.62,
        "firstConsScore": 211.74,
        "algorthmScore": 245.34
    },
    {
        "case_id": "2377",
        "case_type": "数字操作",
        "debugScore": 66.45,
        "firstConsScore": 230.96,
        "algorthmScore": 227.41
    },
    {
        "case_id": "2420",
        "case_type": "数字操作",
        "debugScore": 68.03,
        "firstConsScore": 191.46,
        "algorthmScore": 151.02
    },
    {
        "case_id": "2442",
        "case_type": "数字操作",
        "debugScore": 519.29,
        "firstConsScore": 185.27,
        "algorthmScore": 202.33
    },
    {
        "case_id": "2409",
        "case_type": "数字操作",
        "debugScore": 73.83,
        "firstConsScore": 254.7,
        "algorthmScore": 181.2
    },
    {
        "case_id": "2408",
        "case_type": "数字操作",
        "debugScore": 76.42,
        "firstConsScore": 198.34,
        "algorthmScore": 273.82
    },
    {
        "case_id": "2419",
        "case_type": "数字操作",
        "debugScore": 75.29,
        "firstConsScore": 212.43,
        "algorthmScore": 166.68
    },
    {
        "case_id": "2518",
        "case_type": "数字操作",
        "debugScore": 166.97,
        "firstConsScore": 213.49,
        "algorthmScore": 207.09
    },
    {
        "case_id": "2407",
        "case_type": "数字操作",
        "debugScore": 76.67,
        "firstConsScore": 193.07,
        "algorthmScore": 153.63
    }
]