[
    {
        "case_id": "2870",
        "case_type": "数组",
        "debugScore": 102.62,
        "firstConsScore": 275.95,
        "algorthmScore": 234.03
    },
    {
        "case_id": "2374",
        "case_type": "数组",
        "debugScore": 92.51,
        "firstConsScore": 437.31,
        "algorthmScore": 290.75
    },
    {
        "case_id": "2393",
        "case_type": "数组",
        "debugScore": 98.88,
        "firstConsScore": 385.59,
        "algorthmScore": 310.59
    },
    {
        "case_id": "2470",
        "case_type": "数组",
        "debugScore": 83.34,
        "firstConsScore": 381.43,
        "algorthmScore": 245.48
    },
    {
        "case_id": "2867",
        "case_type": "数组",
        "debugScore": 79.5,
        "firstConsScore": 203.15,
        "algorthmScore": 124.45
    },
    {
        "case_id": "2845",
        "case_type": "数组",
        "debugScore": 160.64,
        "firstConsScore": 314.73,
        "algorthmScore": 265.78
    },
    {
        "case_id": "2823",
        "case_type": "数组",
        "debugScore": 111.08,
        "firstConsScore": 463.85,
        "algorthmScore": 287.42
    },
    {
        "case_id": "2844",
        "case_type": "数组",
        "debugScore": 111.52,
        "firstConsScore": 340.89,
        "algorthmScore": 290.34
    },
    {
        "case_id": "2866",
        "case_type": "数组",
        "debugScore": 82.82,
        "firstConsScore": 392.96,
        "algorthmScore": 283.95
    },
    {
        "case_id": "2865",
        "case_type": "数组",
        "debugScore": 75.41,
        "firstConsScore": 279.68,
        "algorthmScore": 250.57
    },
    {
        "case_id": "2843",
        "case_type": "数组",
        "debugScore": 77.99,
        "firstConsScore": 329.77,
        "algorthmScore": 243.07
    },
    {
        "case_id": "2469",
        "case_type": "数组",
        "debugScore": 103.45,
        "firstConsScore": 346.34,
        "algorthmScore": 318.36
    },
    {
        "case_id": "2842",
        "case_type": "数组",
        "debugScore": 108.29,
        "firstConsScore": 381.58,
        "algorthmScore": 322.49
    },
    {
        "case_id": "2864",
        "case_type": "数组",
        "debugScore": 114.6,
        "firstConsScore": 285.01,
        "algorthmScore": 294.92
    },
    {
        "case_id": "2863",
        "case_type": "数组",
        "debugScore": 84.28,
        "firstConsScore": 292.52,
        "algorthmScore": 277.83
    },
    {
        "case_id": "2840",
        "case_type": "数组",
        "debugScore": 80.88,
        "firstConsScore": 285.11,
        "algorthmScore": 248.14
    },
    {
        "case_id": "2861",
        "case_type": "数组",
        "debugScore": 79.57,
        "firstConsScore": 357.83,
        "algorthmScore": 294.24
    },
    {
        "case_id": "2849",
        "case_type": "数组",
        "debugScore": 90.72,
        "firstConsScore": 237.38,
        "algorthmScore": 222.76
    },
    {
        "case_id": "2848",
        "case_type": "数组",
        "debugScore": 85.23,
        "firstConsScore": 301.2,
        "algorthmScore": 268.47
    },
    {
        "case_id": "2868",
        "case_type": "数组",
        "debugScore": 88.1,
        "firstConsScore": 376.23,
        "algorthmScore": 254.99
    },
    {
        "case_id": "2824",
        "case_type": "数组",
        "debugScore": 89.12,
        "firstConsScore": 336.12,
        "algorthmScore": 298.34
    },
    {
        "case_id": "2384",
        "case_type": "数组",
        "debugScore": 97.01,
        "firstConsScore": 364.7,
        "algorthmScore": 324.86
    },
    {
        "case_id": "2834",
        "case_type": "数组",
        "debugScore": 82.17,
        "firstConsScore": 327.41,
        "algorthmScore": 276.74
    },
    {
        "case_id": "2877",
        "case_type": "数组",
        "debugScore": 81.19,
        "firstConsScore": 295.67,
        "algorthmScore": 258.96
    },
    {
        "case_id": "2855",
        "case_type": "数组",
        "debugScore": 789.03,
        "firstConsScore": 204.96,
        "algorthmScore": 274.26
    },
    {
        "case_id": "2854",
        "case_type": "数组",
        "debugScore": 127.07,
        "firstConsScore": 303.5,
        "algorthmScore": 288.38
    },
    {
        "case_id": "2832",
        "case_type": "数组",
        "debugScore": 84.17,
        "firstConsScore": 289.38,
        "algorthmScore": 222.07
    },
    {
        "case_id": "2875",
        "case_type": "数组",
        "debugScore": 74.56,
        "firstConsScore": 249.18,
        "algorthmScore": 177.6
    },
    {
        "case_id": "2831",
        "case_type": "数组",
        "debugScore": 89.78,
        "firstConsScore": 287.11,
        "algorthmScore": 265.09
    },
    {
        "case_id": "2853",
        "case_type": "数组",
        "debugScore": 106.45,
        "firstConsScore": 321.99,
        "algorthmScore": 239.2
    },
    {
        "case_id": "2830",
        "case_type": "数组",
        "debugScore": 84.13,
        "firstConsScore": 325.8,
        "algorthmScore": 247.77
    },
    {
        "case_id": "2852",
        "case_type": "数组",
        "debugScore": 92.08,
        "firstConsScore": 355.69,
        "algorthmScore": 262.72
    },
    {
        "case_id": "2873",
        "case_type": "数组",
        "debugScore": 81.47,
        "firstConsScore": 319.03,
        "algorthmScore": 251.49
    },
    {
        "case_id": "2851",
        "case_type": "数组",
        "debugScore": 96.63,
        "firstConsScore": 344.76,
        "algorthmScore": 328.88
    },
    {
        "case_id": "2872",
        "case_type": "数组",
        "debugScore": 869.4,
        "firstConsScore": 180.92,
        "algorthmScore": 262.13
    },
    {
        "case_id": "2850",
        "case_type": "数组",
        "debugScore": 84.73,
        "firstConsScore": 363.03,
        "algorthmScore": 291.71
    },
    {
        "case_id": "2819",
        "case_type": "数组",
        "debugScore": 109.67,
        "firstConsScore": 312.58,
        "algorthmScore": 303.54
    },
    {
        "case_id": "2838",
        "case_type": "数组",
        "debugScore": 77.66,
        "firstConsScore": 206.85,
        "algorthmScore": 251.19
    },
    {
        "case_id": "2859",
        "case_type": "数组",
        "debugScore": 83.97,
        "firstConsScore": 271.2,
        "algorthmScore": 189.65
    },
    {
        "case_id": "2837",
        "case_type": "数组",
        "debugScore": 79.15,
        "firstConsScore": 303.06,
        "algorthmScore": 254.26
    },
    {
        "case_id": "2815",
        "case_type": "数组",
        "debugScore": 82.82,
        "firstConsScore": 309.32,
        "algorthmScore": 260.75
    },
    {
        "case_id": "2836",
        "case_type": "数组",
        "debugScore": 164.78,
        "firstConsScore": 289.45,
        "algorthmScore": 251.17
    },
    {
        "case_id": "2858",
        "case_type": "数组",
        "debugScore": 118.89,
        "firstConsScore": 306.53,
        "algorthmScore": 225.68
    },
    {
        "case_id": "2835",
        "case_type": "数组",
        "debugScore": 90.2,
        "firstConsScore": 325.58,
        "algorthmScore": 279.06
    },
    {
        "case_id": "2857",
        "case_type": "数组",
        "debugScore": 355.64,
        "firstConsScore": 169.35,
        "algorthmScore": 291.42
    }
]