[
    {
        "case_id": "2305",
        "case_type": "图结构",
        "debugScore": 151.47,
        "firstConsScore": 229.64,
        "algorthmScore": 287.53
    },
    {
        "case_id": "2316",
        "case_type": "图结构",
        "debugScore": 161.56,
        "firstConsScore": 143.53,
        "algorthmScore": 272.01
    },
    {
        "case_id": "2444",
        "case_type": "图结构",
        "debugScore": 99.71,
        "firstConsScore": 219.03,
        "algorthmScore": 369.16
    },
    {
        "case_id": "2235",
        "case_type": "图结构",
        "debugScore": 528.83,
        "firstConsScore": 117.24,
        "algorthmScore": 393.7
    },
    {
        "case_id": "2343",
        "case_type": "图结构",
        "debugScore": 159.91,
        "firstConsScore": 164.01,
        "algorthmScore": 339.23
    },
    {
        "case_id": "2354",
        "case_type": "图结构",
        "debugScore": 107.53,
        "firstConsScore": 131.01,
        "algorthmScore": 244.82
    },
    {
        "case_id": "2331",
        "case_type": "图结构",
        "debugScore": 130.47,
        "firstConsScore": 231.59,
        "algorthmScore": 344.8
    },
    {
        "case_id": "2352",
        "case_type": "图结构",
        "debugScore": 125.91,
        "firstConsScore": 192.36,
        "algorthmScore": 300.53
    },
    {
        "case_id": "2704",
        "case_type": "图结构",
        "debugScore": 115.53,
        "firstConsScore": 177.1,
        "algorthmScore": 273.27
    }
]