[
    {
        "case_id": "2650",
        "case_type": "树结构",
        "debugScore": 103.37,
        "firstConsScore": 178.37,
        "algorthmScore": 285.76
    },
    {
        "case_id": "2353",
        "case_type": "树结构",
        "debugScore": 722.79,
        "firstConsScore": 29.55,
        "algorthmScore": 159.19
    },
    {
        "case_id": "2397",
        "case_type": "树结构",
        "debugScore": 135.7,
        "firstConsScore": 237.02,
        "algorthmScore": 289.57
    },
    {
        "case_id": "2524",
        "case_type": "树结构",
        "debugScore": 405.81,
        "firstConsScore": 121.75,
        "algorthmScore": 215.86
    },
    {
        "case_id": "2600",
        "case_type": "树结构",
        "debugScore": 114.11,
        "firstConsScore": 177.45,
        "algorthmScore": 230.32
    },
    {
        "case_id": "2400",
        "case_type": "树结构",
        "debugScore": 133.94,
        "firstConsScore": 262.86,
        "algorthmScore": 381.03
    },
    {
        "case_id": "2509",
        "case_type": "树结构",
        "debugScore": 89.65,
        "firstConsScore": 144.72,
        "algorthmScore": 270.85
    },
    {
        "case_id": "2605",
        "case_type": "树结构",
        "debugScore": 86.96,
        "firstConsScore": 204.63,
        "algorthmScore": 243.03
    },
    {
        "case_id": "2549",
        "case_type": "树结构",
        "debugScore": 95.72,
        "firstConsScore": 159.88,
        "algorthmScore": 295.33
    },
    {
        "case_id": "2648",
        "case_type": "树结构",
        "debugScore": 186.12,
        "firstConsScore": 178.33,
        "algorthmScore": 129.7
    },
    {
        "case_id": "2540",
        "case_type": "树结构",
        "debugScore": 139.08,
        "firstConsScore": 246.69,
        "algorthmScore": 370.88
    },
    {
        "case_id": "2660",
        "case_type": "树结构",
        "debugScore": 107.68,
        "firstConsScore": 166.66,
        "algorthmScore": 314.51
    },
    {
        "case_id": "2382",
        "case_type": "树结构",
        "debugScore": 94.56,
        "firstConsScore": 184.39,
        "algorthmScore": 285.5
    },
    {
        "case_id": "2416",
        "case_type": "树结构",
        "debugScore": 136.26,
        "firstConsScore": 183.17,
        "algorthmScore": 244.43
    },
    {
        "case_id": "2636",
        "case_type": "树结构",
        "debugScore": 109.29,
        "firstConsScore": 177.84,
        "algorthmScore": 309.46
    },
    {
        "case_id": "2657",
        "case_type": "树结构",
        "debugScore": 920.47,
        "firstConsScore": 102.35,
        "algorthmScore": 323.86
    },
    {
        "case_id": "2633",
        "case_type": "树结构",
        "debugScore": 154.13,
        "firstConsScore": 182.74,
        "algorthmScore": 279.27
    },
    {
        "case_id": "2699",
        "case_type": "树结构",
        "debugScore": 711.94,
        "firstConsScore": 39.31,
        "algorthmScore": 323.35
    },
    {
        "case_id": "2599",
        "case_type": "树结构",
        "debugScore": 844.79,
        "firstConsScore": 105.67,
        "algorthmScore": 284.08
    },
    {
        "case_id": "2632",
        "case_type": "树结构",
        "debugScore": 116.46,
        "firstConsScore": 195.33,
        "algorthmScore": 267.83
    },
    {
        "case_id": "2654",
        "case_type": "树结构",
        "debugScore": 1112.87,
        "firstConsScore": 38.75,
        "algorthmScore": 148.46
    },
    {
        "case_id": "2598",
        "case_type": "树结构",
        "debugScore": 95.29,
        "firstConsScore": 164.9,
        "algorthmScore": 296.75
    },
    {
        "case_id": "2631",
        "case_type": "树结构",
        "debugScore": 619.2,
        "firstConsScore": 70.06,
        "algorthmScore": 259.16
    },
    {
        "case_id": "2697",
        "case_type": "树结构",
        "debugScore": 96.64,
        "firstConsScore": 158.02,
        "algorthmScore": 150.58
    },
    {
        "case_id": "2696",
        "case_type": "树结构",
        "debugScore": 95.8,
        "firstConsScore": 226.1,
        "algorthmScore": 313.5
    },
    {
        "case_id": "2355",
        "case_type": "树结构",
        "debugScore": 694.69,
        "firstConsScore": 56.8,
        "algorthmScore": 336.13
    },
    {
        "case_id": "2695",
        "case_type": "树结构",
        "debugScore": 385.39,
        "firstConsScore": 151.25,
        "algorthmScore": 308.56
    },
    {
        "case_id": "2398",
        "case_type": "树结构",
        "debugScore": 761.26,
        "firstConsScore": 88.88,
        "algorthmScore": 412.53
    },
    {
        "case_id": "2638",
        "case_type": "树结构",
        "debugScore": 103.09,
        "firstConsScore": 180.18,
        "algorthmScore": 295.84
    }
]