[
    {
        "case_id": "2870",
        "case_type": "数组",
        "debugScore": 102.62,
        "firstConsScore": 265.81,
        "algorthmScore": 218.87
    },
    {
        "case_id": "2374",
        "case_type": "数组",
        "debugScore": 436.11,
        "firstConsScore": 139.58,
        "algorthmScore": 285.46
    },
    {
        "case_id": "2470",
        "case_type": "数组",
        "debugScore": 476.37,
        "firstConsScore": 228.59,
        "algorthmScore": 240.74
    },
    {
        "case_id": "2393",
        "case_type": "数组",
        "debugScore": 98.88,
        "firstConsScore": 318.86,
        "algorthmScore": 297.31
    },
    {
        "case_id": "2867",
        "case_type": "数组",
        "debugScore": 1449.3,
        "firstConsScore": 248.04,
        "algorthmScore": 321.9
    },
    {
        "case_id": "2845",
        "case_type": "数组",
        "debugScore": 745.16,
        "firstConsScore": 225.93,
        "algorthmScore": 265.81
    },
    {
        "case_id": "2823",
        "case_type": "数组",
        "debugScore": 111.08,
        "firstConsScore": 269.6,
        "algorthmScore": 249.69
    },
    {
        "case_id": "2844",
        "case_type": "数组",
        "debugScore": 474.89,
        "firstConsScore": 235.39,
        "algorthmScore": 246.66
    },
    {
        "case_id": "2866",
        "case_type": "数组",
        "debugScore": 702.7,
        "firstConsScore": 250.66,
        "algorthmScore": 283.95
    },
    {
        "case_id": "2865",
        "case_type": "数组",
        "debugScore": 1086.57,
        "firstConsScore": 223.02,
        "algorthmScore": 255.93
    },
    {
        "case_id": "2843",
        "case_type": "数组",
        "debugScore": 1048.7,
        "firstConsScore": 200.23,
        "algorthmScore": 277.58
    },
    {
        "case_id": "2469",
        "case_type": "数组",
        "debugScore": 176.86,
        "firstConsScore": 375.83,
        "algorthmScore": 343.19
    },
    {
        "case_id": "2864",
        "case_type": "数组",
        "debugScore": 552.07,
        "firstConsScore": 257.31,
        "algorthmScore": 209.7
    },
    {
        "case_id": "2842",
        "case_type": "数组",
        "debugScore": 727.74,
        "firstConsScore": 0.0,
        "algorthmScore": 135.52
    },
    {
        "case_id": "2863",
        "case_type": "数组",
        "debugScore": 1054.69,
        "firstConsScore": 298.33,
        "algorthmScore": 328.95
    },
    {
        "case_id": "2840",
        "case_type": "数组",
        "debugScore": 80.88,
        "firstConsScore": 285.73,
        "algorthmScore": 247.88
    },
    {
        "case_id": "2861",
        "case_type": "数组",
        "debugScore": 79.57,
        "firstConsScore": 320.82,
        "algorthmScore": 241.23
    },
    {
        "case_id": "2849",
        "case_type": "数组",
        "debugScore": 776.51,
        "firstConsScore": 244.2,
        "algorthmScore": 167.75
    },
    {
        "case_id": "2848",
        "case_type": "数组",
        "debugScore": 215.42,
        "firstConsScore": 261.94,
        "algorthmScore": 252.08
    },
    {
        "case_id": "2868",
        "case_type": "数组",
        "debugScore": 88.1,
        "firstConsScore": 374.44,
        "algorthmScore": 250.03
    },
    {
        "case_id": "2824",
        "case_type": "数组",
        "debugScore": 1073.16,
        "firstConsScore": 286.39,
        "algorthmScore": 297.38
    },
    {
        "case_id": "2384",
        "case_type": "数组",
        "debugScore": 1002.62,
        "firstConsScore": 184.21,
        "algorthmScore": 313.55
    },
    {
        "case_id": "2834",
        "case_type": "数组",
        "debugScore": 1557.74,
        "firstConsScore": 259.24,
        "algorthmScore": 245.48
    },
    {
        "case_id": "2877",
        "case_type": "数组",
        "debugScore": 1503.05,
        "firstConsScore": 237.06,
        "algorthmScore": 279.82
    },
    {
        "case_id": "2855",
        "case_type": "数组",
        "debugScore": 789.03,
        "firstConsScore": 208.36,
        "algorthmScore": 287.19
    },
    {
        "case_id": "2854",
        "case_type": "数组",
        "debugScore": 890.7,
        "firstConsScore": 283.36,
        "algorthmScore": 182.22
    },
    {
        "case_id": "2832",
        "case_type": "数组",
        "debugScore": 769.19,
        "firstConsScore": 232.53,
        "algorthmScore": 248.99
    },
    {
        "case_id": "2875",
        "case_type": "数组",
        "debugScore": 948.78,
        "firstConsScore": 209.5,
        "algorthmScore": 302.76
    },
    {
        "case_id": "2831",
        "case_type": "数组",
        "debugScore": 1113.15,
        "firstConsScore": 252.07,
        "algorthmScore": 245.72
    },
    {
        "case_id": "2853",
        "case_type": "数组",
        "debugScore": 106.45,
        "firstConsScore": 339.75,
        "algorthmScore": 272.99
    },
    {
        "case_id": "2830",
        "case_type": "数组",
        "debugScore": 1191.47,
        "firstConsScore": 256.84,
        "algorthmScore": 306.67
    },
    {
        "case_id": "2852",
        "case_type": "数组",
        "debugScore": 867.88,
        "firstConsScore": 173.43,
        "algorthmScore": 258.58
    },
    {
        "case_id": "2873",
        "case_type": "数组",
        "debugScore": 701.13,
        "firstConsScore": 188.37,
        "algorthmScore": 268.32
    },
    {
        "case_id": "2851",
        "case_type": "数组",
        "debugScore": 96.63,
        "firstConsScore": 312.06,
        "algorthmScore": 241.8
    },
    {
        "case_id": "2872",
        "case_type": "数组",
        "debugScore": 86.13,
        "firstConsScore": 335.51,
        "algorthmScore": 265.53
    },
    {
        "case_id": "2850",
        "case_type": "数组",
        "debugScore": 629.93,
        "firstConsScore": 183.66,
        "algorthmScore": 281.48
    },
    {
        "case_id": "2819",
        "case_type": "数组",
        "debugScore": 704.87,
        "firstConsScore": 223.12,
        "algorthmScore": 176.15
    },
    {
        "case_id": "2838",
        "case_type": "数组",
        "debugScore": 1456.2,
        "firstConsScore": 238.83,
        "algorthmScore": 247.41
    },
    {
        "case_id": "2859",
        "case_type": "数组",
        "debugScore": 986.87,
        "firstConsScore": 205.98,
        "algorthmScore": 290.83
    },
    {
        "case_id": "2837",
        "case_type": "数组",
        "debugScore": 901.41,
        "firstConsScore": 237.63,
        "algorthmScore": 356.1
    },
    {
        "case_id": "2815",
        "case_type": "数组",
        "debugScore": 977.51,
        "firstConsScore": 257.2,
        "algorthmScore": 250.32
    },
    {
        "case_id": "2836",
        "case_type": "数组",
        "debugScore": 561.81,
        "firstConsScore": 374.47,
        "algorthmScore": 295.26
    },
    {
        "case_id": "2858",
        "case_type": "数组",
        "debugScore": 1007.07,
        "firstConsScore": 231.24,
        "algorthmScore": 278.55
    },
    {
        "case_id": "2835",
        "case_type": "数组",
        "debugScore": 635.64,
        "firstConsScore": 251.12,
        "algorthmScore": 236.82
    },
    {
        "case_id": "2857",
        "case_type": "数组",
        "debugScore": 276.28,
        "firstConsScore": 184.79,
        "algorthmScore": 290.85
    }
]