[
    {
        "case_id": "2525",
        "case_type": "排序算法",
        "debugScore": 85.29,
        "firstConsScore": 250.23,
        "algorthmScore": 344.2
    },
    {
        "case_id": "2523",
        "case_type": "排序算法",
        "debugScore": 90.36,
        "firstConsScore": 272.94,
        "algorthmScore": 339.34
    },
    {
        "case_id": "2521",
        "case_type": "排序算法",
        "debugScore": 93.94,
        "firstConsScore": 226.26,
        "algorthmScore": 302.0
    },
    {
        "case_id": "2532",
        "case_type": "排序算法",
        "debugScore": 90.95,
        "firstConsScore": 245.84,
        "algorthmScore": 309.82
    },
    {
        "case_id": "2531",
        "case_type": "排序算法",
        "debugScore": 79.16,
        "firstConsScore": 230.46,
        "algorthmScore": 282.96
    },
    {
        "case_id": "2530",
        "case_type": "排序算法",
        "debugScore": 72.8,
        "firstConsScore": 194.83,
        "algorthmScore": 226.87
    },
    {
        "case_id": "2497",
        "case_type": "排序算法",
        "debugScore": 82.11,
        "firstConsScore": 247.99,
        "algorthmScore": 363.97
    },
    {
        "case_id": "2519",
        "case_type": "排序算法",
        "debugScore": 542.44,
        "firstConsScore": 126.5,
        "algorthmScore": 251.83
    },
    {
        "case_id": "2529",
        "case_type": "排序算法",
        "debugScore": 187.17,
        "firstConsScore": 210.9,
        "algorthmScore": 274.81
    },
    {
        "case_id": "2528",
        "case_type": "排序算法",
        "debugScore": 98.89,
        "firstConsScore": 215.74,
        "algorthmScore": 261.39
    },
    {
        "case_id": "2527",
        "case_type": "排序算法",
        "debugScore": 257.21,
        "firstConsScore": 237.21,
        "algorthmScore": 314.32
    }
]