[
    {
        "case_id": "2694",
        "case_type": "查找算法",
        "debugScore": 106.82,
        "firstConsScore": 345.29,
        "algorthmScore": 171.86
    },
    {
        "case_id": "2570",
        "case_type": "查找算法",
        "debugScore": 106.26,
        "firstConsScore": 445.1,
        "algorthmScore": 277.61
    },
    {
        "case_id": "2701",
        "case_type": "查找算法",
        "debugScore": 98.47,
        "firstConsScore": 379.77,
        "algorthmScore": 250.01
    },
    {
        "case_id": "2745",
        "case_type": "查找算法",
        "debugScore": 511.78,
        "firstConsScore": 515.11,
        "algorthmScore": 285.7
    },
    {
        "case_id": "2711",
        "case_type": "查找算法",
        "debugScore": 109.95,
        "firstConsScore": 299.75,
        "algorthmScore": 121.0
    },
    {
        "case_id": "2567",
        "case_type": "查找算法",
        "debugScore": 147.57,
        "firstConsScore": 413.71,
        "algorthmScore": 271.17
    },
    {
        "case_id": "2720",
        "case_type": "查找算法",
        "debugScore": 95.1,
        "firstConsScore": 447.66,
        "algorthmScore": 281.44
    },
    {
        "case_id": "2729",
        "case_type": "查找算法",
        "debugScore": 802.13,
        "firstConsScore": 123.97,
        "algorthmScore": 243.4
    },
    {
        "case_id": "2707",
        "case_type": "查找算法",
        "debugScore": 82.37,
        "firstConsScore": 341.03,
        "algorthmScore": 303.86
    },
    {
        "case_id": "2718",
        "case_type": "查找算法",
        "debugScore": 114.84,
        "firstConsScore": 417.71,
        "algorthmScore": 251.61
    },
    {
        "case_id": "2717",
        "case_type": "查找算法",
        "debugScore": 89.71,
        "firstConsScore": 392.78,
        "algorthmScore": 212.83
    },
    {
        "case_id": "2706",
        "case_type": "查找算法",
        "debugScore": 572.82,
        "firstConsScore": 250.29,
        "algorthmScore": 265.92
    },
    {
        "case_id": "2606",
        "case_type": "查找算法",
        "debugScore": 70.86,
        "firstConsScore": 276.63,
        "algorthmScore": 234.55
    },
    {
        "case_id": "2639",
        "case_type": "查找算法",
        "debugScore": 80.58,
        "firstConsScore": 397.68,
        "algorthmScore": 300.69
    },
    {
        "case_id": "2705",
        "case_type": "查找算法",
        "debugScore": 86.41,
        "firstConsScore": 384.41,
        "algorthmScore": 258.44
    },
    {
        "case_id": "2716",
        "case_type": "查找算法",
        "debugScore": 185.74,
        "firstConsScore": 294.56,
        "algorthmScore": 272.49
    },
    {
        "case_id": "2737",
        "case_type": "查找算法",
        "debugScore": 1728.79,
        "firstConsScore": 219.78,
        "algorthmScore": 204.93
    },
    {
        "case_id": "2715",
        "case_type": "查找算法",
        "debugScore": 169.82,
        "firstConsScore": 283.88,
        "algorthmScore": 88.32
    },
    {
        "case_id": "2726",
        "case_type": "查找算法",
        "debugScore": 101.13,
        "firstConsScore": 329.39,
        "algorthmScore": 297.62
    },
    {
        "case_id": "2703",
        "case_type": "查找算法",
        "debugScore": 92.62,
        "firstConsScore": 323.0,
        "algorthmScore": 232.64
    }
]