[
    {
        "case_id": "2701",
        "case_type": "查找算法",
        "debugScore": 98.47,
        "firstConsScore": 155.96,
        "algorthmScore": 252.85
    },
    {
        "case_id": "2729",
        "case_type": "查找算法",
        "debugScore": 857.54,
        "firstConsScore": 88.46,
        "algorthmScore": 241.22
    },
    {
        "case_id": "2707",
        "case_type": "查找算法",
        "debugScore": 82.37,
        "firstConsScore": 180.0,
        "algorthmScore": 264.88
    },
    {
        "case_id": "2606",
        "case_type": "查找算法",
        "debugScore": 70.86,
        "firstConsScore": 205.64,
        "algorthmScore": 227.56
    },
    {
        "case_id": "2639",
        "case_type": "查找算法",
        "debugScore": 80.58,
        "firstConsScore": 162.78,
        "algorthmScore": 278.24
    },
    {
        "case_id": "2705",
        "case_type": "查找算法",
        "debugScore": 86.41,
        "firstConsScore": 166.22,
        "algorthmScore": 221.77
    },
    {
        "case_id": "2737",
        "case_type": "查找算法",
        "debugScore": 77.12,
        "firstConsScore": 165.4,
        "algorthmScore": 220.72
    },
    {
        "case_id": "2715",
        "case_type": "查找算法",
        "debugScore": 169.82,
        "firstConsScore": 126.84,
        "algorthmScore": 196.64
    },
    {
        "case_id": "2703",
        "case_type": "查找算法",
        "debugScore": 396.41,
        "firstConsScore": 99.61,
        "algorthmScore": 217.81
    }
]