[
    {
        "case_id": "2092",
        "case_type": "数字操作",
        "debugScore": 413.06,
        "firstConsScore": 111.96,
        "algorthmScore": 219.19
    },
    {
        "case_id": "2276",
        "case_type": "数字操作",
        "debugScore": 103.29,
        "firstConsScore": 208.82,
        "algorthmScore": 242.46
    },
    {
        "case_id": "2330",
        "case_type": "数字操作",
        "debugScore": 86.38,
        "firstConsScore": 381.93,
        "algorthmScore": 297.63
    },
    {
        "case_id": "2275",
        "case_type": "数字操作",
        "debugScore": 192.24,
        "firstConsScore": 352.99,
        "algorthmScore": 351.75
    },
    {
        "case_id": "2250",
        "case_type": "数字操作",
        "debugScore": 91.5,
        "firstConsScore": 293.43,
        "algorthmScore": 210.03
    },
    {
        "case_id": "2370",
        "case_type": "数字操作",
        "debugScore": 98.06,
        "firstConsScore": 209.62,
        "algorthmScore": 293.83
    },
    {
        "case_id": "2403",
        "case_type": "数字操作",
        "debugScore": 97.27,
        "firstConsScore": 317.08,
        "algorthmScore": 276.98
    },
    {
        "case_id": "2326",
        "case_type": "数字操作",
        "debugScore": 95.77,
        "firstConsScore": 319.31,
        "algorthmScore": 275.9
    },
    {
        "case_id": "2402",
        "case_type": "数字操作",
        "debugScore": 115.64,
        "firstConsScore": 351.74,
        "algorthmScore": 258.18
    },
    {
        "case_id": "2401",
        "case_type": "数字操作",
        "debugScore": 88.98,
        "firstConsScore": 408.78,
        "algorthmScore": 268.97
    },
    {
        "case_id": "2324",
        "case_type": "数字操作",
        "debugScore": 104.1,
        "firstConsScore": 397.16,
        "algorthmScore": 256.95
    },
    {
        "case_id": "2367",
        "case_type": "数字操作",
        "debugScore": 550.23,
        "firstConsScore": 268.16,
        "algorthmScore": 237.32
    },
    {
        "case_id": "2421",
        "case_type": "数字操作",
        "debugScore": 77.62,
        "firstConsScore": 325.9,
        "algorthmScore": 304.66
    },
    {
        "case_id": "2322",
        "case_type": "数字操作",
        "debugScore": 95.27,
        "firstConsScore": 311.76,
        "algorthmScore": 403.97
    },
    {
        "case_id": "2442",
        "case_type": "数字操作",
        "debugScore": 80.59,
        "firstConsScore": 302.91,
        "algorthmScore": 300.73
    },
    {
        "case_id": "2420",
        "case_type": "数字操作",
        "debugScore": 68.03,
        "firstConsScore": 241.71,
        "algorthmScore": 296.71
    },
    {
        "case_id": "2321",
        "case_type": "数字操作",
        "debugScore": 101.51,
        "firstConsScore": 346.02,
        "algorthmScore": 317.91
    },
    {
        "case_id": "2409",
        "case_type": "数字操作",
        "debugScore": 71.83,
        "firstConsScore": 293.53,
        "algorthmScore": 255.61
    },
    {
        "case_id": "2408",
        "case_type": "数字操作",
        "debugScore": 76.42,
        "firstConsScore": 294.57,
        "algorthmScore": 296.39
    },
    {
        "case_id": "2407",
        "case_type": "数字操作",
        "debugScore": 76.67,
        "firstConsScore": 312.77,
        "algorthmScore": 258.41
    },
    {
        "case_id": "2329",
        "case_type": "数字操作",
        "debugScore": 112.07,
        "firstConsScore": 346.48,
        "algorthmScore": 252.73
    },
    {
        "case_id": "2364",
        "case_type": "数字操作",
        "debugScore": 96.03,
        "firstConsScore": 281.67,
        "algorthmScore": 151.98
    },
    {
        "case_id": "2363",
        "case_type": "数字操作",
        "debugScore": 86.27,
        "firstConsScore": 294.77,
        "algorthmScore": 243.06
    },
    {
        "case_id": "2362",
        "case_type": "数字操作",
        "debugScore": 82.97,
        "firstConsScore": 318.57,
        "algorthmScore": 243.58
    },
    {
        "case_id": "2162",
        "case_type": "数字操作",
        "debugScore": 89.14,
        "firstConsScore": 253.0,
        "algorthmScore": 224.89
    },
    {
        "case_id": "2360",
        "case_type": "数字操作",
        "debugScore": 105.44,
        "firstConsScore": 323.35,
        "algorthmScore": 292.2
    },
    {
        "case_id": "2381",
        "case_type": "数字操作",
        "debugScore": 77.8,
        "firstConsScore": 353.57,
        "algorthmScore": 213.54
    },
    {
        "case_id": "2239",
        "case_type": "数字操作",
        "debugScore": 88.57,
        "firstConsScore": 360.09,
        "algorthmScore": 305.44
    },
    {
        "case_id": "2216",
        "case_type": "数字操作",
        "debugScore": 111.64,
        "firstConsScore": 291.21,
        "algorthmScore": 207.31
    },
    {
        "case_id": "2379",
        "case_type": "数字操作",
        "debugScore": 79.85,
        "firstConsScore": 375.29,
        "algorthmScore": 256.16
    },
    {
        "case_id": "2411",
        "case_type": "数字操作",
        "debugScore": 74.09,
        "firstConsScore": 300.02,
        "algorthmScore": 254.74
    },
    {
        "case_id": "2377",
        "case_type": "数字操作",
        "debugScore": 66.45,
        "firstConsScore": 295.98,
        "algorthmScore": 207.16
    },
    {
        "case_id": "2332",
        "case_type": "数字操作",
        "debugScore": 103.86,
        "firstConsScore": 337.69,
        "algorthmScore": 301.7
    },
    {
        "case_id": "2419",
        "case_type": "数字操作",
        "debugScore": 75.29,
        "firstConsScore": 307.54,
        "algorthmScore": 247.91
    },
    {
        "case_id": "2518",
        "case_type": "数字操作",
        "debugScore": 75.59,
        "firstConsScore": 248.89,
        "algorthmScore": 278.31
    }
]