[
    {
        "case_id": "2870",
        "case_type": "数组",
        "debugScore": 102.62,
        "firstConsScore": 267.48,
        "algorthmScore": 233.99
    },
    {
        "case_id": "2374",
        "case_type": "数组",
        "debugScore": 92.51,
        "firstConsScore": 406.13,
        "algorthmScore": 173.87
    },
    {
        "case_id": "2393",
        "case_type": "数组",
        "debugScore": 961.63,
        "firstConsScore": 268.34,
        "algorthmScore": 222.72
    },
    {
        "case_id": "2470",
        "case_type": "数组",
        "debugScore": 83.34,
        "firstConsScore": 371.78,
        "algorthmScore": 265.01
    },
    {
        "case_id": "2867",
        "case_type": "数组",
        "debugScore": 79.5,
        "firstConsScore": 226.54,
        "algorthmScore": 165.67
    },
    {
        "case_id": "2845",
        "case_type": "数组",
        "debugScore": 160.64,
        "firstConsScore": 254.22,
        "algorthmScore": 223.63
    },
    {
        "case_id": "2844",
        "case_type": "数组",
        "debugScore": 546.02,
        "firstConsScore": 201.97,
        "algorthmScore": 161.36
    },
    {
        "case_id": "2866",
        "case_type": "数组",
        "debugScore": 82.82,
        "firstConsScore": 334.25,
        "algorthmScore": 246.85
    },
    {
        "case_id": "2865",
        "case_type": "数组",
        "debugScore": 75.41,
        "firstConsScore": 273.49,
        "algorthmScore": 245.16
    },
    {
        "case_id": "2843",
        "case_type": "数组",
        "debugScore": 77.99,
        "firstConsScore": 305.97,
        "algorthmScore": 236.63
    },
    {
        "case_id": "2469",
        "case_type": "数组",
        "debugScore": 201.18,
        "firstConsScore": 298.53,
        "algorthmScore": 149.09
    },
    {
        "case_id": "2864",
        "case_type": "数组",
        "debugScore": 114.6,
        "firstConsScore": 347.18,
        "algorthmScore": 193.0
    },
    {
        "case_id": "2863",
        "case_type": "数组",
        "debugScore": 84.28,
        "firstConsScore": 184.86,
        "algorthmScore": 121.65
    },
    {
        "case_id": "2840",
        "case_type": "数组",
        "debugScore": 80.88,
        "firstConsScore": 231.05,
        "algorthmScore": 191.03
    },
    {
        "case_id": "2861",
        "case_type": "数组",
        "debugScore": 79.57,
        "firstConsScore": 257.47,
        "algorthmScore": 183.91
    },
    {
        "case_id": "2849",
        "case_type": "数组",
        "debugScore": 90.72,
        "firstConsScore": 210.85,
        "algorthmScore": 192.15
    },
    {
        "case_id": "2848",
        "case_type": "数组",
        "debugScore": 85.23,
        "firstConsScore": 218.88,
        "algorthmScore": 203.14
    },
    {
        "case_id": "2868",
        "case_type": "数组",
        "debugScore": 88.1,
        "firstConsScore": 326.22,
        "algorthmScore": 243.59
    },
    {
        "case_id": "2824",
        "case_type": "数组",
        "debugScore": 89.12,
        "firstConsScore": 261.46,
        "algorthmScore": 151.68
    },
    {
        "case_id": "2384",
        "case_type": "数组",
        "debugScore": 97.01,
        "firstConsScore": 308.35,
        "algorthmScore": 185.0
    },
    {
        "case_id": "2834",
        "case_type": "数组",
        "debugScore": 82.17,
        "firstConsScore": 285.84,
        "algorthmScore": 185.25
    },
    {
        "case_id": "2877",
        "case_type": "数组",
        "debugScore": 81.19,
        "firstConsScore": 273.92,
        "algorthmScore": 241.82
    },
    {
        "case_id": "2855",
        "case_type": "数组",
        "debugScore": 79.92,
        "firstConsScore": 316.89,
        "algorthmScore": 268.87
    },
    {
        "case_id": "2854",
        "case_type": "数组",
        "debugScore": 384.32,
        "firstConsScore": 292.35,
        "algorthmScore": 285.54
    },
    {
        "case_id": "2832",
        "case_type": "数组",
        "debugScore": 84.17,
        "firstConsScore": 279.85,
        "algorthmScore": 222.03
    },
    {
        "case_id": "2875",
        "case_type": "数组",
        "debugScore": 74.56,
        "firstConsScore": 231.18,
        "algorthmScore": 150.47
    },
    {
        "case_id": "2831",
        "case_type": "数组",
        "debugScore": 89.78,
        "firstConsScore": 193.72,
        "algorthmScore": 145.28
    },
    {
        "case_id": "2853",
        "case_type": "数组",
        "debugScore": 106.45,
        "firstConsScore": 277.95,
        "algorthmScore": 197.81
    },
    {
        "case_id": "2830",
        "case_type": "数组",
        "debugScore": 84.13,
        "firstConsScore": 307.74,
        "algorthmScore": 231.89
    },
    {
        "case_id": "2852",
        "case_type": "数组",
        "debugScore": 92.08,
        "firstConsScore": 339.33,
        "algorthmScore": 256.4
    },
    {
        "case_id": "2873",
        "case_type": "数组",
        "debugScore": 81.47,
        "firstConsScore": 299.79,
        "algorthmScore": 234.92
    },
    {
        "case_id": "2851",
        "case_type": "数组",
        "debugScore": 96.63,
        "firstConsScore": 261.08,
        "algorthmScore": 152.08
    },
    {
        "case_id": "2872",
        "case_type": "数组",
        "debugScore": 86.13,
        "firstConsScore": 309.88,
        "algorthmScore": 242.64
    },
    {
        "case_id": "2850",
        "case_type": "数组",
        "debugScore": 84.73,
        "firstConsScore": 334.01,
        "algorthmScore": 206.82
    },
    {
        "case_id": "2819",
        "case_type": "数组",
        "debugScore": 109.67,
        "firstConsScore": 318.79,
        "algorthmScore": 165.32
    },
    {
        "case_id": "2838",
        "case_type": "数组",
        "debugScore": 77.66,
        "firstConsScore": 306.81,
        "algorthmScore": 209.76
    },
    {
        "case_id": "2859",
        "case_type": "数组",
        "debugScore": 83.97,
        "firstConsScore": 267.07,
        "algorthmScore": 213.81
    },
    {
        "case_id": "2837",
        "case_type": "数组",
        "debugScore": 79.15,
        "firstConsScore": 277.69,
        "algorthmScore": 223.47
    },
    {
        "case_id": "2815",
        "case_type": "数组",
        "debugScore": 82.82,
        "firstConsScore": 310.47,
        "algorthmScore": 273.56
    },
    {
        "case_id": "2836",
        "case_type": "数组",
        "debugScore": 97.01,
        "firstConsScore": 242.92,
        "algorthmScore": 193.32
    },
    {
        "case_id": "2858",
        "case_type": "数组",
        "debugScore": 118.89,
        "firstConsScore": 263.34,
        "algorthmScore": 181.34
    },
    {
        "case_id": "2835",
        "case_type": "数组",
        "debugScore": 90.2,
        "firstConsScore": 289.22,
        "algorthmScore": 236.95
    },
    {
        "case_id": "2857",
        "case_type": "数组",
        "debugScore": 145.1,
        "firstConsScore": 147.98,
        "algorthmScore": 241.6
    }
]