[
    {
        "case_id": "2092",
        "case_type": "数字操作",
        "debugScore": 349.77,
        "firstConsScore": 167.19,
        "algorthmScore": 276.94
    },
    {
        "case_id": "2276",
        "case_type": "数字操作",
        "debugScore": 103.29,
        "firstConsScore": 195.25,
        "algorthmScore": 307.95
    },
    {
        "case_id": "2275",
        "case_type": "数字操作",
        "debugScore": 192.24,
        "firstConsScore": 234.17,
        "algorthmScore": 303.17
    },
    {
        "case_id": "2330",
        "case_type": "数字操作",
        "debugScore": 87.82,
        "firstConsScore": 273.73,
        "algorthmScore": 331.84
    },
    {
        "case_id": "2250",
        "case_type": "数字操作",
        "debugScore": 91.5,
        "firstConsScore": 265.55,
        "algorthmScore": 169.28
    },
    {
        "case_id": "2370",
        "case_type": "数字操作",
        "debugScore": 98.06,
        "firstConsScore": 182.69,
        "algorthmScore": 296.2
    },
    {
        "case_id": "2403",
        "case_type": "数字操作",
        "debugScore": 97.27,
        "firstConsScore": 304.87,
        "algorthmScore": 247.71
    },
    {
        "case_id": "2326",
        "case_type": "数字操作",
        "debugScore": 95.77,
        "firstConsScore": 218.5,
        "algorthmScore": 325.54
    },
    {
        "case_id": "2402",
        "case_type": "数字操作",
        "debugScore": 115.64,
        "firstConsScore": 166.3,
        "algorthmScore": 302.36
    },
    {
        "case_id": "2401",
        "case_type": "数字操作",
        "debugScore": 88.98,
        "firstConsScore": 170.26,
        "algorthmScore": 276.63
    },
    {
        "case_id": "2324",
        "case_type": "数字操作",
        "debugScore": 104.1,
        "firstConsScore": 152.33,
        "algorthmScore": 275.35
    },
    {
        "case_id": "2367",
        "case_type": "数字操作",
        "debugScore": 91.57,
        "firstConsScore": 188.53,
        "algorthmScore": 331.06
    },
    {
        "case_id": "2421",
        "case_type": "数字操作",
        "debugScore": 77.62,
        "firstConsScore": 306.91,
        "algorthmScore": 269.27
    },
    {
        "case_id": "2322",
        "case_type": "数字操作",
        "debugScore": 95.27,
        "firstConsScore": 186.27,
        "algorthmScore": 438.3
    },
    {
        "case_id": "2420",
        "case_type": "数字操作",
        "debugScore": 68.03,
        "firstConsScore": 317.49,
        "algorthmScore": 282.77
    },
    {
        "case_id": "2442",
        "case_type": "数字操作",
        "debugScore": 80.59,
        "firstConsScore": 293.02,
        "algorthmScore": 286.35
    },
    {
        "case_id": "2321",
        "case_type": "数字操作",
        "debugScore": 101.51,
        "firstConsScore": 226.63,
        "algorthmScore": 327.51
    },
    {
        "case_id": "2409",
        "case_type": "数字操作",
        "debugScore": 71.83,
        "firstConsScore": 303.79,
        "algorthmScore": 263.97
    },
    {
        "case_id": "2408",
        "case_type": "数字操作",
        "debugScore": 76.42,
        "firstConsScore": 294.08,
        "algorthmScore": 288.44
    },
    {
        "case_id": "2407",
        "case_type": "数字操作",
        "debugScore": 76.67,
        "firstConsScore": 309.06,
        "algorthmScore": 252.5
    },
    {
        "case_id": "2329",
        "case_type": "数字操作",
        "debugScore": 112.07,
        "firstConsScore": 253.16,
        "algorthmScore": 393.58
    },
    {
        "case_id": "2364",
        "case_type": "数字操作",
        "debugScore": 96.03,
        "firstConsScore": 146.14,
        "algorthmScore": 292.29
    },
    {
        "case_id": "2363",
        "case_type": "数字操作",
        "debugScore": 86.27,
        "firstConsScore": 294.49,
        "algorthmScore": 233.27
    },
    {
        "case_id": "2362",
        "case_type": "数字操作",
        "debugScore": 82.97,
        "firstConsScore": 185.08,
        "algorthmScore": 303.16
    },
    {
        "case_id": "2162",
        "case_type": "数字操作",
        "debugScore": 89.14,
        "firstConsScore": 246.4,
        "algorthmScore": 264.96
    },
    {
        "case_id": "2360",
        "case_type": "数字操作",
        "debugScore": 105.44,
        "firstConsScore": 204.2,
        "algorthmScore": 393.28
    },
    {
        "case_id": "2381",
        "case_type": "数字操作",
        "debugScore": 77.8,
        "firstConsScore": 222.1,
        "algorthmScore": 323.4
    },
    {
        "case_id": "2239",
        "case_type": "数字操作",
        "debugScore": 88.57,
        "firstConsScore": 257.34,
        "algorthmScore": 458.77
    },
    {
        "case_id": "2216",
        "case_type": "数字操作",
        "debugScore": 111.64,
        "firstConsScore": 208.59,
        "algorthmScore": 381.5
    },
    {
        "case_id": "2379",
        "case_type": "数字操作",
        "debugScore": 79.85,
        "firstConsScore": 152.75,
        "algorthmScore": 287.83
    },
    {
        "case_id": "2411",
        "case_type": "数字操作",
        "debugScore": 389.59,
        "firstConsScore": 247.52,
        "algorthmScore": 246.19
    },
    {
        "case_id": "2377",
        "case_type": "数字操作",
        "debugScore": 66.45,
        "firstConsScore": 314.94,
        "algorthmScore": 248.24
    },
    {
        "case_id": "2332",
        "case_type": "数字操作",
        "debugScore": 103.86,
        "firstConsScore": 188.01,
        "algorthmScore": 366.15
    },
    {
        "case_id": "2419",
        "case_type": "数字操作",
        "debugScore": 75.29,
        "firstConsScore": 298.17,
        "algorthmScore": 232.89
    },
    {
        "case_id": "2518",
        "case_type": "数字操作",
        "debugScore": 746.45,
        "firstConsScore": 187.09,
        "algorthmScore": 269.96
    }
]