[
    {
        "case_id": "2694",
        "case_type": "查找算法",
        "debugScore": 106.82,
        "firstConsScore": 182.43,
        "algorthmScore": 177.2
    },
    {
        "case_id": "2570",
        "case_type": "查找算法",
        "debugScore": 994.85,
        "firstConsScore": 120.09,
        "algorthmScore": 279.13
    },
    {
        "case_id": "2701",
        "case_type": "查找算法",
        "debugScore": 98.47,
        "firstConsScore": 218.96,
        "algorthmScore": 124.19
    },
    {
        "case_id": "2745",
        "case_type": "查找算法",
        "debugScore": 1273.41,
        "firstConsScore": 77.94,
        "algorthmScore": 153.95
    },
    {
        "case_id": "2711",
        "case_type": "查找算法",
        "debugScore": 109.95,
        "firstConsScore": 186.49,
        "algorthmScore": 145.6
    },
    {
        "case_id": "2567",
        "case_type": "查找算法",
        "debugScore": 525.8,
        "firstConsScore": 92.25,
        "algorthmScore": 257.2
    },
    {
        "case_id": "2720",
        "case_type": "查找算法",
        "debugScore": 95.1,
        "firstConsScore": 194.51,
        "algorthmScore": 248.27
    },
    {
        "case_id": "2729",
        "case_type": "查找算法",
        "debugScore": 857.54,
        "firstConsScore": 106.12,
        "algorthmScore": 145.81
    },
    {
        "case_id": "2707",
        "case_type": "查找算法",
        "debugScore": 82.37,
        "firstConsScore": 226.8,
        "algorthmScore": 183.64
    },
    {
        "case_id": "2718",
        "case_type": "查找算法",
        "debugScore": 394.78,
        "firstConsScore": 200.62,
        "algorthmScore": 272.24
    },
    {
        "case_id": "2717",
        "case_type": "查找算法",
        "debugScore": 835.16,
        "firstConsScore": 152.95,
        "algorthmScore": 176.08
    },
    {
        "case_id": "2706",
        "case_type": "查找算法",
        "debugScore": 605.62,
        "firstConsScore": 64.72,
        "algorthmScore": 154.41
    },
    {
        "case_id": "2606",
        "case_type": "查找算法",
        "debugScore": 751.35,
        "firstConsScore": 110.75,
        "algorthmScore": 170.56
    },
    {
        "case_id": "2639",
        "case_type": "查找算法",
        "debugScore": 80.58,
        "firstConsScore": 210.4,
        "algorthmScore": 157.28
    },
    {
        "case_id": "2716",
        "case_type": "查找算法",
        "debugScore": 287.31,
        "firstConsScore": 68.82,
        "algorthmScore": 122.1
    },
    {
        "case_id": "2705",
        "case_type": "查找算法",
        "debugScore": 1071.21,
        "firstConsScore": 61.88,
        "algorthmScore": 132.55
    },
    {
        "case_id": "2737",
        "case_type": "查找算法",
        "debugScore": 77.12,
        "firstConsScore": 221.08,
        "algorthmScore": 177.96
    },
    {
        "case_id": "2715",
        "case_type": "查找算法",
        "debugScore": 445.16,
        "firstConsScore": 119.2,
        "algorthmScore": 162.78
    },
    {
        "case_id": "2726",
        "case_type": "查找算法",
        "debugScore": 1392.52,
        "firstConsScore": 115.65,
        "algorthmScore": 124.94
    },
    {
        "case_id": "2703",
        "case_type": "查找算法",
        "debugScore": 92.62,
        "firstConsScore": 219.77,
        "algorthmScore": 174.12
    }
]