[
    {
        "case_id": "2316",
        "case_type": "图结构",
        "debugScore": 176.8,
        "firstConsScore": 140.07,
        "algorthmScore": 272.01
    },
    {
        "case_id": "2305",
        "case_type": "图结构",
        "debugScore": 151.47,
        "firstConsScore": 171.97,
        "algorthmScore": 347.04
    },
    {
        "case_id": "2536",
        "case_type": "图结构",
        "debugScore": 115.41,
        "firstConsScore": 131.53,
        "algorthmScore": 264.71
    },
    {
        "case_id": "2348",
        "case_type": "图结构",
        "debugScore": 125.51,
        "firstConsScore": 208.8,
        "algorthmScore": 299.84
    },
    {
        "case_id": "2347",
        "case_type": "图结构",
        "debugScore": 149.21,
        "firstConsScore": 176.38,
        "algorthmScore": 344.16
    },
    {
        "case_id": "2444",
        "case_type": "图结构",
        "debugScore": 294.69,
        "firstConsScore": 196.45,
        "algorthmScore": 368.01
    },
    {
        "case_id": "2235",
        "case_type": "图结构",
        "debugScore": 292.37,
        "firstConsScore": 117.24,
        "algorthmScore": 386.02
    },
    {
        "case_id": "2343",
        "case_type": "图结构",
        "debugScore": 159.91,
        "firstConsScore": 169.4,
        "algorthmScore": 339.23
    },
    {
        "case_id": "2354",
        "case_type": "图结构",
        "debugScore": 107.53,
        "firstConsScore": 158.97,
        "algorthmScore": 281.11
    },
    {
        "case_id": "2331",
        "case_type": "图结构",
        "debugScore": 130.47,
        "firstConsScore": 190.72,
        "algorthmScore": 364.35
    },
    {
        "case_id": "2352",
        "case_type": "图结构",
        "debugScore": 125.91,
        "firstConsScore": 133.13,
        "algorthmScore": 281.16
    },
    {
        "case_id": "2704",
        "case_type": "图结构",
        "debugScore": 115.53,
        "firstConsScore": 179.62,
        "algorthmScore": 262.12
    }
]