[
    {
        "case_id": "2092",
        "case_type": "数字操作",
        "debugScore": 432.95,
        "firstConsScore": 132.89,
        "algorthmScore": 281.89
    },
    {
        "case_id": "2276",
        "case_type": "数字操作",
        "debugScore": 103.29,
        "firstConsScore": 315.76,
        "algorthmScore": 217.41
    },
    {
        "case_id": "2275",
        "case_type": "数字操作",
        "debugScore": 192.24,
        "firstConsScore": 350.27,
        "algorthmScore": 238.31
    },
    {
        "case_id": "2330",
        "case_type": "数字操作",
        "debugScore": 161.94,
        "firstConsScore": 370.22,
        "algorthmScore": 308.48
    },
    {
        "case_id": "2250",
        "case_type": "数字操作",
        "debugScore": 374.72,
        "firstConsScore": 228.62,
        "algorthmScore": 263.66
    },
    {
        "case_id": "2370",
        "case_type": "数字操作",
        "debugScore": 495.65,
        "firstConsScore": 246.19,
        "algorthmScore": 193.88
    },
    {
        "case_id": "2403",
        "case_type": "数字操作",
        "debugScore": 97.27,
        "firstConsScore": 273.55,
        "algorthmScore": 229.13
    },
    {
        "case_id": "2326",
        "case_type": "数字操作",
        "debugScore": 95.77,
        "firstConsScore": 219.88,
        "algorthmScore": 245.57
    },
    {
        "case_id": "2402",
        "case_type": "数字操作",
        "debugScore": 115.64,
        "firstConsScore": 240.62,
        "algorthmScore": 315.46
    },
    {
        "case_id": "2401",
        "case_type": "数字操作",
        "debugScore": 88.98,
        "firstConsScore": 259.95,
        "algorthmScore": 309.76
    },
    {
        "case_id": "2324",
        "case_type": "数字操作",
        "debugScore": 104.1,
        "firstConsScore": 238.92,
        "algorthmScore": 294.21
    },
    {
        "case_id": "2367",
        "case_type": "数字操作",
        "debugScore": 550.23,
        "firstConsScore": 177.6,
        "algorthmScore": 0.0
    },
    {
        "case_id": "2421",
        "case_type": "数字操作",
        "debugScore": 77.62,
        "firstConsScore": 277.72,
        "algorthmScore": 312.51
    },
    {
        "case_id": "2322",
        "case_type": "数字操作",
        "debugScore": 95.27,
        "firstConsScore": 234.37,
        "algorthmScore": 431.42
    },
    {
        "case_id": "2420",
        "case_type": "数字操作",
        "debugScore": 992.69,
        "firstConsScore": 201.86,
        "algorthmScore": 282.81
    },
    {
        "case_id": "2442",
        "case_type": "数字操作",
        "debugScore": 80.59,
        "firstConsScore": 281.92,
        "algorthmScore": 315.31
    },
    {
        "case_id": "2321",
        "case_type": "数字操作",
        "debugScore": 101.51,
        "firstConsScore": 292.16,
        "algorthmScore": 280.84
    },
    {
        "case_id": "2409",
        "case_type": "数字操作",
        "debugScore": 73.83,
        "firstConsScore": 283.42,
        "algorthmScore": 271.45
    },
    {
        "case_id": "2408",
        "case_type": "数字操作",
        "debugScore": 226.04,
        "firstConsScore": 245.03,
        "algorthmScore": 284.23
    },
    {
        "case_id": "2407",
        "case_type": "数字操作",
        "debugScore": 76.67,
        "firstConsScore": 285.09,
        "algorthmScore": 170.01
    },
    {
        "case_id": "2329",
        "case_type": "数字操作",
        "debugScore": 112.07,
        "firstConsScore": 273.24,
        "algorthmScore": 255.46
    },
    {
        "case_id": "2364",
        "case_type": "数字操作",
        "debugScore": 96.03,
        "firstConsScore": 226.34,
        "algorthmScore": 265.94
    },
    {
        "case_id": "2363",
        "case_type": "数字操作",
        "debugScore": 965.88,
        "firstConsScore": 173.11,
        "algorthmScore": 312.54
    },
    {
        "case_id": "2362",
        "case_type": "数字操作",
        "debugScore": 82.97,
        "firstConsScore": 267.48,
        "algorthmScore": 232.21
    },
    {
        "case_id": "2162",
        "case_type": "数字操作",
        "debugScore": 89.14,
        "firstConsScore": 330.7,
        "algorthmScore": 262.52
    },
    {
        "case_id": "2360",
        "case_type": "数字操作",
        "debugScore": 105.44,
        "firstConsScore": 229.87,
        "algorthmScore": 282.88
    },
    {
        "case_id": "2381",
        "case_type": "数字操作",
        "debugScore": 77.8,
        "firstConsScore": 289.55,
        "algorthmScore": 144.47
    },
    {
        "case_id": "2239",
        "case_type": "数字操作",
        "debugScore": 85.93,
        "firstConsScore": 271.29,
        "algorthmScore": 135.2
    },
    {
        "case_id": "2216",
        "case_type": "数字操作",
        "debugScore": 111.64,
        "firstConsScore": 367.32,
        "algorthmScore": 241.34
    },
    {
        "case_id": "2379",
        "case_type": "数字操作",
        "debugScore": 79.85,
        "firstConsScore": 292.43,
        "algorthmScore": 117.52
    },
    {
        "case_id": "2411",
        "case_type": "数字操作",
        "debugScore": 74.09,
        "firstConsScore": 283.41,
        "algorthmScore": 278.83
    },
    {
        "case_id": "2377",
        "case_type": "数字操作",
        "debugScore": 777.79,
        "firstConsScore": 135.2,
        "algorthmScore": 248.32
    },
    {
        "case_id": "2332",
        "case_type": "数字操作",
        "debugScore": 103.86,
        "firstConsScore": 236.14,
        "algorthmScore": 317.19
    },
    {
        "case_id": "2419",
        "case_type": "数字操作",
        "debugScore": 75.29,
        "firstConsScore": 245.73,
        "algorthmScore": 269.44
    },
    {
        "case_id": "2518",
        "case_type": "数字操作",
        "debugScore": 166.97,
        "firstConsScore": 244.02,
        "algorthmScore": 229.72
    }
]