[
    {
        "case_id": "2473",
        "case_type": "线性表",
        "debugScore": 86.76,
        "firstConsScore": 317.76,
        "algorthmScore": 254.46
    },
    {
        "case_id": "2471",
        "case_type": "线性表",
        "debugScore": 189.13,
        "firstConsScore": 282.37,
        "algorthmScore": 241.77
    },
    {
        "case_id": "2691",
        "case_type": "线性表",
        "debugScore": 777.83,
        "firstConsScore": 188.34,
        "algorthmScore": 238.23
    },
    {
        "case_id": "2690",
        "case_type": "线性表",
        "debugScore": 139.87,
        "firstConsScore": 405.64,
        "algorthmScore": 260.27
    },
    {
        "case_id": "2590",
        "case_type": "线性表",
        "debugScore": 83.15,
        "firstConsScore": 349.16,
        "algorthmScore": 316.28
    },
    {
        "case_id": "2724",
        "case_type": "线性表",
        "debugScore": 96.42,
        "firstConsScore": 295.81,
        "algorthmScore": 256.41
    },
    {
        "case_id": "2646",
        "case_type": "线性表",
        "debugScore": 85.37,
        "firstConsScore": 335.4,
        "algorthmScore": 247.93
    },
    {
        "case_id": "2723",
        "case_type": "线性表",
        "debugScore": 610.86,
        "firstConsScore": 263.58,
        "algorthmScore": 240.35
    },
    {
        "case_id": "2722",
        "case_type": "线性表",
        "debugScore": 78.28,
        "firstConsScore": 296.19,
        "algorthmScore": 234.23
    },
    {
        "case_id": "2721",
        "case_type": "线性表",
        "debugScore": 82.94,
        "firstConsScore": 295.88,
        "algorthmScore": 241.82
    },
    {
        "case_id": "2487",
        "case_type": "线性表",
        "debugScore": 77.87,
        "firstConsScore": 308.28,
        "algorthmScore": 244.49
    },
    {
        "case_id": "2486",
        "case_type": "线性表",
        "debugScore": 749.52,
        "firstConsScore": 218.44,
        "algorthmScore": 267.59
    },
    {
        "case_id": "2761",
        "case_type": "线性表",
        "debugScore": 84.71,
        "firstConsScore": 277.91,
        "algorthmScore": 214.96
    },
    {
        "case_id": "2728",
        "case_type": "线性表",
        "debugScore": 772.25,
        "firstConsScore": 199.83,
        "algorthmScore": 284.38
    },
    {
        "case_id": "2727",
        "case_type": "线性表",
        "debugScore": 95.35,
        "firstConsScore": 370.04,
        "algorthmScore": 221.88
    },
    {
        "case_id": "2649",
        "case_type": "线性表",
        "debugScore": 84.85,
        "firstConsScore": 232.64,
        "algorthmScore": 143.74
    },
    {
        "case_id": "2485",
        "case_type": "线性表",
        "debugScore": 77.05,
        "firstConsScore": 348.48,
        "algorthmScore": 275.97
    },
    {
        "case_id": "2760",
        "case_type": "线性表",
        "debugScore": 749.22,
        "firstConsScore": 182.05,
        "algorthmScore": 232.05
    },
    {
        "case_id": "2484",
        "case_type": "线性表",
        "debugScore": 93.92,
        "firstConsScore": 343.11,
        "algorthmScore": 295.26
    },
    {
        "case_id": "2560",
        "case_type": "线性表",
        "debugScore": 94.09,
        "firstConsScore": 338.83,
        "algorthmScore": 276.37
    },
    {
        "case_id": "2483",
        "case_type": "线性表",
        "debugScore": 100.28,
        "firstConsScore": 295.42,
        "algorthmScore": 231.85
    },
    {
        "case_id": "2559",
        "case_type": "线性表",
        "debugScore": 85.53,
        "firstConsScore": 308.86,
        "algorthmScore": 317.86
    },
    {
        "case_id": "2557",
        "case_type": "线性表",
        "debugScore": 81.3,
        "firstConsScore": 310.36,
        "algorthmScore": 303.86
    },
    {
        "case_id": "2755",
        "case_type": "线性表",
        "debugScore": 105.5,
        "firstConsScore": 346.51,
        "algorthmScore": 285.21
    },
    {
        "case_id": "2732",
        "case_type": "线性表",
        "debugScore": 77.69,
        "firstConsScore": 313.66,
        "algorthmScore": 263.05
    },
    {
        "case_id": "2336",
        "case_type": "线性表",
        "debugScore": 451.89,
        "firstConsScore": 117.09,
        "algorthmScore": 195.5
    },
    {
        "case_id": "2731",
        "case_type": "线性表",
        "debugScore": 812.69,
        "firstConsScore": 236.66,
        "algorthmScore": 240.6
    },
    {
        "case_id": "2730",
        "case_type": "线性表",
        "debugScore": 77.3,
        "firstConsScore": 312.33,
        "algorthmScore": 229.41
    },
    {
        "case_id": "2759",
        "case_type": "线性表",
        "debugScore": 82.68,
        "firstConsScore": 268.44,
        "algorthmScore": 201.63
    }
]