[
    {
        "case_id": "2870",
        "case_type": "数组",
        "debugScore": 102.62,
        "firstConsScore": 223.52,
        "algorthmScore": 219.41
    },
    {
        "case_id": "2374",
        "case_type": "数组",
        "debugScore": 92.51,
        "firstConsScore": 376.07,
        "algorthmScore": 303.07
    },
    {
        "case_id": "2393",
        "case_type": "数组",
        "debugScore": 96.59,
        "firstConsScore": 204.94,
        "algorthmScore": 241.84
    },
    {
        "case_id": "2470",
        "case_type": "数组",
        "debugScore": 83.34,
        "firstConsScore": 367.98,
        "algorthmScore": 303.47
    },
    {
        "case_id": "2867",
        "case_type": "数组",
        "debugScore": 79.5,
        "firstConsScore": 281.1,
        "algorthmScore": 254.22
    },
    {
        "case_id": "2845",
        "case_type": "数组",
        "debugScore": 160.64,
        "firstConsScore": 246.53,
        "algorthmScore": 252.97
    },
    {
        "case_id": "2823",
        "case_type": "数组",
        "debugScore": 111.08,
        "firstConsScore": 370.3,
        "algorthmScore": 302.29
    },
    {
        "case_id": "2844",
        "case_type": "数组",
        "debugScore": 111.52,
        "firstConsScore": 286.37,
        "algorthmScore": 336.89
    },
    {
        "case_id": "2866",
        "case_type": "数组",
        "debugScore": 82.82,
        "firstConsScore": 259.62,
        "algorthmScore": 246.85
    },
    {
        "case_id": "2865",
        "case_type": "数组",
        "debugScore": 75.41,
        "firstConsScore": 311.16,
        "algorthmScore": 286.85
    },
    {
        "case_id": "2843",
        "case_type": "数组",
        "debugScore": 77.99,
        "firstConsScore": 259.87,
        "algorthmScore": 263.32
    },
    {
        "case_id": "2469",
        "case_type": "数组",
        "debugScore": 103.45,
        "firstConsScore": 263.78,
        "algorthmScore": 173.29
    },
    {
        "case_id": "2864",
        "case_type": "数组",
        "debugScore": 408.12,
        "firstConsScore": 215.83,
        "algorthmScore": 261.05
    },
    {
        "case_id": "2842",
        "case_type": "数组",
        "debugScore": 98.41,
        "firstConsScore": 314.31,
        "algorthmScore": 278.47
    },
    {
        "case_id": "2863",
        "case_type": "数组",
        "debugScore": 84.28,
        "firstConsScore": 286.24,
        "algorthmScore": 278.72
    },
    {
        "case_id": "2840",
        "case_type": "数组",
        "debugScore": 80.88,
        "firstConsScore": 253.26,
        "algorthmScore": 260.55
    },
    {
        "case_id": "2861",
        "case_type": "数组",
        "debugScore": 79.57,
        "firstConsScore": 235.36,
        "algorthmScore": 253.93
    },
    {
        "case_id": "2849",
        "case_type": "数组",
        "debugScore": 90.72,
        "firstConsScore": 228.86,
        "algorthmScore": 221.72
    },
    {
        "case_id": "2848",
        "case_type": "数组",
        "debugScore": 211.84,
        "firstConsScore": 237.05,
        "algorthmScore": 206.43
    },
    {
        "case_id": "2868",
        "case_type": "数组",
        "debugScore": 88.1,
        "firstConsScore": 246.95,
        "algorthmScore": 238.91
    },
    {
        "case_id": "2824",
        "case_type": "数组",
        "debugScore": 89.12,
        "firstConsScore": 258.14,
        "algorthmScore": 287.25
    },
    {
        "case_id": "2384",
        "case_type": "数组",
        "debugScore": 97.01,
        "firstConsScore": 266.41,
        "algorthmScore": 259.3
    },
    {
        "case_id": "2834",
        "case_type": "数组",
        "debugScore": 82.17,
        "firstConsScore": 239.69,
        "algorthmScore": 276.71
    },
    {
        "case_id": "2877",
        "case_type": "数组",
        "debugScore": 81.19,
        "firstConsScore": 200.32,
        "algorthmScore": 184.92
    },
    {
        "case_id": "2855",
        "case_type": "数组",
        "debugScore": 79.92,
        "firstConsScore": 267.1,
        "algorthmScore": 271.97
    },
    {
        "case_id": "2854",
        "case_type": "数组",
        "debugScore": 88.3,
        "firstConsScore": 225.16,
        "algorthmScore": 229.36
    },
    {
        "case_id": "2832",
        "case_type": "数组",
        "debugScore": 84.17,
        "firstConsScore": 274.5,
        "algorthmScore": 277.67
    },
    {
        "case_id": "2875",
        "case_type": "数组",
        "debugScore": 74.56,
        "firstConsScore": 305.69,
        "algorthmScore": 370.14
    },
    {
        "case_id": "2831",
        "case_type": "数组",
        "debugScore": 89.78,
        "firstConsScore": 305.62,
        "algorthmScore": 325.34
    },
    {
        "case_id": "2853",
        "case_type": "数组",
        "debugScore": 106.45,
        "firstConsScore": 236.67,
        "algorthmScore": 239.09
    },
    {
        "case_id": "2830",
        "case_type": "数组",
        "debugScore": 84.13,
        "firstConsScore": 231.63,
        "algorthmScore": 217.05
    },
    {
        "case_id": "2852",
        "case_type": "数组",
        "debugScore": 92.08,
        "firstConsScore": 261.27,
        "algorthmScore": 254.88
    },
    {
        "case_id": "2873",
        "case_type": "数组",
        "debugScore": 81.47,
        "firstConsScore": 285.15,
        "algorthmScore": 285.5
    },
    {
        "case_id": "2851",
        "case_type": "数组",
        "debugScore": 96.63,
        "firstConsScore": 257.04,
        "algorthmScore": 328.85
    },
    {
        "case_id": "2872",
        "case_type": "数组",
        "debugScore": 86.13,
        "firstConsScore": 263.37,
        "algorthmScore": 262.32
    },
    {
        "case_id": "2850",
        "case_type": "数组",
        "debugScore": 84.73,
        "firstConsScore": 287.71,
        "algorthmScore": 255.48
    },
    {
        "case_id": "2819",
        "case_type": "数组",
        "debugScore": 109.67,
        "firstConsScore": 251.86,
        "algorthmScore": 304.61
    },
    {
        "case_id": "2838",
        "case_type": "数组",
        "debugScore": 77.66,
        "firstConsScore": 261.08,
        "algorthmScore": 264.09
    },
    {
        "case_id": "2859",
        "case_type": "数组",
        "debugScore": 83.97,
        "firstConsScore": 311.94,
        "algorthmScore": 356.55
    },
    {
        "case_id": "2837",
        "case_type": "数组",
        "debugScore": 79.15,
        "firstConsScore": 255.63,
        "algorthmScore": 232.07
    },
    {
        "case_id": "2815",
        "case_type": "数组",
        "debugScore": 82.82,
        "firstConsScore": 232.92,
        "algorthmScore": 232.2
    },
    {
        "case_id": "2836",
        "case_type": "数组",
        "debugScore": 97.01,
        "firstConsScore": 268.58,
        "algorthmScore": 295.14
    },
    {
        "case_id": "2858",
        "case_type": "数组",
        "debugScore": 118.89,
        "firstConsScore": 248.71,
        "algorthmScore": 278.15
    },
    {
        "case_id": "2835",
        "case_type": "数组",
        "debugScore": 90.2,
        "firstConsScore": 301.1,
        "algorthmScore": 312.53
    },
    {
        "case_id": "2857",
        "case_type": "数组",
        "debugScore": 145.1,
        "firstConsScore": 503.15,
        "algorthmScore": 215.33
    }
]