[
    {
        "case_id": "2523",
        "case_type": "排序算法",
        "debugScore": 90.36,
        "firstConsScore": 193.95,
        "algorthmScore": 239.87
    },
    {
        "case_id": "2521",
        "case_type": "排序算法",
        "debugScore": 93.94,
        "firstConsScore": 249.88,
        "algorthmScore": 280.83
    },
    {
        "case_id": "2531",
        "case_type": "排序算法",
        "debugScore": 800.43,
        "firstConsScore": 176.89,
        "algorthmScore": 240.93
    },
    {
        "case_id": "2530",
        "case_type": "排序算法",
        "debugScore": 1065.99,
        "firstConsScore": 214.02,
        "algorthmScore": 254.08
    },
    {
        "case_id": "2519",
        "case_type": "排序算法",
        "debugScore": 840.5,
        "firstConsScore": 180.05,
        "algorthmScore": 270.07
    },
    {
        "case_id": "2529",
        "case_type": "排序算法",
        "debugScore": 187.17,
        "firstConsScore": 181.12,
        "algorthmScore": 180.31
    },
    {
        "case_id": "2528",
        "case_type": "排序算法",
        "debugScore": 553.51,
        "firstConsScore": 194.41,
        "algorthmScore": 234.49
    }
]