[
    {
        "case_id": "2525",
        "case_type": "排序算法",
        "debugScore": 1062.6,
        "firstConsScore": 192.37,
        "algorthmScore": 386.3
    },
    {
        "case_id": "2523",
        "case_type": "排序算法",
        "debugScore": 759.8,
        "firstConsScore": 153.21,
        "algorthmScore": 210.0
    },
    {
        "case_id": "2521",
        "case_type": "排序算法",
        "debugScore": 687.08,
        "firstConsScore": 120.76,
        "algorthmScore": 312.58
    },
    {
        "case_id": "2532",
        "case_type": "排序算法",
        "debugScore": 744.25,
        "firstConsScore": 133.88,
        "algorthmScore": 323.32
    },
    {
        "case_id": "2531",
        "case_type": "排序算法",
        "debugScore": 800.43,
        "firstConsScore": 149.11,
        "algorthmScore": 204.84
    },
    {
        "case_id": "2530",
        "case_type": "排序算法",
        "debugScore": 72.8,
        "firstConsScore": 262.69,
        "algorthmScore": 136.52
    },
    {
        "case_id": "2497",
        "case_type": "排序算法",
        "debugScore": 827.5,
        "firstConsScore": 138.27,
        "algorthmScore": 344.34
    },
    {
        "case_id": "2519",
        "case_type": "排序算法",
        "debugScore": 888.92,
        "firstConsScore": 189.36,
        "algorthmScore": 277.14
    },
    {
        "case_id": "2529",
        "case_type": "排序算法",
        "debugScore": 849.87,
        "firstConsScore": 225.13,
        "algorthmScore": 296.59
    },
    {
        "case_id": "2528",
        "case_type": "排序算法",
        "debugScore": 814.06,
        "firstConsScore": 152.82,
        "algorthmScore": 281.04
    },
    {
        "case_id": "2527",
        "case_type": "排序算法",
        "debugScore": 685.38,
        "firstConsScore": 144.36,
        "algorthmScore": 336.06
    }
]