[
    {
        "case_id": "2694",
        "case_type": "查找算法",
        "debugScore": 106.82,
        "firstConsScore": 223.03,
        "algorthmScore": 440.84
    },
    {
        "case_id": "2570",
        "case_type": "查找算法",
        "debugScore": 106.26,
        "firstConsScore": 180.03,
        "algorthmScore": 267.22
    },
    {
        "case_id": "2701",
        "case_type": "查找算法",
        "debugScore": 98.47,
        "firstConsScore": 186.76,
        "algorthmScore": 285.7
    },
    {
        "case_id": "2745",
        "case_type": "查找算法",
        "debugScore": 103.02,
        "firstConsScore": 197.67,
        "algorthmScore": 290.24
    },
    {
        "case_id": "2711",
        "case_type": "查找算法",
        "debugScore": 109.95,
        "firstConsScore": 201.67,
        "algorthmScore": 234.85
    },
    {
        "case_id": "2567",
        "case_type": "查找算法",
        "debugScore": 124.58,
        "firstConsScore": 240.47,
        "algorthmScore": 244.47
    },
    {
        "case_id": "2720",
        "case_type": "查找算法",
        "debugScore": 95.1,
        "firstConsScore": 181.35,
        "algorthmScore": 283.25
    },
    {
        "case_id": "2729",
        "case_type": "查找算法",
        "debugScore": 76.48,
        "firstConsScore": 277.61,
        "algorthmScore": 267.63
    },
    {
        "case_id": "2707",
        "case_type": "查找算法",
        "debugScore": 73.85,
        "firstConsScore": 140.15,
        "algorthmScore": 153.27
    },
    {
        "case_id": "2718",
        "case_type": "查找算法",
        "debugScore": 401.7,
        "firstConsScore": 139.71,
        "algorthmScore": 262.63
    },
    {
        "case_id": "2706",
        "case_type": "查找算法",
        "debugScore": 98.66,
        "firstConsScore": 269.3,
        "algorthmScore": 236.97
    },
    {
        "case_id": "2717",
        "case_type": "查找算法",
        "debugScore": 89.71,
        "firstConsScore": 224.27,
        "algorthmScore": 259.82
    },
    {
        "case_id": "2606",
        "case_type": "查找算法",
        "debugScore": 70.86,
        "firstConsScore": 213.45,
        "algorthmScore": 257.42
    },
    {
        "case_id": "2716",
        "case_type": "查找算法",
        "debugScore": 179.02,
        "firstConsScore": 255.5,
        "algorthmScore": 298.19
    },
    {
        "case_id": "2639",
        "case_type": "查找算法",
        "debugScore": 80.58,
        "firstConsScore": 183.85,
        "algorthmScore": 273.68
    },
    {
        "case_id": "2705",
        "case_type": "查找算法",
        "debugScore": 86.41,
        "firstConsScore": 169.42,
        "algorthmScore": 306.72
    },
    {
        "case_id": "2737",
        "case_type": "查找算法",
        "debugScore": 77.12,
        "firstConsScore": 187.44,
        "algorthmScore": 262.98
    },
    {
        "case_id": "2715",
        "case_type": "查找算法",
        "debugScore": 169.82,
        "firstConsScore": 192.18,
        "algorthmScore": 254.3
    },
    {
        "case_id": "2726",
        "case_type": "查找算法",
        "debugScore": 1391.53,
        "firstConsScore": 90.0,
        "algorthmScore": 358.46
    },
    {
        "case_id": "2703",
        "case_type": "查找算法",
        "debugScore": 766.52,
        "firstConsScore": 90.68,
        "algorthmScore": 225.99
    }
]