[
    {
        "case_id": "2650",
        "case_type": "树结构",
        "debugScore": 103.37,
        "firstConsScore": 495.43,
        "algorthmScore": 285.79
    },
    {
        "case_id": "2397",
        "case_type": "树结构",
        "debugScore": 808.35,
        "firstConsScore": 398.53,
        "algorthmScore": 369.35
    },
    {
        "case_id": "2353",
        "case_type": "树结构",
        "debugScore": 95.88,
        "firstConsScore": 383.22,
        "algorthmScore": 340.75
    },
    {
        "case_id": "2524",
        "case_type": "树结构",
        "debugScore": 120.48,
        "firstConsScore": 383.91,
        "algorthmScore": 383.97
    },
    {
        "case_id": "2600",
        "case_type": "树结构",
        "debugScore": 105.99,
        "firstConsScore": 432.46,
        "algorthmScore": 233.56
    },
    {
        "case_id": "2400",
        "case_type": "树结构",
        "debugScore": 133.94,
        "firstConsScore": 266.89,
        "algorthmScore": 406.9
    },
    {
        "case_id": "2509",
        "case_type": "树结构",
        "debugScore": 89.65,
        "firstConsScore": 445.06,
        "algorthmScore": 266.08
    },
    {
        "case_id": "2605",
        "case_type": "树结构",
        "debugScore": 86.96,
        "firstConsScore": 330.93,
        "algorthmScore": 439.06
    },
    {
        "case_id": "2549",
        "case_type": "树结构",
        "debugScore": 272.76,
        "firstConsScore": 466.55,
        "algorthmScore": 269.2
    },
    {
        "case_id": "2648",
        "case_type": "树结构",
        "debugScore": 634.81,
        "firstConsScore": 349.68,
        "algorthmScore": 332.31
    },
    {
        "case_id": "2540",
        "case_type": "树结构",
        "debugScore": 139.08,
        "firstConsScore": 421.77,
        "algorthmScore": 392.8
    },
    {
        "case_id": "2660",
        "case_type": "树结构",
        "debugScore": 107.68,
        "firstConsScore": 529.93,
        "algorthmScore": 267.33
    },
    {
        "case_id": "2382",
        "case_type": "树结构",
        "debugScore": 94.56,
        "firstConsScore": 404.6,
        "algorthmScore": 280.61
    },
    {
        "case_id": "2416",
        "case_type": "树结构",
        "debugScore": 229.09,
        "firstConsScore": 411.31,
        "algorthmScore": 269.3
    },
    {
        "case_id": "2636",
        "case_type": "树结构",
        "debugScore": 109.29,
        "firstConsScore": 379.9,
        "algorthmScore": 320.21
    },
    {
        "case_id": "2657",
        "case_type": "树结构",
        "debugScore": 100.79,
        "firstConsScore": 337.85,
        "algorthmScore": 326.51
    },
    {
        "case_id": "2633",
        "case_type": "树结构",
        "debugScore": 564.3,
        "firstConsScore": 384.15,
        "algorthmScore": 259.16
    },
    {
        "case_id": "2699",
        "case_type": "树结构",
        "debugScore": 119.51,
        "firstConsScore": 380.54,
        "algorthmScore": 327.14
    },
    {
        "case_id": "2599",
        "case_type": "树结构",
        "debugScore": 844.79,
        "firstConsScore": 391.08,
        "algorthmScore": 269.49
    },
    {
        "case_id": "2632",
        "case_type": "树结构",
        "debugScore": 491.66,
        "firstConsScore": 443.75,
        "algorthmScore": 275.19
    },
    {
        "case_id": "2654",
        "case_type": "树结构",
        "debugScore": 110.29,
        "firstConsScore": 539.09,
        "algorthmScore": 332.52
    },
    {
        "case_id": "2598",
        "case_type": "树结构",
        "debugScore": 410.26,
        "firstConsScore": 462.41,
        "algorthmScore": 271.6
    },
    {
        "case_id": "2631",
        "case_type": "树结构",
        "debugScore": 615.9,
        "firstConsScore": 349.69,
        "algorthmScore": 296.76
    },
    {
        "case_id": "2697",
        "case_type": "树结构",
        "debugScore": 96.64,
        "firstConsScore": 499.82,
        "algorthmScore": 271.78
    },
    {
        "case_id": "2696",
        "case_type": "树结构",
        "debugScore": 738.1,
        "firstConsScore": 501.18,
        "algorthmScore": 388.56
    },
    {
        "case_id": "2355",
        "case_type": "树结构",
        "debugScore": 129.65,
        "firstConsScore": 397.15,
        "algorthmScore": 335.04
    },
    {
        "case_id": "2398",
        "case_type": "树结构",
        "debugScore": 387.99,
        "firstConsScore": 556.51,
        "algorthmScore": 358.88
    },
    {
        "case_id": "2695",
        "case_type": "树结构",
        "debugScore": 113.57,
        "firstConsScore": 344.41,
        "algorthmScore": 329.79
    },
    {
        "case_id": "2638",
        "case_type": "树结构",
        "debugScore": 103.09,
        "firstConsScore": 471.1,
        "algorthmScore": 282.57
    }
]