[
    {
        "case_id": "2525",
        "case_type": "排序算法",
        "debugScore": 85.29,
        "firstConsScore": 187.25,
        "algorthmScore": 212.66
    },
    {
        "case_id": "2523",
        "case_type": "排序算法",
        "debugScore": 90.36,
        "firstConsScore": 234.89,
        "algorthmScore": 212.16
    },
    {
        "case_id": "2521",
        "case_type": "排序算法",
        "debugScore": 93.94,
        "firstConsScore": 235.56,
        "algorthmScore": 259.21
    },
    {
        "case_id": "2532",
        "case_type": "排序算法",
        "debugScore": 386.89,
        "firstConsScore": 212.19,
        "algorthmScore": 301.76
    },
    {
        "case_id": "2531",
        "case_type": "排序算法",
        "debugScore": 814.01,
        "firstConsScore": 100.29,
        "algorthmScore": 212.77
    },
    {
        "case_id": "2530",
        "case_type": "排序算法",
        "debugScore": 1080.2,
        "firstConsScore": 80.3,
        "algorthmScore": 184.95
    },
    {
        "case_id": "2497",
        "case_type": "排序算法",
        "debugScore": 82.11,
        "firstConsScore": 247.62,
        "algorthmScore": 248.66
    },
    {
        "case_id": "2519",
        "case_type": "排序算法",
        "debugScore": 193.71,
        "firstConsScore": 200.83,
        "algorthmScore": 154.83
    },
    {
        "case_id": "2529",
        "case_type": "排序算法",
        "debugScore": 80.16,
        "firstConsScore": 194.12,
        "algorthmScore": 220.51
    },
    {
        "case_id": "2528",
        "case_type": "排序算法",
        "debugScore": 814.06,
        "firstConsScore": 103.8,
        "algorthmScore": 241.13
    },
    {
        "case_id": "2527",
        "case_type": "排序算法",
        "debugScore": 92.8,
        "firstConsScore": 269.17,
        "algorthmScore": 224.24
    }
]