[
    {
        "case_id": "2694",
        "case_type": "查找算法",
        "debugScore": 106.82,
        "firstConsScore": 393.51,
        "algorthmScore": 258.54
    },
    {
        "case_id": "2570",
        "case_type": "查找算法",
        "debugScore": 934.05,
        "firstConsScore": 227.06,
        "algorthmScore": 181.41
    },
    {
        "case_id": "2701",
        "case_type": "查找算法",
        "debugScore": 276.56,
        "firstConsScore": 337.41,
        "algorthmScore": 234.22
    },
    {
        "case_id": "2745",
        "case_type": "查找算法",
        "debugScore": 1262.36,
        "firstConsScore": 174.57,
        "algorthmScore": 299.1
    },
    {
        "case_id": "2711",
        "case_type": "查找算法",
        "debugScore": 109.95,
        "firstConsScore": 236.32,
        "algorthmScore": 160.1
    },
    {
        "case_id": "2567",
        "case_type": "查找算法",
        "debugScore": 118.37,
        "firstConsScore": 409.23,
        "algorthmScore": 236.43
    },
    {
        "case_id": "2720",
        "case_type": "查找算法",
        "debugScore": 1197.04,
        "firstConsScore": 209.77,
        "algorthmScore": 170.17
    },
    {
        "case_id": "2718",
        "case_type": "查找算法",
        "debugScore": 55.78,
        "firstConsScore": 405.26,
        "algorthmScore": 248.98
    },
    {
        "case_id": "2729",
        "case_type": "查找算法",
        "debugScore": 76.48,
        "firstConsScore": 232.58,
        "algorthmScore": 208.6
    },
    {
        "case_id": "2707",
        "case_type": "查找算法",
        "debugScore": 82.37,
        "firstConsScore": 222.91,
        "algorthmScore": 244.91
    },
    {
        "case_id": "2717",
        "case_type": "查找算法",
        "debugScore": 85.75,
        "firstConsScore": 413.74,
        "algorthmScore": 241.5
    },
    {
        "case_id": "2706",
        "case_type": "查找算法",
        "debugScore": 91.69,
        "firstConsScore": 350.11,
        "algorthmScore": 134.73
    },
    {
        "case_id": "2606",
        "case_type": "查找算法",
        "debugScore": 62.24,
        "firstConsScore": 270.13,
        "algorthmScore": 230.28
    },
    {
        "case_id": "2639",
        "case_type": "查找算法",
        "debugScore": 65.77,
        "firstConsScore": 226.59,
        "algorthmScore": 173.56
    },
    {
        "case_id": "2705",
        "case_type": "查找算法",
        "debugScore": 1026.32,
        "firstConsScore": 199.77,
        "algorthmScore": 288.2
    },
    {
        "case_id": "2716",
        "case_type": "查找算法",
        "debugScore": 185.88,
        "firstConsScore": 252.79,
        "algorthmScore": 207.64
    },
    {
        "case_id": "2726",
        "case_type": "查找算法",
        "debugScore": 101.13,
        "firstConsScore": 419.21,
        "algorthmScore": 286.01
    },
    {
        "case_id": "2715",
        "case_type": "查找算法",
        "debugScore": 296.44,
        "firstConsScore": 260.88,
        "algorthmScore": 210.63
    },
    {
        "case_id": "2737",
        "case_type": "查找算法",
        "debugScore": 77.12,
        "firstConsScore": 248.3,
        "algorthmScore": 166.71
    },
    {
        "case_id": "2703",
        "case_type": "查找算法",
        "debugScore": 80.26,
        "firstConsScore": 341.25,
        "algorthmScore": 268.61
    }
]