[
    {
        "case_id": "2650",
        "case_type": "树结构",
        "debugScore": 22.61,
        "firstConsScore": 136.61,
        "algorthmScore": 149.71
    },
    {
        "case_id": "2353",
        "case_type": "树结构",
        "debugScore": 254.64,
        "firstConsScore": 185.31,
        "algorthmScore": 273.5
    },
    {
        "case_id": "2397",
        "case_type": "树结构",
        "debugScore": 233.0,
        "firstConsScore": 210.91,
        "algorthmScore": 297.09
    },
    {
        "case_id": "2524",
        "case_type": "树结构",
        "debugScore": 267.17,
        "firstConsScore": 166.39,
        "algorthmScore": 261.16
    },
    {
        "case_id": "2600",
        "case_type": "树结构",
        "debugScore": 386.87,
        "firstConsScore": 211.53,
        "algorthmScore": 185.15
    },
    {
        "case_id": "2400",
        "case_type": "树结构",
        "debugScore": 367.11,
        "firstConsScore": 240.16,
        "algorthmScore": 397.0
    },
    {
        "case_id": "2509",
        "case_type": "树结构",
        "debugScore": 545.93,
        "firstConsScore": 118.85,
        "algorthmScore": 134.53
    },
    {
        "case_id": "2605",
        "case_type": "树结构",
        "debugScore": 157.63,
        "firstConsScore": 186.88,
        "algorthmScore": 369.03
    },
    {
        "case_id": "2549",
        "case_type": "树结构",
        "debugScore": 268.14,
        "firstConsScore": 138.31,
        "algorthmScore": 167.99
    },
    {
        "case_id": "2648",
        "case_type": "树结构",
        "debugScore": 318.05,
        "firstConsScore": 148.71,
        "algorthmScore": 225.83
    },
    {
        "case_id": "2540",
        "case_type": "树结构",
        "debugScore": 207.55,
        "firstConsScore": 189.32,
        "algorthmScore": 326.66
    },
    {
        "case_id": "2660",
        "case_type": "树结构",
        "debugScore": 0.0,
        "firstConsScore": 137.78,
        "algorthmScore": 146.43
    },
    {
        "case_id": "2382",
        "case_type": "树结构",
        "debugScore": 173.12,
        "firstConsScore": 136.08,
        "algorthmScore": 184.76
    },
    {
        "case_id": "2416",
        "case_type": "树结构",
        "debugScore": 199.45,
        "firstConsScore": 171.25,
        "algorthmScore": 253.99
    },
    {
        "case_id": "2636",
        "case_type": "树结构",
        "debugScore": 263.49,
        "firstConsScore": 166.61,
        "algorthmScore": 241.35
    },
    {
        "case_id": "2657",
        "case_type": "树结构",
        "debugScore": 192.77,
        "firstConsScore": 167.49,
        "algorthmScore": 221.73
    },
    {
        "case_id": "2633",
        "case_type": "树结构",
        "debugScore": 57.95,
        "firstConsScore": 143.49,
        "algorthmScore": 145.29
    },
    {
        "case_id": "2699",
        "case_type": "树结构",
        "debugScore": 241.81,
        "firstConsScore": 197.37,
        "algorthmScore": 344.35
    },
    {
        "case_id": "2599",
        "case_type": "树结构",
        "debugScore": 285.96,
        "firstConsScore": 159.18,
        "algorthmScore": 306.88
    },
    {
        "case_id": "2632",
        "case_type": "树结构",
        "debugScore": 167.2,
        "firstConsScore": 195.27,
        "algorthmScore": 270.28
    },
    {
        "case_id": "2654",
        "case_type": "树结构",
        "debugScore": 279.96,
        "firstConsScore": 156.0,
        "algorthmScore": 200.9
    },
    {
        "case_id": "2598",
        "case_type": "树结构",
        "debugScore": 403.98,
        "firstConsScore": 133.27,
        "algorthmScore": 161.43
    },
    {
        "case_id": "2631",
        "case_type": "树结构",
        "debugScore": 371.76,
        "firstConsScore": 124.28,
        "algorthmScore": 278.73
    },
    {
        "case_id": "2697",
        "case_type": "树结构",
        "debugScore": 512.77,
        "firstConsScore": 188.63,
        "algorthmScore": 249.8
    },
    {
        "case_id": "2696",
        "case_type": "树结构",
        "debugScore": 442.73,
        "firstConsScore": 172.9,
        "algorthmScore": 243.94
    },
    {
        "case_id": "2355",
        "case_type": "树结构",
        "debugScore": 500.97,
        "firstConsScore": 133.34,
        "algorthmScore": 175.11
    },
    {
        "case_id": "2695",
        "case_type": "树结构",
        "debugScore": 200.52,
        "firstConsScore": 153.73,
        "algorthmScore": 162.34
    },
    {
        "case_id": "2398",
        "case_type": "树结构",
        "debugScore": 49.81,
        "firstConsScore": 245.4,
        "algorthmScore": 348.51
    },
    {
        "case_id": "2638",
        "case_type": "树结构",
        "debugScore": 201.3,
        "firstConsScore": 128.71,
        "algorthmScore": 275.83
    }
]