[
    {
        "case_id": "2536",
        "case_type": "图结构",
        "debugScore": 810.05,
        "firstConsScore": 238.04,
        "algorthmScore": 198.41
    },
    {
        "case_id": "2305",
        "case_type": "图结构",
        "debugScore": 151.47,
        "firstConsScore": 310.76,
        "algorthmScore": 418.58
    },
    {
        "case_id": "2316",
        "case_type": "图结构",
        "debugScore": 161.56,
        "firstConsScore": 374.55,
        "algorthmScore": 355.97
    },
    {
        "case_id": "2348",
        "case_type": "图结构",
        "debugScore": 535.9,
        "firstConsScore": 187.01,
        "algorthmScore": 343.43
    },
    {
        "case_id": "2347",
        "case_type": "图结构",
        "debugScore": 149.21,
        "firstConsScore": 320.06,
        "algorthmScore": 358.98
    },
    {
        "case_id": "2235",
        "case_type": "图结构",
        "debugScore": 153.84,
        "firstConsScore": 377.23,
        "algorthmScore": 292.15
    },
    {
        "case_id": "2444",
        "case_type": "图结构",
        "debugScore": 99.71,
        "firstConsScore": 201.96,
        "algorthmScore": 237.86
    },
    {
        "case_id": "2343",
        "case_type": "图结构",
        "debugScore": 159.91,
        "firstConsScore": 230.75,
        "algorthmScore": 283.27
    },
    {
        "case_id": "2354",
        "case_type": "图结构",
        "debugScore": 107.53,
        "firstConsScore": 237.24,
        "algorthmScore": 317.51
    },
    {
        "case_id": "2331",
        "case_type": "图结构",
        "debugScore": 130.47,
        "firstConsScore": 344.34,
        "algorthmScore": 319.03
    },
    {
        "case_id": "2352",
        "case_type": "图结构",
        "debugScore": 125.91,
        "firstConsScore": 250.5,
        "algorthmScore": 341.52
    },
    {
        "case_id": "2704",
        "case_type": "图结构",
        "debugScore": 889.92,
        "firstConsScore": 173.15,
        "algorthmScore": 172.25
    }
]