[
    {
        "case_id": "2954",
        "case_type": "字符串",
        "debugScore": 114.92,
        "firstConsScore": 456.05,
        "algorthmScore": 197.47
    },
    {
        "case_id": "2975",
        "case_type": "字符串",
        "debugScore": 82.68,
        "firstConsScore": 195.98,
        "algorthmScore": 213.29
    },
    {
        "case_id": "2942",
        "case_type": "字符串",
        "debugScore": 80.71,
        "firstConsScore": 471.67,
        "algorthmScore": 298.93
    },
    {
        "case_id": "2963",
        "case_type": "字符串",
        "debugScore": 122.46,
        "firstConsScore": 502.18,
        "algorthmScore": 263.6
    },
    {
        "case_id": "2974",
        "case_type": "字符串",
        "debugScore": 97.32,
        "firstConsScore": 263.26,
        "algorthmScore": 293.51
    },
    {
        "case_id": "2984",
        "case_type": "字符串",
        "debugScore": 191.73,
        "firstConsScore": 305.69,
        "algorthmScore": 302.4
    },
    {
        "case_id": "2961",
        "case_type": "字符串",
        "debugScore": 96.64,
        "firstConsScore": 398.0,
        "algorthmScore": 299.19
    },
    {
        "case_id": "2972",
        "case_type": "字符串",
        "debugScore": 165.88,
        "firstConsScore": 306.23,
        "algorthmScore": 268.26
    },
    {
        "case_id": "2981",
        "case_type": "字符串",
        "debugScore": 90.21,
        "firstConsScore": 283.35,
        "algorthmScore": 303.06
    },
    {
        "case_id": "2970",
        "case_type": "字符串",
        "debugScore": 111.67,
        "firstConsScore": 344.8,
        "algorthmScore": 336.89
    },
    {
        "case_id": "2969",
        "case_type": "字符串",
        "debugScore": 521.69,
        "firstConsScore": 202.29,
        "algorthmScore": 305.79
    },
    {
        "case_id": "2979",
        "case_type": "字符串",
        "debugScore": 93.76,
        "firstConsScore": 290.35,
        "algorthmScore": 319.34
    },
    {
        "case_id": "2946",
        "case_type": "字符串",
        "debugScore": 457.47,
        "firstConsScore": 143.74,
        "algorthmScore": 274.51
    },
    {
        "case_id": "2957",
        "case_type": "字符串",
        "debugScore": 172.09,
        "firstConsScore": 400.86,
        "algorthmScore": 176.02
    },
    {
        "case_id": "2968",
        "case_type": "字符串",
        "debugScore": 107.61,
        "firstConsScore": 316.25,
        "algorthmScore": 382.69
    },
    {
        "case_id": "2978",
        "case_type": "字符串",
        "debugScore": 67.14,
        "firstConsScore": 319.67,
        "algorthmScore": 275.18
    },
    {
        "case_id": "2945",
        "case_type": "字符串",
        "debugScore": 82.75,
        "firstConsScore": 375.76,
        "algorthmScore": 264.75
    },
    {
        "case_id": "2956",
        "case_type": "字符串",
        "debugScore": 706.72,
        "firstConsScore": 304.89,
        "algorthmScore": 277.49
    }
]