[
    {
        "case_id": "2870",
        "case_type": "数组",
        "debugScore": 102.62,
        "firstConsScore": 276.1,
        "algorthmScore": 280.97
    },
    {
        "case_id": "2374",
        "case_type": "数组",
        "debugScore": 92.51,
        "firstConsScore": 312.66,
        "algorthmScore": 286.06
    },
    {
        "case_id": "2393",
        "case_type": "数组",
        "debugScore": 98.88,
        "firstConsScore": 150.44,
        "algorthmScore": 270.84
    },
    {
        "case_id": "2470",
        "case_type": "数组",
        "debugScore": 83.34,
        "firstConsScore": 281.95,
        "algorthmScore": 251.96
    },
    {
        "case_id": "2867",
        "case_type": "数组",
        "debugScore": 79.5,
        "firstConsScore": 254.38,
        "algorthmScore": 237.79
    },
    {
        "case_id": "2845",
        "case_type": "数组",
        "debugScore": 371.68,
        "firstConsScore": 221.48,
        "algorthmScore": 285.63
    },
    {
        "case_id": "2823",
        "case_type": "数组",
        "debugScore": 111.08,
        "firstConsScore": 277.66,
        "algorthmScore": 290.34
    },
    {
        "case_id": "2844",
        "case_type": "数组",
        "debugScore": 111.52,
        "firstConsScore": 258.21,
        "algorthmScore": 279.19
    },
    {
        "case_id": "2866",
        "case_type": "数组",
        "debugScore": 82.82,
        "firstConsScore": 181.31,
        "algorthmScore": 240.1
    },
    {
        "case_id": "2865",
        "case_type": "数组",
        "debugScore": 75.41,
        "firstConsScore": 271.0,
        "algorthmScore": 260.44
    },
    {
        "case_id": "2843",
        "case_type": "数组",
        "debugScore": 77.99,
        "firstConsScore": 232.04,
        "algorthmScore": 263.58
    },
    {
        "case_id": "2469",
        "case_type": "数组",
        "debugScore": 103.45,
        "firstConsScore": 209.44,
        "algorthmScore": 351.57
    },
    {
        "case_id": "2864",
        "case_type": "数组",
        "debugScore": 114.6,
        "firstConsScore": 286.81,
        "algorthmScore": 263.68
    },
    {
        "case_id": "2842",
        "case_type": "数组",
        "debugScore": 108.29,
        "firstConsScore": 226.58,
        "algorthmScore": 337.17
    },
    {
        "case_id": "2863",
        "case_type": "数组",
        "debugScore": 84.28,
        "firstConsScore": 303.09,
        "algorthmScore": 303.46
    },
    {
        "case_id": "2840",
        "case_type": "数组",
        "debugScore": 80.88,
        "firstConsScore": 255.68,
        "algorthmScore": 300.8
    },
    {
        "case_id": "2861",
        "case_type": "数组",
        "debugScore": 79.57,
        "firstConsScore": 212.44,
        "algorthmScore": 293.87
    },
    {
        "case_id": "2849",
        "case_type": "数组",
        "debugScore": 90.72,
        "firstConsScore": 212.54,
        "algorthmScore": 176.87
    },
    {
        "case_id": "2848",
        "case_type": "数组",
        "debugScore": 85.23,
        "firstConsScore": 283.23,
        "algorthmScore": 255.69
    },
    {
        "case_id": "2868",
        "case_type": "数组",
        "debugScore": 88.1,
        "firstConsScore": 209.43,
        "algorthmScore": 252.21
    },
    {
        "case_id": "2824",
        "case_type": "数组",
        "debugScore": 89.12,
        "firstConsScore": 181.99,
        "algorthmScore": 286.54
    },
    {
        "case_id": "2384",
        "case_type": "数组",
        "debugScore": 97.01,
        "firstConsScore": 189.42,
        "algorthmScore": 219.77
    },
    {
        "case_id": "2834",
        "case_type": "数组",
        "debugScore": 321.85,
        "firstConsScore": 152.61,
        "algorthmScore": 277.08
    },
    {
        "case_id": "2877",
        "case_type": "数组",
        "debugScore": 81.19,
        "firstConsScore": 250.68,
        "algorthmScore": 251.42
    },
    {
        "case_id": "2855",
        "case_type": "数组",
        "debugScore": 79.92,
        "firstConsScore": 237.13,
        "algorthmScore": 265.76
    },
    {
        "case_id": "2854",
        "case_type": "数组",
        "debugScore": 384.32,
        "firstConsScore": 255.18,
        "algorthmScore": 208.68
    },
    {
        "case_id": "2832",
        "case_type": "数组",
        "debugScore": 84.17,
        "firstConsScore": 255.2,
        "algorthmScore": 297.83
    },
    {
        "case_id": "2875",
        "case_type": "数组",
        "debugScore": 74.56,
        "firstConsScore": 281.43,
        "algorthmScore": 302.68
    },
    {
        "case_id": "2831",
        "case_type": "数组",
        "debugScore": 89.78,
        "firstConsScore": 309.89,
        "algorthmScore": 366.82
    },
    {
        "case_id": "2853",
        "case_type": "数组",
        "debugScore": 106.45,
        "firstConsScore": 206.73,
        "algorthmScore": 286.86
    },
    {
        "case_id": "2830",
        "case_type": "数组",
        "debugScore": 84.13,
        "firstConsScore": 172.48,
        "algorthmScore": 314.12
    },
    {
        "case_id": "2852",
        "case_type": "数组",
        "debugScore": 92.08,
        "firstConsScore": 185.57,
        "algorthmScore": 300.44
    },
    {
        "case_id": "2873",
        "case_type": "数组",
        "debugScore": 777.35,
        "firstConsScore": 150.15,
        "algorthmScore": 268.55
    },
    {
        "case_id": "2851",
        "case_type": "数组",
        "debugScore": 96.63,
        "firstConsScore": 160.02,
        "algorthmScore": 262.72
    },
    {
        "case_id": "2872",
        "case_type": "数组",
        "debugScore": 872.05,
        "firstConsScore": 134.15,
        "algorthmScore": 259.29
    },
    {
        "case_id": "2850",
        "case_type": "数组",
        "debugScore": 508.66,
        "firstConsScore": 142.66,
        "algorthmScore": 283.07
    },
    {
        "case_id": "2819",
        "case_type": "数组",
        "debugScore": 460.78,
        "firstConsScore": 159.24,
        "algorthmScore": 301.65
    },
    {
        "case_id": "2838",
        "case_type": "数组",
        "debugScore": 77.66,
        "firstConsScore": 229.6,
        "algorthmScore": 274.12
    },
    {
        "case_id": "2859",
        "case_type": "数组",
        "debugScore": 217.04,
        "firstConsScore": 294.61,
        "algorthmScore": 308.06
    },
    {
        "case_id": "2837",
        "case_type": "数组",
        "debugScore": 79.15,
        "firstConsScore": 259.72,
        "algorthmScore": 298.06
    },
    {
        "case_id": "2815",
        "case_type": "数组",
        "debugScore": 82.82,
        "firstConsScore": 191.61,
        "algorthmScore": 266.93
    },
    {
        "case_id": "2836",
        "case_type": "数组",
        "debugScore": 167.73,
        "firstConsScore": 260.54,
        "algorthmScore": 294.47
    },
    {
        "case_id": "2858",
        "case_type": "数组",
        "debugScore": 118.89,
        "firstConsScore": 210.74,
        "algorthmScore": 250.7
    },
    {
        "case_id": "2835",
        "case_type": "数组",
        "debugScore": 90.2,
        "firstConsScore": 262.5,
        "algorthmScore": 278.99
    },
    {
        "case_id": "2857",
        "case_type": "数组",
        "debugScore": 378.6,
        "firstConsScore": 116.31,
        "algorthmScore": 321.54
    }
]