[
    {
        "case_id": "2092",
        "case_type": "数字操作",
        "debugScore": 312.06,
        "firstConsScore": 202.53,
        "algorthmScore": 251.44
    },
    {
        "case_id": "2276",
        "case_type": "数字操作",
        "debugScore": 103.29,
        "firstConsScore": 248.79,
        "algorthmScore": 278.88
    },
    {
        "case_id": "2275",
        "case_type": "数字操作",
        "debugScore": 192.24,
        "firstConsScore": 292.69,
        "algorthmScore": 249.16
    },
    {
        "case_id": "2330",
        "case_type": "数字操作",
        "debugScore": 87.82,
        "firstConsScore": 324.58,
        "algorthmScore": 269.45
    },
    {
        "case_id": "2250",
        "case_type": "数字操作",
        "debugScore": 91.5,
        "firstConsScore": 200.46,
        "algorthmScore": 213.83
    },
    {
        "case_id": "2370",
        "case_type": "数字操作",
        "debugScore": 98.06,
        "firstConsScore": 229.37,
        "algorthmScore": 295.67
    },
    {
        "case_id": "2403",
        "case_type": "数字操作",
        "debugScore": 97.27,
        "firstConsScore": 199.98,
        "algorthmScore": 267.05
    },
    {
        "case_id": "2326",
        "case_type": "数字操作",
        "debugScore": 90.35,
        "firstConsScore": 200.95,
        "algorthmScore": 265.88
    },
    {
        "case_id": "2402",
        "case_type": "数字操作",
        "debugScore": 115.64,
        "firstConsScore": 192.6,
        "algorthmScore": 224.7
    },
    {
        "case_id": "2401",
        "case_type": "数字操作",
        "debugScore": 88.98,
        "firstConsScore": 222.85,
        "algorthmScore": 260.42
    },
    {
        "case_id": "2324",
        "case_type": "数字操作",
        "debugScore": 104.1,
        "firstConsScore": 206.68,
        "algorthmScore": 266.1
    },
    {
        "case_id": "2367",
        "case_type": "数字操作",
        "debugScore": 197.92,
        "firstConsScore": 200.87,
        "algorthmScore": 262.32
    },
    {
        "case_id": "2421",
        "case_type": "数字操作",
        "debugScore": 77.62,
        "firstConsScore": 183.82,
        "algorthmScore": 267.46
    },
    {
        "case_id": "2322",
        "case_type": "数字操作",
        "debugScore": 95.27,
        "firstConsScore": 201.65,
        "algorthmScore": 432.24
    },
    {
        "case_id": "2420",
        "case_type": "数字操作",
        "debugScore": 68.03,
        "firstConsScore": 217.98,
        "algorthmScore": 296.71
    },
    {
        "case_id": "2442",
        "case_type": "数字操作",
        "debugScore": 80.59,
        "firstConsScore": 211.19,
        "algorthmScore": 254.35
    },
    {
        "case_id": "2321",
        "case_type": "数字操作",
        "debugScore": 99.09,
        "firstConsScore": 237.29,
        "algorthmScore": 280.84
    },
    {
        "case_id": "2409",
        "case_type": "数字操作",
        "debugScore": 73.83,
        "firstConsScore": 222.43,
        "algorthmScore": 145.88
    },
    {
        "case_id": "2408",
        "case_type": "数字操作",
        "debugScore": 76.42,
        "firstConsScore": 180.99,
        "algorthmScore": 264.79
    },
    {
        "case_id": "2407",
        "case_type": "数字操作",
        "debugScore": 76.67,
        "firstConsScore": 201.4,
        "algorthmScore": 261.31
    },
    {
        "case_id": "2329",
        "case_type": "数字操作",
        "debugScore": 112.07,
        "firstConsScore": 229.42,
        "algorthmScore": 220.69
    },
    {
        "case_id": "2364",
        "case_type": "数字操作",
        "debugScore": 77.17,
        "firstConsScore": 161.41,
        "algorthmScore": 286.31
    },
    {
        "case_id": "2363",
        "case_type": "数字操作",
        "debugScore": 86.27,
        "firstConsScore": 204.08,
        "algorthmScore": 268.72
    },
    {
        "case_id": "2362",
        "case_type": "数字操作",
        "debugScore": 82.97,
        "firstConsScore": 225.18,
        "algorthmScore": 203.84
    },
    {
        "case_id": "2162",
        "case_type": "数字操作",
        "debugScore": 543.75,
        "firstConsScore": 144.3,
        "algorthmScore": 262.03
    },
    {
        "case_id": "2360",
        "case_type": "数字操作",
        "debugScore": 105.44,
        "firstConsScore": 181.09,
        "algorthmScore": 273.59
    },
    {
        "case_id": "2381",
        "case_type": "数字操作",
        "debugScore": 627.53,
        "firstConsScore": 129.67,
        "algorthmScore": 261.83
    },
    {
        "case_id": "2239",
        "case_type": "数字操作",
        "debugScore": 88.57,
        "firstConsScore": 240.03,
        "algorthmScore": 261.22
    },
    {
        "case_id": "2216",
        "case_type": "数字操作",
        "debugScore": 111.64,
        "firstConsScore": 241.16,
        "algorthmScore": 196.63
    },
    {
        "case_id": "2379",
        "case_type": "数字操作",
        "debugScore": 568.34,
        "firstConsScore": 184.45,
        "algorthmScore": 258.31
    },
    {
        "case_id": "2411",
        "case_type": "数字操作",
        "debugScore": 74.09,
        "firstConsScore": 213.35,
        "algorthmScore": 151.46
    },
    {
        "case_id": "2377",
        "case_type": "数字操作",
        "debugScore": 65.13,
        "firstConsScore": 215.93,
        "algorthmScore": 270.42
    },
    {
        "case_id": "2332",
        "case_type": "数字操作",
        "debugScore": 103.86,
        "firstConsScore": 160.34,
        "algorthmScore": 67.78
    },
    {
        "case_id": "2419",
        "case_type": "数字操作",
        "debugScore": 75.29,
        "firstConsScore": 196.92,
        "algorthmScore": 264.3
    },
    {
        "case_id": "2518",
        "case_type": "数字操作",
        "debugScore": 75.59,
        "firstConsScore": 220.24,
        "algorthmScore": 261.6
    }
]