[
    {
        "case_id": "2650",
        "case_type": "树结构",
        "debugScore": 103.37,
        "firstConsScore": 481.47,
        "algorthmScore": 302.31
    },
    {
        "case_id": "2397",
        "case_type": "树结构",
        "debugScore": 1018.28,
        "firstConsScore": 68.82,
        "algorthmScore": 289.57
    },
    {
        "case_id": "2353",
        "case_type": "树结构",
        "debugScore": 95.88,
        "firstConsScore": 208.6,
        "algorthmScore": 159.19
    },
    {
        "case_id": "2524",
        "case_type": "树结构",
        "debugScore": 120.48,
        "firstConsScore": 219.19,
        "algorthmScore": 215.68
    },
    {
        "case_id": "2600",
        "case_type": "树结构",
        "debugScore": 105.99,
        "firstConsScore": 491.51,
        "algorthmScore": 327.5
    },
    {
        "case_id": "2400",
        "case_type": "树结构",
        "debugScore": 133.94,
        "firstConsScore": 257.75,
        "algorthmScore": 381.03
    },
    {
        "case_id": "2509",
        "case_type": "树结构",
        "debugScore": 89.65,
        "firstConsScore": 435.97,
        "algorthmScore": 275.69
    },
    {
        "case_id": "2605",
        "case_type": "树结构",
        "debugScore": 86.96,
        "firstConsScore": 345.43,
        "algorthmScore": 318.65
    },
    {
        "case_id": "2549",
        "case_type": "树结构",
        "debugScore": 277.51,
        "firstConsScore": 459.34,
        "algorthmScore": 302.21
    },
    {
        "case_id": "2648",
        "case_type": "树结构",
        "debugScore": 101.08,
        "firstConsScore": 509.12,
        "algorthmScore": 347.08
    },
    {
        "case_id": "2540",
        "case_type": "树结构",
        "debugScore": 139.08,
        "firstConsScore": 242.26,
        "algorthmScore": 370.88
    },
    {
        "case_id": "2660",
        "case_type": "树结构",
        "debugScore": 99.35,
        "firstConsScore": 511.88,
        "algorthmScore": 315.91
    },
    {
        "case_id": "2382",
        "case_type": "树结构",
        "debugScore": 94.56,
        "firstConsScore": 396.96,
        "algorthmScore": 284.78
    },
    {
        "case_id": "2416",
        "case_type": "树结构",
        "debugScore": 136.26,
        "firstConsScore": 422.12,
        "algorthmScore": 282.57
    },
    {
        "case_id": "2636",
        "case_type": "树结构",
        "debugScore": 109.29,
        "firstConsScore": 173.92,
        "algorthmScore": 309.46
    },
    {
        "case_id": "2657",
        "case_type": "树结构",
        "debugScore": 100.79,
        "firstConsScore": 546.98,
        "algorthmScore": 327.99
    },
    {
        "case_id": "2633",
        "case_type": "树结构",
        "debugScore": 154.13,
        "firstConsScore": 481.16,
        "algorthmScore": 286.84
    },
    {
        "case_id": "2699",
        "case_type": "树结构",
        "debugScore": 119.51,
        "firstConsScore": 237.06,
        "algorthmScore": 323.35
    },
    {
        "case_id": "2599",
        "case_type": "树结构",
        "debugScore": 99.8,
        "firstConsScore": 520.48,
        "algorthmScore": 320.27
    },
    {
        "case_id": "2632",
        "case_type": "树结构",
        "debugScore": 116.46,
        "firstConsScore": 502.54,
        "algorthmScore": 296.53
    },
    {
        "case_id": "2654",
        "case_type": "树结构",
        "debugScore": 110.29,
        "firstConsScore": 512.27,
        "algorthmScore": 267.55
    },
    {
        "case_id": "2598",
        "case_type": "树结构",
        "debugScore": 410.26,
        "firstConsScore": 457.21,
        "algorthmScore": 312.46
    },
    {
        "case_id": "2631",
        "case_type": "树结构",
        "debugScore": 90.08,
        "firstConsScore": 337.66,
        "algorthmScore": 312.98
    },
    {
        "case_id": "2697",
        "case_type": "树结构",
        "debugScore": 96.64,
        "firstConsScore": 307.62,
        "algorthmScore": 246.34
    },
    {
        "case_id": "2355",
        "case_type": "树结构",
        "debugScore": 129.65,
        "firstConsScore": 424.04,
        "algorthmScore": 310.95
    },
    {
        "case_id": "2696",
        "case_type": "树结构",
        "debugScore": 738.1,
        "firstConsScore": 106.62,
        "algorthmScore": 313.34
    },
    {
        "case_id": "2695",
        "case_type": "树结构",
        "debugScore": 113.57,
        "firstConsScore": 590.96,
        "algorthmScore": 317.23
    },
    {
        "case_id": "2398",
        "case_type": "树结构",
        "debugScore": 91.47,
        "firstConsScore": 376.83,
        "algorthmScore": 230.0
    },
    {
        "case_id": "2638",
        "case_type": "树结构",
        "debugScore": 961.53,
        "firstConsScore": 345.06,
        "algorthmScore": 301.97
    }
]