[
    {
        "case_id": "2870",
        "case_type": "数组",
        "debugScore": 102.62,
        "firstConsScore": 133.72,
        "algorthmScore": 169.17
    },
    {
        "case_id": "2867",
        "case_type": "数组",
        "debugScore": 79.5,
        "firstConsScore": 208.65,
        "algorthmScore": 267.61
    },
    {
        "case_id": "2845",
        "case_type": "数组",
        "debugScore": 159.14,
        "firstConsScore": 169.55,
        "algorthmScore": 229.32
    },
    {
        "case_id": "2823",
        "case_type": "数组",
        "debugScore": 111.08,
        "firstConsScore": 288.62,
        "algorthmScore": 278.8
    },
    {
        "case_id": "2844",
        "case_type": "数组",
        "debugScore": 111.52,
        "firstConsScore": 214.48,
        "algorthmScore": 265.17
    },
    {
        "case_id": "2866",
        "case_type": "数组",
        "debugScore": 82.82,
        "firstConsScore": 193.52,
        "algorthmScore": 259.58
    },
    {
        "case_id": "2865",
        "case_type": "数组",
        "debugScore": 75.41,
        "firstConsScore": 219.65,
        "algorthmScore": 273.93
    },
    {
        "case_id": "2843",
        "case_type": "数组",
        "debugScore": 77.99,
        "firstConsScore": 186.79,
        "algorthmScore": 195.78
    },
    {
        "case_id": "2864",
        "case_type": "数组",
        "debugScore": 114.6,
        "firstConsScore": 201.53,
        "algorthmScore": 214.36
    },
    {
        "case_id": "2863",
        "case_type": "数组",
        "debugScore": 84.28,
        "firstConsScore": 186.7,
        "algorthmScore": 231.72
    },
    {
        "case_id": "2840",
        "case_type": "数组",
        "debugScore": 80.88,
        "firstConsScore": 175.95,
        "algorthmScore": 212.03
    },
    {
        "case_id": "2861",
        "case_type": "数组",
        "debugScore": 79.57,
        "firstConsScore": 173.91,
        "algorthmScore": 267.03
    },
    {
        "case_id": "2849",
        "case_type": "数组",
        "debugScore": 90.72,
        "firstConsScore": 113.59,
        "algorthmScore": 112.79
    },
    {
        "case_id": "2848",
        "case_type": "数组",
        "debugScore": 85.23,
        "firstConsScore": 204.56,
        "algorthmScore": 236.23
    },
    {
        "case_id": "2824",
        "case_type": "数组",
        "debugScore": 81.04,
        "firstConsScore": 185.36,
        "algorthmScore": 264.55
    },
    {
        "case_id": "2868",
        "case_type": "数组",
        "debugScore": 88.1,
        "firstConsScore": 179.45,
        "algorthmScore": 250.14
    },
    {
        "case_id": "2834",
        "case_type": "数组",
        "debugScore": 82.17,
        "firstConsScore": 152.19,
        "algorthmScore": 217.03
    },
    {
        "case_id": "2877",
        "case_type": "数组",
        "debugScore": 81.19,
        "firstConsScore": 234.35,
        "algorthmScore": 308.75
    },
    {
        "case_id": "2855",
        "case_type": "数组",
        "debugScore": 79.92,
        "firstConsScore": 213.96,
        "algorthmScore": 283.47
    },
    {
        "case_id": "2854",
        "case_type": "数组",
        "debugScore": 88.3,
        "firstConsScore": 176.41,
        "algorthmScore": 184.47
    },
    {
        "case_id": "2832",
        "case_type": "数组",
        "debugScore": 84.17,
        "firstConsScore": 187.65,
        "algorthmScore": 170.26
    },
    {
        "case_id": "2875",
        "case_type": "数组",
        "debugScore": 74.56,
        "firstConsScore": 215.3,
        "algorthmScore": 236.6
    },
    {
        "case_id": "2831",
        "case_type": "数组",
        "debugScore": 89.78,
        "firstConsScore": 224.32,
        "algorthmScore": 265.05
    },
    {
        "case_id": "2853",
        "case_type": "数组",
        "debugScore": 106.45,
        "firstConsScore": 170.06,
        "algorthmScore": 244.28
    },
    {
        "case_id": "2830",
        "case_type": "数组",
        "debugScore": 79.16,
        "firstConsScore": 168.76,
        "algorthmScore": 247.64
    },
    {
        "case_id": "2873",
        "case_type": "数组",
        "debugScore": 81.47,
        "firstConsScore": 221.88,
        "algorthmScore": 259.62
    },
    {
        "case_id": "2851",
        "case_type": "数组",
        "debugScore": 96.63,
        "firstConsScore": 170.95,
        "algorthmScore": 262.76
    },
    {
        "case_id": "2872",
        "case_type": "数组",
        "debugScore": 86.13,
        "firstConsScore": 203.08,
        "algorthmScore": 264.02
    },
    {
        "case_id": "2850",
        "case_type": "数组",
        "debugScore": 84.73,
        "firstConsScore": 236.4,
        "algorthmScore": 240.37
    },
    {
        "case_id": "2819",
        "case_type": "数组",
        "debugScore": 109.67,
        "firstConsScore": 183.3,
        "algorthmScore": 227.63
    },
    {
        "case_id": "2838",
        "case_type": "数组",
        "debugScore": 77.66,
        "firstConsScore": 183.86,
        "algorthmScore": 263.38
    },
    {
        "case_id": "2859",
        "case_type": "数组",
        "debugScore": 217.04,
        "firstConsScore": 192.94,
        "algorthmScore": 215.83
    },
    {
        "case_id": "2837",
        "case_type": "数组",
        "debugScore": 79.15,
        "firstConsScore": 197.97,
        "algorthmScore": 194.74
    },
    {
        "case_id": "2815",
        "case_type": "数组",
        "debugScore": 82.82,
        "firstConsScore": 160.05,
        "algorthmScore": 200.41
    },
    {
        "case_id": "2836",
        "case_type": "数组",
        "debugScore": 97.01,
        "firstConsScore": 181.33,
        "algorthmScore": 240.07
    },
    {
        "case_id": "2858",
        "case_type": "数组",
        "debugScore": 118.89,
        "firstConsScore": 182.18,
        "algorthmScore": 251.41
    },
    {
        "case_id": "2835",
        "case_type": "数组",
        "debugScore": 90.2,
        "firstConsScore": 206.51,
        "algorthmScore": 215.96
    },
    {
        "case_id": "2857",
        "case_type": "数组",
        "debugScore": 145.1,
        "firstConsScore": 103.66,
        "algorthmScore": 251.57
    }
]