[
    {
        "case_id": "2092",
        "case_type": "数字操作",
        "debugScore": 414.32,
        "firstConsScore": 85.67,
        "algorthmScore": 281.86
    },
    {
        "case_id": "2276",
        "case_type": "数字操作",
        "debugScore": 257.56,
        "firstConsScore": 214.43,
        "algorthmScore": 298.23
    },
    {
        "case_id": "2275",
        "case_type": "数字操作",
        "debugScore": 286.29,
        "firstConsScore": 230.46,
        "algorthmScore": 256.57
    },
    {
        "case_id": "2330",
        "case_type": "数字操作",
        "debugScore": 484.09,
        "firstConsScore": 126.29,
        "algorthmScore": 319.91
    },
    {
        "case_id": "2250",
        "case_type": "数字操作",
        "debugScore": 725.75,
        "firstConsScore": 159.76,
        "algorthmScore": 316.62
    },
    {
        "case_id": "2370",
        "case_type": "数字操作",
        "debugScore": 98.06,
        "firstConsScore": 262.59,
        "algorthmScore": 279.17
    },
    {
        "case_id": "2403",
        "case_type": "数字操作",
        "debugScore": 97.27,
        "firstConsScore": 239.79,
        "algorthmScore": 257.3
    },
    {
        "case_id": "2326",
        "case_type": "数字操作",
        "debugScore": 1052.25,
        "firstConsScore": 212.03,
        "algorthmScore": 334.54
    },
    {
        "case_id": "2402",
        "case_type": "数字操作",
        "debugScore": 115.64,
        "firstConsScore": 159.5,
        "algorthmScore": 190.85
    },
    {
        "case_id": "2401",
        "case_type": "数字操作",
        "debugScore": 88.98,
        "firstConsScore": 208.16,
        "algorthmScore": 327.41
    },
    {
        "case_id": "2324",
        "case_type": "数字操作",
        "debugScore": 646.94,
        "firstConsScore": 119.39,
        "algorthmScore": 141.06
    },
    {
        "case_id": "2367",
        "case_type": "数字操作",
        "debugScore": 730.53,
        "firstConsScore": 201.04,
        "algorthmScore": 298.96
    },
    {
        "case_id": "2421",
        "case_type": "数字操作",
        "debugScore": 77.62,
        "firstConsScore": 209.16,
        "algorthmScore": 159.32
    },
    {
        "case_id": "2322",
        "case_type": "数字操作",
        "debugScore": 731.99,
        "firstConsScore": 84.76,
        "algorthmScore": 438.35
    },
    {
        "case_id": "2420",
        "case_type": "数字操作",
        "debugScore": 992.69,
        "firstConsScore": 135.49,
        "algorthmScore": 204.85
    },
    {
        "case_id": "2442",
        "case_type": "数字操作",
        "debugScore": 80.59,
        "firstConsScore": 190.23,
        "algorthmScore": 161.36
    },
    {
        "case_id": "2321",
        "case_type": "数字操作",
        "debugScore": 626.69,
        "firstConsScore": 142.27,
        "algorthmScore": 317.91
    },
    {
        "case_id": "2409",
        "case_type": "数字操作",
        "debugScore": 685.65,
        "firstConsScore": 81.25,
        "algorthmScore": 128.21
    },
    {
        "case_id": "2408",
        "case_type": "数字操作",
        "debugScore": 76.42,
        "firstConsScore": 260.48,
        "algorthmScore": 359.79
    },
    {
        "case_id": "2407",
        "case_type": "数字操作",
        "debugScore": 76.67,
        "firstConsScore": 210.3,
        "algorthmScore": 192.77
    },
    {
        "case_id": "2329",
        "case_type": "数字操作",
        "debugScore": 682.97,
        "firstConsScore": 199.77,
        "algorthmScore": 409.09
    },
    {
        "case_id": "2364",
        "case_type": "数字操作",
        "debugScore": 1380.92,
        "firstConsScore": 97.34,
        "algorthmScore": 296.66
    },
    {
        "case_id": "2363",
        "case_type": "数字操作",
        "debugScore": 86.27,
        "firstConsScore": 236.27,
        "algorthmScore": 299.45
    },
    {
        "case_id": "2362",
        "case_type": "数字操作",
        "debugScore": 82.97,
        "firstConsScore": 195.66,
        "algorthmScore": 121.4
    },
    {
        "case_id": "2162",
        "case_type": "数字操作",
        "debugScore": 543.75,
        "firstConsScore": 163.41,
        "algorthmScore": 178.05
    },
    {
        "case_id": "2381",
        "case_type": "数字操作",
        "debugScore": 77.8,
        "firstConsScore": 294.58,
        "algorthmScore": 232.61
    },
    {
        "case_id": "2239",
        "case_type": "数字操作",
        "debugScore": 906.67,
        "firstConsScore": 120.31,
        "algorthmScore": 211.31
    },
    {
        "case_id": "2216",
        "case_type": "数字操作",
        "debugScore": 111.64,
        "firstConsScore": 231.93,
        "algorthmScore": 227.4
    },
    {
        "case_id": "2379",
        "case_type": "数字操作",
        "debugScore": 79.85,
        "firstConsScore": 250.25,
        "algorthmScore": 226.99
    },
    {
        "case_id": "2411",
        "case_type": "数字操作",
        "debugScore": 579.34,
        "firstConsScore": 136.13,
        "algorthmScore": 240.93
    },
    {
        "case_id": "2377",
        "case_type": "数字操作",
        "debugScore": 66.45,
        "firstConsScore": 235.83,
        "algorthmScore": 233.91
    },
    {
        "case_id": "2419",
        "case_type": "数字操作",
        "debugScore": 75.29,
        "firstConsScore": 223.8,
        "algorthmScore": 277.86
    },
    {
        "case_id": "2518",
        "case_type": "数字操作",
        "debugScore": 75.59,
        "firstConsScore": 215.05,
        "algorthmScore": 151.64
    }
]