[
    {
        "case_id": "2473",
        "case_type": "线性表",
        "debugScore": 687.15,
        "firstConsScore": 219.65,
        "algorthmScore": 263.35
    },
    {
        "case_id": "2471",
        "case_type": "线性表",
        "debugScore": 878.59,
        "firstConsScore": 269.65,
        "algorthmScore": 267.59
    },
    {
        "case_id": "2691",
        "case_type": "线性表",
        "debugScore": 777.83,
        "firstConsScore": 238.48,
        "algorthmScore": 291.96
    },
    {
        "case_id": "2690",
        "case_type": "线性表",
        "debugScore": 552.94,
        "firstConsScore": 219.6,
        "algorthmScore": 301.22
    },
    {
        "case_id": "2590",
        "case_type": "线性表",
        "debugScore": 549.51,
        "firstConsScore": 184.67,
        "algorthmScore": 273.95
    },
    {
        "case_id": "2724",
        "case_type": "线性表",
        "debugScore": 96.42,
        "firstConsScore": 299.24,
        "algorthmScore": 273.97
    },
    {
        "case_id": "2646",
        "case_type": "线性表",
        "debugScore": 570.49,
        "firstConsScore": 197.65,
        "algorthmScore": 264.83
    },
    {
        "case_id": "2723",
        "case_type": "线性表",
        "debugScore": 1212.47,
        "firstConsScore": 219.77,
        "algorthmScore": 219.07
    },
    {
        "case_id": "2722",
        "case_type": "线性表",
        "debugScore": 78.28,
        "firstConsScore": 296.83,
        "algorthmScore": 248.98
    },
    {
        "case_id": "2721",
        "case_type": "线性表",
        "debugScore": 82.94,
        "firstConsScore": 275.1,
        "algorthmScore": 190.8
    },
    {
        "case_id": "2487",
        "case_type": "线性表",
        "debugScore": 77.87,
        "firstConsScore": 289.38,
        "algorthmScore": 215.97
    },
    {
        "case_id": "2486",
        "case_type": "线性表",
        "debugScore": 91.37,
        "firstConsScore": 329.06,
        "algorthmScore": 221.84
    },
    {
        "case_id": "2761",
        "case_type": "线性表",
        "debugScore": 854.19,
        "firstConsScore": 260.8,
        "algorthmScore": 223.37
    },
    {
        "case_id": "2728",
        "case_type": "线性表",
        "debugScore": 779.65,
        "firstConsScore": 243.8,
        "algorthmScore": 265.84
    },
    {
        "case_id": "2727",
        "case_type": "线性表",
        "debugScore": 95.35,
        "firstConsScore": 381.06,
        "algorthmScore": 266.01
    },
    {
        "case_id": "2649",
        "case_type": "线性表",
        "debugScore": 731.28,
        "firstConsScore": 197.58,
        "algorthmScore": 249.1
    },
    {
        "case_id": "2725",
        "case_type": "线性表",
        "debugScore": 889.38,
        "firstConsScore": 272.02,
        "algorthmScore": 229.83
    },
    {
        "case_id": "2485",
        "case_type": "线性表",
        "debugScore": 818.34,
        "firstConsScore": 189.56,
        "algorthmScore": 276.34
    },
    {
        "case_id": "2760",
        "case_type": "线性表",
        "debugScore": 799.4,
        "firstConsScore": 219.68,
        "algorthmScore": 166.78
    },
    {
        "case_id": "2484",
        "case_type": "线性表",
        "debugScore": 1466.99,
        "firstConsScore": 218.7,
        "algorthmScore": 223.43
    },
    {
        "case_id": "2560",
        "case_type": "线性表",
        "debugScore": 94.09,
        "firstConsScore": 306.01,
        "algorthmScore": 264.35
    },
    {
        "case_id": "2483",
        "case_type": "线性表",
        "debugScore": 100.28,
        "firstConsScore": 289.47,
        "algorthmScore": 267.57
    },
    {
        "case_id": "2559",
        "case_type": "线性表",
        "debugScore": 85.53,
        "firstConsScore": 282.37,
        "algorthmScore": 302.1
    },
    {
        "case_id": "2557",
        "case_type": "线性表",
        "debugScore": 81.3,
        "firstConsScore": 277.91,
        "algorthmScore": 276.24
    },
    {
        "case_id": "2755",
        "case_type": "线性表",
        "debugScore": 594.53,
        "firstConsScore": 200.92,
        "algorthmScore": 261.28
    },
    {
        "case_id": "2732",
        "case_type": "线性表",
        "debugScore": 77.69,
        "firstConsScore": 314.85,
        "algorthmScore": 297.04
    },
    {
        "case_id": "2336",
        "case_type": "线性表",
        "debugScore": 440.77,
        "firstConsScore": 186.57,
        "algorthmScore": 231.9
    },
    {
        "case_id": "2731",
        "case_type": "线性表",
        "debugScore": 92.02,
        "firstConsScore": 350.89,
        "algorthmScore": 284.7
    },
    {
        "case_id": "2730",
        "case_type": "线性表",
        "debugScore": 1237.12,
        "firstConsScore": 238.07,
        "algorthmScore": 252.1
    },
    {
        "case_id": "2759",
        "case_type": "线性表",
        "debugScore": 82.68,
        "firstConsScore": 318.0,
        "algorthmScore": 261.6
    }
]