[
    {
        "case_id": "2473",
        "case_type": "线性表",
        "debugScore": 86.76,
        "firstConsScore": 254.46,
        "algorthmScore": 269.23
    },
    {
        "case_id": "2471",
        "case_type": "线性表",
        "debugScore": 358.14,
        "firstConsScore": 205.35,
        "algorthmScore": 276.2
    },
    {
        "case_id": "2691",
        "case_type": "线性表",
        "debugScore": 100.02,
        "firstConsScore": 268.13,
        "algorthmScore": 257.96
    },
    {
        "case_id": "2690",
        "case_type": "线性表",
        "debugScore": 139.87,
        "firstConsScore": 249.12,
        "algorthmScore": 189.98
    },
    {
        "case_id": "2590",
        "case_type": "线性表",
        "debugScore": 540.12,
        "firstConsScore": 132.76,
        "algorthmScore": 246.84
    },
    {
        "case_id": "2724",
        "case_type": "线性表",
        "debugScore": 96.42,
        "firstConsScore": 178.45,
        "algorthmScore": 261.36
    },
    {
        "case_id": "2646",
        "case_type": "线性表",
        "debugScore": 85.37,
        "firstConsScore": 237.51,
        "algorthmScore": 247.65
    },
    {
        "case_id": "2723",
        "case_type": "线性表",
        "debugScore": 85.66,
        "firstConsScore": 197.46,
        "algorthmScore": 238.66
    },
    {
        "case_id": "2722",
        "case_type": "线性表",
        "debugScore": 78.28,
        "firstConsScore": 192.28,
        "algorthmScore": 250.63
    },
    {
        "case_id": "2721",
        "case_type": "线性表",
        "debugScore": 82.94,
        "firstConsScore": 198.06,
        "algorthmScore": 241.76
    },
    {
        "case_id": "2487",
        "case_type": "线性表",
        "debugScore": 77.87,
        "firstConsScore": 219.04,
        "algorthmScore": 218.97
    },
    {
        "case_id": "2486",
        "case_type": "线性表",
        "debugScore": 677.01,
        "firstConsScore": 124.77,
        "algorthmScore": 237.16
    },
    {
        "case_id": "2761",
        "case_type": "线性表",
        "debugScore": 84.71,
        "firstConsScore": 205.78,
        "algorthmScore": 224.42
    },
    {
        "case_id": "2728",
        "case_type": "线性表",
        "debugScore": 322.55,
        "firstConsScore": 202.55,
        "algorthmScore": 239.96
    },
    {
        "case_id": "2727",
        "case_type": "线性表",
        "debugScore": 95.35,
        "firstConsScore": 271.93,
        "algorthmScore": 202.43
    },
    {
        "case_id": "2649",
        "case_type": "线性表",
        "debugScore": 84.85,
        "firstConsScore": 206.21,
        "algorthmScore": 179.57
    },
    {
        "case_id": "2725",
        "case_type": "线性表",
        "debugScore": 85.38,
        "firstConsScore": 186.6,
        "algorthmScore": 288.21
    },
    {
        "case_id": "2485",
        "case_type": "线性表",
        "debugScore": 77.05,
        "firstConsScore": 242.94,
        "algorthmScore": 252.83
    },
    {
        "case_id": "2760",
        "case_type": "线性表",
        "debugScore": 94.78,
        "firstConsScore": 218.08,
        "algorthmScore": 239.5
    },
    {
        "case_id": "2484",
        "case_type": "线性表",
        "debugScore": 369.21,
        "firstConsScore": 187.59,
        "algorthmScore": 270.17
    },
    {
        "case_id": "2560",
        "case_type": "线性表",
        "debugScore": 94.09,
        "firstConsScore": 250.72,
        "algorthmScore": 299.7
    },
    {
        "case_id": "2483",
        "case_type": "线性表",
        "debugScore": 100.28,
        "firstConsScore": 192.86,
        "algorthmScore": 199.99
    },
    {
        "case_id": "2559",
        "case_type": "线性表",
        "debugScore": 85.53,
        "firstConsScore": 208.42,
        "algorthmScore": 292.57
    },
    {
        "case_id": "2557",
        "case_type": "线性表",
        "debugScore": 417.02,
        "firstConsScore": 232.08,
        "algorthmScore": 185.72
    },
    {
        "case_id": "2755",
        "case_type": "线性表",
        "debugScore": 105.5,
        "firstConsScore": 232.16,
        "algorthmScore": 127.75
    },
    {
        "case_id": "2732",
        "case_type": "线性表",
        "debugScore": 77.69,
        "firstConsScore": 213.15,
        "algorthmScore": 292.79
    },
    {
        "case_id": "2336",
        "case_type": "线性表",
        "debugScore": 391.16,
        "firstConsScore": 108.8,
        "algorthmScore": 301.71
    },
    {
        "case_id": "2731",
        "case_type": "线性表",
        "debugScore": 92.02,
        "firstConsScore": 194.42,
        "algorthmScore": 269.47
    },
    {
        "case_id": "2730",
        "case_type": "线性表",
        "debugScore": 77.3,
        "firstConsScore": 202.58,
        "algorthmScore": 223.07
    },
    {
        "case_id": "2759",
        "case_type": "线性表",
        "debugScore": 82.68,
        "firstConsScore": 200.36,
        "algorthmScore": 252.03
    }
]