[
    {
        "case_id": "2473",
        "case_type": "线性表",
        "debugScore": 665.56,
        "firstConsScore": 217.04,
        "algorthmScore": 284.42
    },
    {
        "case_id": "2471",
        "case_type": "线性表",
        "debugScore": 75.55,
        "firstConsScore": 329.0,
        "algorthmScore": 297.52
    },
    {
        "case_id": "2691",
        "case_type": "线性表",
        "debugScore": 777.83,
        "firstConsScore": 231.38,
        "algorthmScore": 303.49
    },
    {
        "case_id": "2690",
        "case_type": "线性表",
        "debugScore": 424.58,
        "firstConsScore": 223.62,
        "algorthmScore": 306.02
    },
    {
        "case_id": "2590",
        "case_type": "线性表",
        "debugScore": 485.82,
        "firstConsScore": 196.17,
        "algorthmScore": 287.86
    },
    {
        "case_id": "2724",
        "case_type": "线性表",
        "debugScore": 96.42,
        "firstConsScore": 302.26,
        "algorthmScore": 228.47
    },
    {
        "case_id": "2646",
        "case_type": "线性表",
        "debugScore": 734.9,
        "firstConsScore": 167.39,
        "algorthmScore": 265.14
    },
    {
        "case_id": "2723",
        "case_type": "线性表",
        "debugScore": 1197.6,
        "firstConsScore": 234.37,
        "algorthmScore": 272.15
    },
    {
        "case_id": "2722",
        "case_type": "线性表",
        "debugScore": 1711.6,
        "firstConsScore": 233.45,
        "algorthmScore": 261.9
    },
    {
        "case_id": "2721",
        "case_type": "线性表",
        "debugScore": 82.94,
        "firstConsScore": 308.68,
        "algorthmScore": 300.5
    },
    {
        "case_id": "2487",
        "case_type": "线性表",
        "debugScore": 985.87,
        "firstConsScore": 214.73,
        "algorthmScore": 193.64
    },
    {
        "case_id": "2761",
        "case_type": "线性表",
        "debugScore": 571.7,
        "firstConsScore": 286.7,
        "algorthmScore": 254.93
    },
    {
        "case_id": "2486",
        "case_type": "线性表",
        "debugScore": 749.52,
        "firstConsScore": 155.96,
        "algorthmScore": 280.3
    },
    {
        "case_id": "2728",
        "case_type": "线性表",
        "debugScore": 750.52,
        "firstConsScore": 239.53,
        "algorthmScore": 298.88
    },
    {
        "case_id": "2649",
        "case_type": "线性表",
        "debugScore": 699.33,
        "firstConsScore": 251.85,
        "algorthmScore": 355.28
    },
    {
        "case_id": "2725",
        "case_type": "线性表",
        "debugScore": 360.15,
        "firstConsScore": 345.9,
        "algorthmScore": 229.06
    },
    {
        "case_id": "2485",
        "case_type": "线性表",
        "debugScore": 762.32,
        "firstConsScore": 198.76,
        "algorthmScore": 237.42
    },
    {
        "case_id": "2760",
        "case_type": "线性表",
        "debugScore": 94.78,
        "firstConsScore": 313.39,
        "algorthmScore": 264.52
    },
    {
        "case_id": "2484",
        "case_type": "线性表",
        "debugScore": 93.92,
        "firstConsScore": 289.36,
        "algorthmScore": 262.1
    },
    {
        "case_id": "2560",
        "case_type": "线性表",
        "debugScore": 852.76,
        "firstConsScore": 197.29,
        "algorthmScore": 287.57
    },
    {
        "case_id": "2483",
        "case_type": "线性表",
        "debugScore": 1300.53,
        "firstConsScore": 229.1,
        "algorthmScore": 258.98
    },
    {
        "case_id": "2559",
        "case_type": "线性表",
        "debugScore": 85.53,
        "firstConsScore": 301.53,
        "algorthmScore": 334.28
    },
    {
        "case_id": "2557",
        "case_type": "线性表",
        "debugScore": 769.42,
        "firstConsScore": 206.57,
        "algorthmScore": 269.86
    },
    {
        "case_id": "2755",
        "case_type": "线性表",
        "debugScore": 550.72,
        "firstConsScore": 206.7,
        "algorthmScore": 294.46
    },
    {
        "case_id": "2732",
        "case_type": "线性表",
        "debugScore": 77.69,
        "firstConsScore": 315.72,
        "algorthmScore": 246.64
    },
    {
        "case_id": "2336",
        "case_type": "线性表",
        "debugScore": 446.26,
        "firstConsScore": 189.59,
        "algorthmScore": 381.92
    },
    {
        "case_id": "2731",
        "case_type": "线性表",
        "debugScore": 92.02,
        "firstConsScore": 339.37,
        "algorthmScore": 268.0
    },
    {
        "case_id": "2730",
        "case_type": "线性表",
        "debugScore": 77.3,
        "firstConsScore": 315.14,
        "algorthmScore": 262.99
    },
    {
        "case_id": "2759",
        "case_type": "线性表",
        "debugScore": 1673.16,
        "firstConsScore": 260.02,
        "algorthmScore": 279.39
    }
]