[
    {
        "case_id": "2954",
        "case_type": "字符串",
        "debugScore": 119.33,
        "firstConsScore": 391.07,
        "algorthmScore": 303.85
    },
    {
        "case_id": "2975",
        "case_type": "字符串",
        "debugScore": 82.68,
        "firstConsScore": 218.8,
        "algorthmScore": 219.65
    },
    {
        "case_id": "2942",
        "case_type": "字符串",
        "debugScore": 363.17,
        "firstConsScore": 130.9,
        "algorthmScore": 177.41
    },
    {
        "case_id": "2963",
        "case_type": "字符串",
        "debugScore": 122.46,
        "firstConsScore": 374.19,
        "algorthmScore": 303.74
    },
    {
        "case_id": "2974",
        "case_type": "字符串",
        "debugScore": 97.32,
        "firstConsScore": 261.52,
        "algorthmScore": 233.32
    },
    {
        "case_id": "2984",
        "case_type": "字符串",
        "debugScore": 843.49,
        "firstConsScore": 202.34,
        "algorthmScore": 242.52
    },
    {
        "case_id": "2961",
        "case_type": "字符串",
        "debugScore": 440.33,
        "firstConsScore": 92.84,
        "algorthmScore": 278.88
    },
    {
        "case_id": "2972",
        "case_type": "字符串",
        "debugScore": 618.34,
        "firstConsScore": 167.44,
        "algorthmScore": 291.53
    },
    {
        "case_id": "2981",
        "case_type": "字符串",
        "debugScore": 90.21,
        "firstConsScore": 311.07,
        "algorthmScore": 383.58
    },
    {
        "case_id": "2970",
        "case_type": "字符串",
        "debugScore": 105.68,
        "firstConsScore": 351.28,
        "algorthmScore": 291.54
    },
    {
        "case_id": "2969",
        "case_type": "字符串",
        "debugScore": 125.36,
        "firstConsScore": 376.87,
        "algorthmScore": 305.75
    },
    {
        "case_id": "2979",
        "case_type": "字符串",
        "debugScore": 93.76,
        "firstConsScore": 303.24,
        "algorthmScore": 199.13
    },
    {
        "case_id": "2946",
        "case_type": "字符串",
        "debugScore": 397.95,
        "firstConsScore": 176.95,
        "algorthmScore": 209.42
    },
    {
        "case_id": "2957",
        "case_type": "字符串",
        "debugScore": 78.19,
        "firstConsScore": 312.41,
        "algorthmScore": 296.17
    },
    {
        "case_id": "2968",
        "case_type": "字符串",
        "debugScore": 107.61,
        "firstConsScore": 310.87,
        "algorthmScore": 333.66
    },
    {
        "case_id": "2978",
        "case_type": "字符串",
        "debugScore": 277.96,
        "firstConsScore": 250.79,
        "algorthmScore": 239.14
    },
    {
        "case_id": "2945",
        "case_type": "字符串",
        "debugScore": 459.93,
        "firstConsScore": 157.31,
        "algorthmScore": 267.39
    },
    {
        "case_id": "2956",
        "case_type": "字符串",
        "debugScore": 106.37,
        "firstConsScore": 365.8,
        "algorthmScore": 310.46
    }
]