[
    {
        "case_id": "2870",
        "case_type": "数组",
        "debugScore": 102.62,
        "firstConsScore": 219.9,
        "algorthmScore": 219.49
    },
    {
        "case_id": "2374",
        "case_type": "数组",
        "debugScore": 468.77,
        "firstConsScore": 132.85,
        "algorthmScore": 260.66
    },
    {
        "case_id": "2393",
        "case_type": "数组",
        "debugScore": 98.88,
        "firstConsScore": 272.03,
        "algorthmScore": 271.56
    },
    {
        "case_id": "2470",
        "case_type": "数组",
        "debugScore": 83.34,
        "firstConsScore": 335.21,
        "algorthmScore": 279.75
    },
    {
        "case_id": "2867",
        "case_type": "数组",
        "debugScore": 79.5,
        "firstConsScore": 267.2,
        "algorthmScore": 274.34
    },
    {
        "case_id": "2845",
        "case_type": "数组",
        "debugScore": 160.64,
        "firstConsScore": 253.14,
        "algorthmScore": 249.54
    },
    {
        "case_id": "2823",
        "case_type": "数组",
        "debugScore": 520.73,
        "firstConsScore": 184.06,
        "algorthmScore": 244.76
    },
    {
        "case_id": "2844",
        "case_type": "数组",
        "debugScore": 111.52,
        "firstConsScore": 271.35,
        "algorthmScore": 268.16
    },
    {
        "case_id": "2866",
        "case_type": "数组",
        "debugScore": 82.82,
        "firstConsScore": 240.39,
        "algorthmScore": 185.66
    },
    {
        "case_id": "2865",
        "case_type": "数组",
        "debugScore": 75.41,
        "firstConsScore": 267.56,
        "algorthmScore": 324.61
    },
    {
        "case_id": "2843",
        "case_type": "数组",
        "debugScore": 77.99,
        "firstConsScore": 248.61,
        "algorthmScore": 243.25
    },
    {
        "case_id": "2469",
        "case_type": "数组",
        "debugScore": 103.45,
        "firstConsScore": 280.25,
        "algorthmScore": 303.63
    },
    {
        "case_id": "2864",
        "case_type": "数组",
        "debugScore": 114.6,
        "firstConsScore": 309.68,
        "algorthmScore": 230.74
    },
    {
        "case_id": "2842",
        "case_type": "数组",
        "debugScore": 108.29,
        "firstConsScore": 321.52,
        "algorthmScore": 353.17
    },
    {
        "case_id": "2863",
        "case_type": "数组",
        "debugScore": 84.28,
        "firstConsScore": 228.15,
        "algorthmScore": 231.69
    },
    {
        "case_id": "2840",
        "case_type": "数组",
        "debugScore": 1445.05,
        "firstConsScore": 168.03,
        "algorthmScore": 201.34
    },
    {
        "case_id": "2861",
        "case_type": "数组",
        "debugScore": 79.57,
        "firstConsScore": 242.5,
        "algorthmScore": 294.18
    },
    {
        "case_id": "2849",
        "case_type": "数组",
        "debugScore": 90.72,
        "firstConsScore": 289.33,
        "algorthmScore": 327.41
    },
    {
        "case_id": "2848",
        "case_type": "数组",
        "debugScore": 85.23,
        "firstConsScore": 287.15,
        "algorthmScore": 262.88
    },
    {
        "case_id": "2868",
        "case_type": "数组",
        "debugScore": 88.1,
        "firstConsScore": 250.44,
        "algorthmScore": 270.57
    },
    {
        "case_id": "2824",
        "case_type": "数组",
        "debugScore": 89.12,
        "firstConsScore": 260.28,
        "algorthmScore": 275.13
    },
    {
        "case_id": "2384",
        "case_type": "数组",
        "debugScore": 97.01,
        "firstConsScore": 275.87,
        "algorthmScore": 291.28
    },
    {
        "case_id": "2834",
        "case_type": "数组",
        "debugScore": 82.17,
        "firstConsScore": 238.52,
        "algorthmScore": 270.66
    },
    {
        "case_id": "2877",
        "case_type": "数组",
        "debugScore": 81.19,
        "firstConsScore": 273.25,
        "algorthmScore": 279.6
    },
    {
        "case_id": "2855",
        "case_type": "数组",
        "debugScore": 115.93,
        "firstConsScore": 224.89,
        "algorthmScore": 145.81
    },
    {
        "case_id": "2854",
        "case_type": "数组",
        "debugScore": 88.3,
        "firstConsScore": 261.31,
        "algorthmScore": 210.93
    },
    {
        "case_id": "2832",
        "case_type": "数组",
        "debugScore": 84.17,
        "firstConsScore": 236.4,
        "algorthmScore": 197.88
    },
    {
        "case_id": "2875",
        "case_type": "数组",
        "debugScore": 74.56,
        "firstConsScore": 305.19,
        "algorthmScore": 369.92
    },
    {
        "case_id": "2831",
        "case_type": "数组",
        "debugScore": 89.78,
        "firstConsScore": 274.25,
        "algorthmScore": 284.76
    },
    {
        "case_id": "2853",
        "case_type": "数组",
        "debugScore": 106.45,
        "firstConsScore": 242.99,
        "algorthmScore": 285.44
    },
    {
        "case_id": "2830",
        "case_type": "数组",
        "debugScore": 84.13,
        "firstConsScore": 243.81,
        "algorthmScore": 247.52
    },
    {
        "case_id": "2852",
        "case_type": "数组",
        "debugScore": 92.08,
        "firstConsScore": 265.89,
        "algorthmScore": 289.85
    },
    {
        "case_id": "2873",
        "case_type": "数组",
        "debugScore": 81.47,
        "firstConsScore": 279.78,
        "algorthmScore": 268.49
    },
    {
        "case_id": "2851",
        "case_type": "数组",
        "debugScore": 96.63,
        "firstConsScore": 248.03,
        "algorthmScore": 284.28
    },
    {
        "case_id": "2872",
        "case_type": "数组",
        "debugScore": 86.13,
        "firstConsScore": 262.77,
        "algorthmScore": 264.79
    },
    {
        "case_id": "2850",
        "case_type": "数组",
        "debugScore": 84.73,
        "firstConsScore": 288.23,
        "algorthmScore": 278.45
    },
    {
        "case_id": "2819",
        "case_type": "数组",
        "debugScore": 109.67,
        "firstConsScore": 253.92,
        "algorthmScore": 270.92
    },
    {
        "case_id": "2838",
        "case_type": "数组",
        "debugScore": 77.66,
        "firstConsScore": 251.65,
        "algorthmScore": 254.03
    },
    {
        "case_id": "2859",
        "case_type": "数组",
        "debugScore": 83.97,
        "firstConsScore": 277.72,
        "algorthmScore": 246.43
    },
    {
        "case_id": "2837",
        "case_type": "数组",
        "debugScore": 79.15,
        "firstConsScore": 262.63,
        "algorthmScore": 263.62
    },
    {
        "case_id": "2815",
        "case_type": "数组",
        "debugScore": 82.82,
        "firstConsScore": 238.58,
        "algorthmScore": 145.11
    },
    {
        "case_id": "2836",
        "case_type": "数组",
        "debugScore": 97.01,
        "firstConsScore": 247.97,
        "algorthmScore": 271.84
    },
    {
        "case_id": "2858",
        "case_type": "数组",
        "debugScore": 118.89,
        "firstConsScore": 250.82,
        "algorthmScore": 304.81
    },
    {
        "case_id": "2835",
        "case_type": "数组",
        "debugScore": 90.2,
        "firstConsScore": 188.63,
        "algorthmScore": 535.61
    },
    {
        "case_id": "2857",
        "case_type": "数组",
        "debugScore": 145.1,
        "firstConsScore": 492.43,
        "algorthmScore": 246.49
    }
]