[
    {
        "case_id": "2975",
        "case_type": "字符串",
        "debugScore": 1007.8,
        "firstConsScore": 180.06,
        "algorthmScore": 141.22
    },
    {
        "case_id": "2942",
        "case_type": "字符串",
        "debugScore": 368.36,
        "firstConsScore": 109.54,
        "algorthmScore": 275.73
    },
    {
        "case_id": "2963",
        "case_type": "字符串",
        "debugScore": 546.76,
        "firstConsScore": 125.79,
        "algorthmScore": 287.33
    },
    {
        "case_id": "2974",
        "case_type": "字符串",
        "debugScore": 842.86,
        "firstConsScore": 140.47,
        "algorthmScore": 251.92
    },
    {
        "case_id": "2984",
        "case_type": "字符串",
        "debugScore": 92.47,
        "firstConsScore": 288.24,
        "algorthmScore": 299.13
    },
    {
        "case_id": "2961",
        "case_type": "字符串",
        "debugScore": 483.38,
        "firstConsScore": 78.16,
        "algorthmScore": 299.5
    },
    {
        "case_id": "2972",
        "case_type": "字符串",
        "debugScore": 618.34,
        "firstConsScore": 135.28,
        "algorthmScore": 294.96
    },
    {
        "case_id": "2981",
        "case_type": "字符串",
        "debugScore": 896.17,
        "firstConsScore": 175.28,
        "algorthmScore": 317.54
    },
    {
        "case_id": "2970",
        "case_type": "字符串",
        "debugScore": 111.67,
        "firstConsScore": 268.81,
        "algorthmScore": 335.26
    },
    {
        "case_id": "2979",
        "case_type": "字符串",
        "debugScore": 1041.23,
        "firstConsScore": 162.26,
        "algorthmScore": 257.03
    },
    {
        "case_id": "2946",
        "case_type": "字符串",
        "debugScore": 468.1,
        "firstConsScore": 139.16,
        "algorthmScore": 233.63
    },
    {
        "case_id": "2968",
        "case_type": "字符串",
        "debugScore": 866.69,
        "firstConsScore": 152.18,
        "algorthmScore": 307.25
    },
    {
        "case_id": "2957",
        "case_type": "字符串",
        "debugScore": 771.35,
        "firstConsScore": 146.96,
        "algorthmScore": 198.49
    },
    {
        "case_id": "2978",
        "case_type": "字符串",
        "debugScore": 679.6,
        "firstConsScore": 163.16,
        "algorthmScore": 228.75
    },
    {
        "case_id": "2945",
        "case_type": "字符串",
        "debugScore": 459.93,
        "firstConsScore": 90.04,
        "algorthmScore": 304.62
    },
    {
        "case_id": "2956",
        "case_type": "字符串",
        "debugScore": 695.76,
        "firstConsScore": 100.3,
        "algorthmScore": 220.15
    }
]