[
    {
        "case_id": "2525",
        "case_type": "排序算法",
        "debugScore": 85.29,
        "firstConsScore": 339.88,
        "algorthmScore": 267.03
    },
    {
        "case_id": "2523",
        "case_type": "排序算法",
        "debugScore": 90.36,
        "firstConsScore": 255.35,
        "algorthmScore": 185.88
    },
    {
        "case_id": "2521",
        "case_type": "排序算法",
        "debugScore": 93.94,
        "firstConsScore": 294.08,
        "algorthmScore": 231.78
    },
    {
        "case_id": "2532",
        "case_type": "排序算法",
        "debugScore": 388.04,
        "firstConsScore": 293.56,
        "algorthmScore": 269.68
    },
    {
        "case_id": "2531",
        "case_type": "排序算法",
        "debugScore": 79.16,
        "firstConsScore": 291.46,
        "algorthmScore": 250.39
    },
    {
        "case_id": "2530",
        "case_type": "排序算法",
        "debugScore": 72.8,
        "firstConsScore": 219.91,
        "algorthmScore": 209.52
    },
    {
        "case_id": "2497",
        "case_type": "排序算法",
        "debugScore": 82.11,
        "firstConsScore": 308.92,
        "algorthmScore": 217.47
    },
    {
        "case_id": "2519",
        "case_type": "排序算法",
        "debugScore": 722.36,
        "firstConsScore": 198.77,
        "algorthmScore": 195.06
    },
    {
        "case_id": "2529",
        "case_type": "排序算法",
        "debugScore": 349.54,
        "firstConsScore": 302.25,
        "algorthmScore": 253.43
    },
    {
        "case_id": "2528",
        "case_type": "排序算法",
        "debugScore": 98.89,
        "firstConsScore": 291.48,
        "algorthmScore": 285.04
    },
    {
        "case_id": "2527",
        "case_type": "排序算法",
        "debugScore": 92.8,
        "firstConsScore": 371.24,
        "algorthmScore": 295.69
    }
]