[
    {
        "case_id": "2650",
        "case_type": "树结构",
        "debugScore": 1280.27,
        "firstConsScore": 75.79,
        "algorthmScore": 268.44
    },
    {
        "case_id": "2353",
        "case_type": "树结构",
        "debugScore": 722.79,
        "firstConsScore": 101.47,
        "algorthmScore": 338.97
    },
    {
        "case_id": "2397",
        "case_type": "树结构",
        "debugScore": 135.7,
        "firstConsScore": 240.9,
        "algorthmScore": 362.27
    },
    {
        "case_id": "2524",
        "case_type": "树结构",
        "debugScore": 586.2,
        "firstConsScore": 130.47,
        "algorthmScore": 355.18
    },
    {
        "case_id": "2600",
        "case_type": "树结构",
        "debugScore": 890.44,
        "firstConsScore": 160.26,
        "algorthmScore": 242.75
    },
    {
        "case_id": "2400",
        "case_type": "树结构",
        "debugScore": 133.94,
        "firstConsScore": 248.22,
        "algorthmScore": 329.91
    },
    {
        "case_id": "2509",
        "case_type": "树结构",
        "debugScore": 1319.45,
        "firstConsScore": 80.15,
        "algorthmScore": 266.02
    },
    {
        "case_id": "2605",
        "case_type": "树结构",
        "debugScore": 731.75,
        "firstConsScore": 132.15,
        "algorthmScore": 393.03
    },
    {
        "case_id": "2549",
        "case_type": "树结构",
        "debugScore": 1276.39,
        "firstConsScore": 95.12,
        "algorthmScore": 261.12
    },
    {
        "case_id": "2648",
        "case_type": "树结构",
        "debugScore": 101.08,
        "firstConsScore": 227.49,
        "algorthmScore": 307.38
    },
    {
        "case_id": "2540",
        "case_type": "树结构",
        "debugScore": 139.08,
        "firstConsScore": 207.91,
        "algorthmScore": 334.17
    },
    {
        "case_id": "2660",
        "case_type": "树结构",
        "debugScore": 107.68,
        "firstConsScore": 156.69,
        "algorthmScore": 264.53
    },
    {
        "case_id": "2382",
        "case_type": "树结构",
        "debugScore": 781.27,
        "firstConsScore": 102.57,
        "algorthmScore": 273.36
    },
    {
        "case_id": "2416",
        "case_type": "树结构",
        "debugScore": 669.02,
        "firstConsScore": 131.76,
        "algorthmScore": 296.01
    },
    {
        "case_id": "2636",
        "case_type": "树结构",
        "debugScore": 109.29,
        "firstConsScore": 173.58,
        "algorthmScore": 312.48
    },
    {
        "case_id": "2657",
        "case_type": "树结构",
        "debugScore": 96.53,
        "firstConsScore": 195.88,
        "algorthmScore": 319.21
    },
    {
        "case_id": "2633",
        "case_type": "树结构",
        "debugScore": 630.49,
        "firstConsScore": 78.07,
        "algorthmScore": 281.99
    },
    {
        "case_id": "2699",
        "case_type": "树结构",
        "debugScore": 119.51,
        "firstConsScore": 236.08,
        "algorthmScore": 323.35
    },
    {
        "case_id": "2599",
        "case_type": "树结构",
        "debugScore": 806.48,
        "firstConsScore": 113.05,
        "algorthmScore": 330.56
    },
    {
        "case_id": "2632",
        "case_type": "树结构",
        "debugScore": 116.46,
        "firstConsScore": 202.75,
        "algorthmScore": 328.48
    },
    {
        "case_id": "2654",
        "case_type": "树结构",
        "debugScore": 110.29,
        "firstConsScore": 156.12,
        "algorthmScore": 300.05
    },
    {
        "case_id": "2598",
        "case_type": "树结构",
        "debugScore": 1132.34,
        "firstConsScore": 88.68,
        "algorthmScore": 293.72
    },
    {
        "case_id": "2631",
        "case_type": "树结构",
        "debugScore": 90.08,
        "firstConsScore": 221.79,
        "algorthmScore": 320.0
    },
    {
        "case_id": "2697",
        "case_type": "树结构",
        "debugScore": 96.64,
        "firstConsScore": 188.75,
        "algorthmScore": 366.71
    },
    {
        "case_id": "2696",
        "case_type": "树结构",
        "debugScore": 738.1,
        "firstConsScore": 86.49,
        "algorthmScore": 322.82
    },
    {
        "case_id": "2695",
        "case_type": "树结构",
        "debugScore": 910.22,
        "firstConsScore": 92.11,
        "algorthmScore": 325.1
    },
    {
        "case_id": "2398",
        "case_type": "树结构",
        "debugScore": 91.47,
        "firstConsScore": 230.62,
        "algorthmScore": 349.5
    },
    {
        "case_id": "2638",
        "case_type": "树结构",
        "debugScore": 907.5,
        "firstConsScore": 86.29,
        "algorthmScore": 301.93
    }
]