[
    {
        "case_id": "2694",
        "case_type": "查找算法",
        "debugScore": 106.82,
        "firstConsScore": 426.0,
        "algorthmScore": 348.28
    },
    {
        "case_id": "2570",
        "case_type": "查找算法",
        "debugScore": 106.26,
        "firstConsScore": 411.73,
        "algorthmScore": 285.45
    },
    {
        "case_id": "2701",
        "case_type": "查找算法",
        "debugScore": 98.47,
        "firstConsScore": 363.69,
        "algorthmScore": 290.39
    },
    {
        "case_id": "2745",
        "case_type": "查找算法",
        "debugScore": 103.02,
        "firstConsScore": 501.92,
        "algorthmScore": 251.77
    },
    {
        "case_id": "2711",
        "case_type": "查找算法",
        "debugScore": 109.95,
        "firstConsScore": 351.14,
        "algorthmScore": 213.0
    },
    {
        "case_id": "2567",
        "case_type": "查找算法",
        "debugScore": 124.58,
        "firstConsScore": 429.11,
        "algorthmScore": 294.16
    },
    {
        "case_id": "2720",
        "case_type": "查找算法",
        "debugScore": 95.1,
        "firstConsScore": 454.24,
        "algorthmScore": 260.83
    },
    {
        "case_id": "2729",
        "case_type": "查找算法",
        "debugScore": 76.48,
        "firstConsScore": 269.11,
        "algorthmScore": 232.2
    },
    {
        "case_id": "2707",
        "case_type": "查找算法",
        "debugScore": 82.37,
        "firstConsScore": 297.69,
        "algorthmScore": 239.55
    },
    {
        "case_id": "2718",
        "case_type": "查找算法",
        "debugScore": 102.98,
        "firstConsScore": 373.01,
        "algorthmScore": 234.25
    },
    {
        "case_id": "2706",
        "case_type": "查找算法",
        "debugScore": 64.16,
        "firstConsScore": 412.23,
        "algorthmScore": 273.8
    },
    {
        "case_id": "2717",
        "case_type": "查找算法",
        "debugScore": 89.71,
        "firstConsScore": 402.11,
        "algorthmScore": 261.07
    },
    {
        "case_id": "2606",
        "case_type": "查找算法",
        "debugScore": 70.86,
        "firstConsScore": 263.74,
        "algorthmScore": 220.43
    },
    {
        "case_id": "2639",
        "case_type": "查找算法",
        "debugScore": 80.58,
        "firstConsScore": 334.8,
        "algorthmScore": 231.7
    },
    {
        "case_id": "2705",
        "case_type": "查找算法",
        "debugScore": 86.41,
        "firstConsScore": 420.77,
        "algorthmScore": 274.35
    },
    {
        "case_id": "2716",
        "case_type": "查找算法",
        "debugScore": 130.92,
        "firstConsScore": 443.29,
        "algorthmScore": 245.76
    },
    {
        "case_id": "2737",
        "case_type": "查找算法",
        "debugScore": 77.12,
        "firstConsScore": 239.94,
        "algorthmScore": 276.68
    },
    {
        "case_id": "2715",
        "case_type": "查找算法",
        "debugScore": 169.82,
        "firstConsScore": 294.0,
        "algorthmScore": 108.73
    },
    {
        "case_id": "2726",
        "case_type": "查找算法",
        "debugScore": 101.13,
        "firstConsScore": 389.45,
        "algorthmScore": 248.82
    },
    {
        "case_id": "2703",
        "case_type": "查找算法",
        "debugScore": 92.62,
        "firstConsScore": 313.71,
        "algorthmScore": 251.33
    }
]