[
    {
        "case_id": "2525",
        "case_type": "排序算法",
        "debugScore": 85.29,
        "firstConsScore": 228.9,
        "algorthmScore": 339.39
    },
    {
        "case_id": "2523",
        "case_type": "排序算法",
        "debugScore": 90.36,
        "firstConsScore": 192.58,
        "algorthmScore": 172.55
    },
    {
        "case_id": "2521",
        "case_type": "排序算法",
        "debugScore": 252.87,
        "firstConsScore": 173.78,
        "algorthmScore": 219.11
    },
    {
        "case_id": "2532",
        "case_type": "排序算法",
        "debugScore": 388.04,
        "firstConsScore": 159.85,
        "algorthmScore": 244.05
    },
    {
        "case_id": "2531",
        "case_type": "排序算法",
        "debugScore": 79.16,
        "firstConsScore": 218.9,
        "algorthmScore": 238.9
    },
    {
        "case_id": "2530",
        "case_type": "排序算法",
        "debugScore": 72.8,
        "firstConsScore": 217.33,
        "algorthmScore": 260.22
    },
    {
        "case_id": "2497",
        "case_type": "排序算法",
        "debugScore": 82.11,
        "firstConsScore": 214.19,
        "algorthmScore": 248.56
    },
    {
        "case_id": "2519",
        "case_type": "排序算法",
        "debugScore": 365.06,
        "firstConsScore": 176.73,
        "algorthmScore": 264.13
    },
    {
        "case_id": "2529",
        "case_type": "排序算法",
        "debugScore": 80.16,
        "firstConsScore": 193.17,
        "algorthmScore": 255.71
    },
    {
        "case_id": "2528",
        "case_type": "排序算法",
        "debugScore": 98.89,
        "firstConsScore": 187.44,
        "algorthmScore": 167.03
    },
    {
        "case_id": "2527",
        "case_type": "排序算法",
        "debugScore": 491.04,
        "firstConsScore": 159.98,
        "algorthmScore": 296.06
    }
]