[
    {
        "case_id": "2650",
        "case_type": "树结构",
        "debugScore": 103.37,
        "firstConsScore": 213.52,
        "algorthmScore": 309.61
    },
    {
        "case_id": "2353",
        "case_type": "树结构",
        "debugScore": 95.88,
        "firstConsScore": 278.62,
        "algorthmScore": 335.27
    },
    {
        "case_id": "2397",
        "case_type": "树结构",
        "debugScore": 135.7,
        "firstConsScore": 309.72,
        "algorthmScore": 362.23
    },
    {
        "case_id": "2524",
        "case_type": "树结构",
        "debugScore": 120.48,
        "firstConsScore": 272.36,
        "algorthmScore": 362.74
    },
    {
        "case_id": "2600",
        "case_type": "树结构",
        "debugScore": 114.11,
        "firstConsScore": 250.85,
        "algorthmScore": 331.37
    },
    {
        "case_id": "2400",
        "case_type": "树结构",
        "debugScore": 221.75,
        "firstConsScore": 318.95,
        "algorthmScore": 429.95
    },
    {
        "case_id": "2509",
        "case_type": "树结构",
        "debugScore": 89.65,
        "firstConsScore": 174.9,
        "algorthmScore": 270.21
    },
    {
        "case_id": "2605",
        "case_type": "树结构",
        "debugScore": 86.96,
        "firstConsScore": 256.96,
        "algorthmScore": 415.64
    },
    {
        "case_id": "2549",
        "case_type": "树结构",
        "debugScore": 95.72,
        "firstConsScore": 192.38,
        "algorthmScore": 293.2
    },
    {
        "case_id": "2648",
        "case_type": "树结构",
        "debugScore": 101.08,
        "firstConsScore": 263.63,
        "algorthmScore": 315.58
    },
    {
        "case_id": "2540",
        "case_type": "树结构",
        "debugScore": 139.08,
        "firstConsScore": 301.24,
        "algorthmScore": 387.33
    },
    {
        "case_id": "2660",
        "case_type": "树结构",
        "debugScore": 107.68,
        "firstConsScore": 205.16,
        "algorthmScore": 308.7
    },
    {
        "case_id": "2382",
        "case_type": "树结构",
        "debugScore": 94.56,
        "firstConsScore": 208.49,
        "algorthmScore": 292.51
    },
    {
        "case_id": "2416",
        "case_type": "树结构",
        "debugScore": 210.52,
        "firstConsScore": 194.56,
        "algorthmScore": 295.89
    },
    {
        "case_id": "2636",
        "case_type": "树结构",
        "debugScore": 109.29,
        "firstConsScore": 242.9,
        "algorthmScore": 314.08
    },
    {
        "case_id": "2657",
        "case_type": "树结构",
        "debugScore": 100.79,
        "firstConsScore": 261.35,
        "algorthmScore": 308.45
    },
    {
        "case_id": "2633",
        "case_type": "树结构",
        "debugScore": 154.13,
        "firstConsScore": 213.89,
        "algorthmScore": 276.74
    },
    {
        "case_id": "2699",
        "case_type": "树结构",
        "debugScore": 119.51,
        "firstConsScore": 293.73,
        "algorthmScore": 385.24
    },
    {
        "case_id": "2599",
        "case_type": "树结构",
        "debugScore": 99.8,
        "firstConsScore": 244.96,
        "algorthmScore": 327.13
    },
    {
        "case_id": "2632",
        "case_type": "树结构",
        "debugScore": 116.46,
        "firstConsScore": 251.95,
        "algorthmScore": 385.52
    },
    {
        "case_id": "2654",
        "case_type": "树结构",
        "debugScore": 110.29,
        "firstConsScore": 202.31,
        "algorthmScore": 314.03
    },
    {
        "case_id": "2598",
        "case_type": "树结构",
        "debugScore": 95.29,
        "firstConsScore": 197.98,
        "algorthmScore": 293.55
    },
    {
        "case_id": "2631",
        "case_type": "树结构",
        "debugScore": 90.08,
        "firstConsScore": 257.73,
        "algorthmScore": 320.0
    },
    {
        "case_id": "2697",
        "case_type": "树结构",
        "debugScore": 96.64,
        "firstConsScore": 229.43,
        "algorthmScore": 379.19
    },
    {
        "case_id": "2696",
        "case_type": "树结构",
        "debugScore": 95.8,
        "firstConsScore": 272.61,
        "algorthmScore": 331.91
    },
    {
        "case_id": "2355",
        "case_type": "树结构",
        "debugScore": 129.65,
        "firstConsScore": 306.68,
        "algorthmScore": 338.36
    },
    {
        "case_id": "2695",
        "case_type": "树结构",
        "debugScore": 113.57,
        "firstConsScore": 253.36,
        "algorthmScore": 319.8
    },
    {
        "case_id": "2398",
        "case_type": "树结构",
        "debugScore": 91.47,
        "firstConsScore": 285.34,
        "algorthmScore": 401.89
    },
    {
        "case_id": "2638",
        "case_type": "树结构",
        "debugScore": 103.09,
        "firstConsScore": 212.28,
        "algorthmScore": 308.26
    }
]