[
    {
        "case_id": "2650",
        "case_type": "树结构",
        "debugScore": 103.37,
        "firstConsScore": 224.23,
        "algorthmScore": 224.38
    },
    {
        "case_id": "2353",
        "case_type": "树结构",
        "debugScore": 95.88,
        "firstConsScore": 277.93,
        "algorthmScore": 236.57
    },
    {
        "case_id": "2397",
        "case_type": "树结构",
        "debugScore": 135.7,
        "firstConsScore": 307.49,
        "algorthmScore": 213.0
    },
    {
        "case_id": "2524",
        "case_type": "树结构",
        "debugScore": 120.48,
        "firstConsScore": 263.39,
        "algorthmScore": 172.78
    },
    {
        "case_id": "2600",
        "case_type": "树结构",
        "debugScore": 941.95,
        "firstConsScore": 156.64,
        "algorthmScore": 179.39
    },
    {
        "case_id": "2509",
        "case_type": "树结构",
        "debugScore": 89.65,
        "firstConsScore": 185.7,
        "algorthmScore": 212.51
    },
    {
        "case_id": "2605",
        "case_type": "树结构",
        "debugScore": 86.96,
        "firstConsScore": 259.49,
        "algorthmScore": 195.94
    },
    {
        "case_id": "2549",
        "case_type": "树结构",
        "debugScore": 95.72,
        "firstConsScore": 192.44,
        "algorthmScore": 158.6
    },
    {
        "case_id": "2648",
        "case_type": "树结构",
        "debugScore": 101.08,
        "firstConsScore": 228.31,
        "algorthmScore": 130.74
    },
    {
        "case_id": "2540",
        "case_type": "树结构",
        "debugScore": 391.11,
        "firstConsScore": 235.51,
        "algorthmScore": 254.03
    },
    {
        "case_id": "2660",
        "case_type": "树结构",
        "debugScore": 107.68,
        "firstConsScore": 217.66,
        "algorthmScore": 178.54
    },
    {
        "case_id": "2382",
        "case_type": "树结构",
        "debugScore": 189.2,
        "firstConsScore": 338.86,
        "algorthmScore": 222.66
    },
    {
        "case_id": "2416",
        "case_type": "树结构",
        "debugScore": 136.26,
        "firstConsScore": 208.48,
        "algorthmScore": 157.23
    },
    {
        "case_id": "2636",
        "case_type": "树结构",
        "debugScore": 109.29,
        "firstConsScore": 280.44,
        "algorthmScore": 244.34
    },
    {
        "case_id": "2657",
        "case_type": "树结构",
        "debugScore": 100.79,
        "firstConsScore": 267.42,
        "algorthmScore": 173.75
    },
    {
        "case_id": "2633",
        "case_type": "树结构",
        "debugScore": 154.13,
        "firstConsScore": 224.4,
        "algorthmScore": 183.53
    },
    {
        "case_id": "2699",
        "case_type": "树结构",
        "debugScore": 119.51,
        "firstConsScore": 282.23,
        "algorthmScore": 229.35
    },
    {
        "case_id": "2599",
        "case_type": "树结构",
        "debugScore": 99.8,
        "firstConsScore": 244.89,
        "algorthmScore": 166.41
    },
    {
        "case_id": "2632",
        "case_type": "树结构",
        "debugScore": 116.46,
        "firstConsScore": 246.51,
        "algorthmScore": 242.03
    },
    {
        "case_id": "2654",
        "case_type": "树结构",
        "debugScore": 110.29,
        "firstConsScore": 208.65,
        "algorthmScore": 206.51
    },
    {
        "case_id": "2598",
        "case_type": "树结构",
        "debugScore": 95.29,
        "firstConsScore": 204.24,
        "algorthmScore": 168.62
    },
    {
        "case_id": "2631",
        "case_type": "树结构",
        "debugScore": 619.2,
        "firstConsScore": 125.09,
        "algorthmScore": 145.22
    },
    {
        "case_id": "2697",
        "case_type": "树结构",
        "debugScore": 96.64,
        "firstConsScore": 213.1,
        "algorthmScore": 136.43
    },
    {
        "case_id": "2696",
        "case_type": "树结构",
        "debugScore": 738.1,
        "firstConsScore": 173.33,
        "algorthmScore": 141.5
    },
    {
        "case_id": "2355",
        "case_type": "树结构",
        "debugScore": 129.65,
        "firstConsScore": 140.95,
        "algorthmScore": 182.92
    },
    {
        "case_id": "2695",
        "case_type": "树结构",
        "debugScore": 113.57,
        "firstConsScore": 268.68,
        "algorthmScore": 200.6
    },
    {
        "case_id": "2398",
        "case_type": "树结构",
        "debugScore": 91.47,
        "firstConsScore": 264.99,
        "algorthmScore": 204.22
    },
    {
        "case_id": "2638",
        "case_type": "树结构",
        "debugScore": 103.09,
        "firstConsScore": 217.41,
        "algorthmScore": 214.47
    }
]