[
    {
        "case_id": "2567",
        "case_type": "查找算法",
        "debugScore": 443.73,
        "firstConsScore": 64.69,
        "algorthmScore": 284.27
    },
    {
        "case_id": "2729",
        "case_type": "查找算法",
        "debugScore": 76.48,
        "firstConsScore": 223.57,
        "algorthmScore": 247.03
    },
    {
        "case_id": "2707",
        "case_type": "查找算法",
        "debugScore": 1042.42,
        "firstConsScore": 142.12,
        "algorthmScore": 298.1
    },
    {
        "case_id": "2606",
        "case_type": "查找算法",
        "debugScore": 764.81,
        "firstConsScore": 106.34,
        "algorthmScore": 277.36
    },
    {
        "case_id": "2639",
        "case_type": "查找算法",
        "debugScore": 80.58,
        "firstConsScore": 160.76,
        "algorthmScore": 267.26
    },
    {
        "case_id": "2737",
        "case_type": "查找算法",
        "debugScore": 77.12,
        "firstConsScore": 230.82,
        "algorthmScore": 238.78
    },
    {
        "case_id": "2715",
        "case_type": "查找算法",
        "debugScore": 169.82,
        "firstConsScore": 169.01,
        "algorthmScore": 265.41
    }
]