[
    {
        "case_id": "2092",
        "case_type": "数字操作",
        "debugScore": 85.65,
        "firstConsScore": 136.18,
        "algorthmScore": 188.44
    },
    {
        "case_id": "2276",
        "case_type": "数字操作",
        "debugScore": 512.57,
        "firstConsScore": 144.58,
        "algorthmScore": 246.82
    },
    {
        "case_id": "2363",
        "case_type": "数字操作",
        "debugScore": 398.05,
        "firstConsScore": 154.29,
        "algorthmScore": 166.32
    },
    {
        "case_id": "2330",
        "case_type": "数字操作",
        "debugScore": 415.39,
        "firstConsScore": 54.94,
        "algorthmScore": 174.59
    },
    {
        "case_id": "2362",
        "case_type": "数字操作",
        "debugScore": 1096.53,
        "firstConsScore": 127.94,
        "algorthmScore": 236.62
    },
    {
        "case_id": "2250",
        "case_type": "数字操作",
        "debugScore": 91.5,
        "firstConsScore": 271.63,
        "algorthmScore": 243.33
    },
    {
        "case_id": "2162",
        "case_type": "数字操作",
        "debugScore": 89.14,
        "firstConsScore": 248.02,
        "algorthmScore": 261.82
    },
    {
        "case_id": "2370",
        "case_type": "数字操作",
        "debugScore": 801.25,
        "firstConsScore": 98.76,
        "algorthmScore": 277.11
    },
    {
        "case_id": "2381",
        "case_type": "数字操作",
        "debugScore": 77.8,
        "firstConsScore": 214.7,
        "algorthmScore": 252.16
    },
    {
        "case_id": "2403",
        "case_type": "数字操作",
        "debugScore": 97.27,
        "firstConsScore": 297.58,
        "algorthmScore": 238.27
    },
    {
        "case_id": "2216",
        "case_type": "数字操作",
        "debugScore": 1815.64,
        "firstConsScore": 156.68,
        "algorthmScore": 250.54
    },
    {
        "case_id": "2379",
        "case_type": "数字操作",
        "debugScore": 570.89,
        "firstConsScore": 124.06,
        "algorthmScore": 215.41
    },
    {
        "case_id": "2411",
        "case_type": "数字操作",
        "debugScore": 74.09,
        "firstConsScore": 255.75,
        "algorthmScore": 271.31
    },
    {
        "case_id": "2367",
        "case_type": "数字操作",
        "debugScore": 91.57,
        "firstConsScore": 178.81,
        "algorthmScore": 272.91
    },
    {
        "case_id": "2421",
        "case_type": "数字操作",
        "debugScore": 641.92,
        "firstConsScore": 170.0,
        "algorthmScore": 130.65
    },
    {
        "case_id": "2377",
        "case_type": "数字操作",
        "debugScore": 66.45,
        "firstConsScore": 255.94,
        "algorthmScore": 215.75
    },
    {
        "case_id": "2420",
        "case_type": "数字操作",
        "debugScore": 831.8,
        "firstConsScore": 165.17,
        "algorthmScore": 181.8
    },
    {
        "case_id": "2442",
        "case_type": "数字操作",
        "debugScore": 80.59,
        "firstConsScore": 270.7,
        "algorthmScore": 296.95
    },
    {
        "case_id": "2409",
        "case_type": "数字操作",
        "debugScore": 674.76,
        "firstConsScore": 134.5,
        "algorthmScore": 210.61
    },
    {
        "case_id": "2408",
        "case_type": "数字操作",
        "debugScore": 76.42,
        "firstConsScore": 232.24,
        "algorthmScore": 279.18
    },
    {
        "case_id": "2419",
        "case_type": "数字操作",
        "debugScore": 75.29,
        "firstConsScore": 247.07,
        "algorthmScore": 215.29
    },
    {
        "case_id": "2518",
        "case_type": "数字操作",
        "debugScore": 75.59,
        "firstConsScore": 280.04,
        "algorthmScore": 295.31
    },
    {
        "case_id": "2407",
        "case_type": "数字操作",
        "debugScore": 979.57,
        "firstConsScore": 172.34,
        "algorthmScore": 249.76
    }
]