[
    {
        "case_id": "2473",
        "case_type": "线性表",
        "debugScore": 687.15,
        "firstConsScore": 124.84,
        "algorthmScore": 291.78
    },
    {
        "case_id": "2471",
        "case_type": "线性表",
        "debugScore": 706.84,
        "firstConsScore": 180.54,
        "algorthmScore": 275.17
    },
    {
        "case_id": "2691",
        "case_type": "线性表",
        "debugScore": 768.86,
        "firstConsScore": 141.07,
        "algorthmScore": 334.04
    },
    {
        "case_id": "2690",
        "case_type": "线性表",
        "debugScore": 139.87,
        "firstConsScore": 353.89,
        "algorthmScore": 296.71
    },
    {
        "case_id": "2590",
        "case_type": "线性表",
        "debugScore": 83.15,
        "firstConsScore": 314.83,
        "algorthmScore": 259.1
    },
    {
        "case_id": "2724",
        "case_type": "线性表",
        "debugScore": 79.12,
        "firstConsScore": 213.01,
        "algorthmScore": 303.11
    },
    {
        "case_id": "2646",
        "case_type": "线性表",
        "debugScore": 710.48,
        "firstConsScore": 171.97,
        "algorthmScore": 247.85
    },
    {
        "case_id": "2723",
        "case_type": "线性表",
        "debugScore": 85.66,
        "firstConsScore": 235.74,
        "algorthmScore": 334.17
    },
    {
        "case_id": "2722",
        "case_type": "线性表",
        "debugScore": 78.28,
        "firstConsScore": 214.36,
        "algorthmScore": 266.67
    },
    {
        "case_id": "2721",
        "case_type": "线性表",
        "debugScore": 78.69,
        "firstConsScore": 230.02,
        "algorthmScore": 318.17
    },
    {
        "case_id": "2487",
        "case_type": "线性表",
        "debugScore": 77.87,
        "firstConsScore": 258.07,
        "algorthmScore": 271.53
    },
    {
        "case_id": "2486",
        "case_type": "线性表",
        "debugScore": 86.37,
        "firstConsScore": 308.85,
        "algorthmScore": 299.85
    },
    {
        "case_id": "2761",
        "case_type": "线性表",
        "debugScore": 84.71,
        "firstConsScore": 204.19,
        "algorthmScore": 289.67
    },
    {
        "case_id": "2728",
        "case_type": "线性表",
        "debugScore": 86.84,
        "firstConsScore": 250.84,
        "algorthmScore": 313.66
    },
    {
        "case_id": "2727",
        "case_type": "线性表",
        "debugScore": 708.08,
        "firstConsScore": 197.14,
        "algorthmScore": 369.15
    },
    {
        "case_id": "2649",
        "case_type": "线性表",
        "debugScore": 84.85,
        "firstConsScore": 316.28,
        "algorthmScore": 313.69
    },
    {
        "case_id": "2725",
        "case_type": "线性表",
        "debugScore": 886.6,
        "firstConsScore": 192.27,
        "algorthmScore": 317.23
    },
    {
        "case_id": "2485",
        "case_type": "线性表",
        "debugScore": 77.05,
        "firstConsScore": 269.53,
        "algorthmScore": 238.14
    },
    {
        "case_id": "2760",
        "case_type": "线性表",
        "debugScore": 94.78,
        "firstConsScore": 232.81,
        "algorthmScore": 175.0
    },
    {
        "case_id": "2484",
        "case_type": "线性表",
        "debugScore": 93.92,
        "firstConsScore": 258.29,
        "algorthmScore": 295.39
    },
    {
        "case_id": "2560",
        "case_type": "线性表",
        "debugScore": 94.09,
        "firstConsScore": 311.58,
        "algorthmScore": 258.44
    },
    {
        "case_id": "2483",
        "case_type": "线性表",
        "debugScore": 100.28,
        "firstConsScore": 262.74,
        "algorthmScore": 286.7
    },
    {
        "case_id": "2559",
        "case_type": "线性表",
        "debugScore": 85.53,
        "firstConsScore": 280.16,
        "algorthmScore": 311.41
    },
    {
        "case_id": "2557",
        "case_type": "线性表",
        "debugScore": 81.3,
        "firstConsScore": 283.07,
        "algorthmScore": 251.38
    },
    {
        "case_id": "2755",
        "case_type": "线性表",
        "debugScore": 582.96,
        "firstConsScore": 146.04,
        "algorthmScore": 303.19
    },
    {
        "case_id": "2732",
        "case_type": "线性表",
        "debugScore": 1121.52,
        "firstConsScore": 150.21,
        "algorthmScore": 321.46
    },
    {
        "case_id": "2336",
        "case_type": "线性表",
        "debugScore": 446.26,
        "firstConsScore": 115.96,
        "algorthmScore": 349.12
    },
    {
        "case_id": "2731",
        "case_type": "线性表",
        "debugScore": 812.77,
        "firstConsScore": 153.84,
        "algorthmScore": 281.24
    },
    {
        "case_id": "2730",
        "case_type": "线性表",
        "debugScore": 77.3,
        "firstConsScore": 209.87,
        "algorthmScore": 267.12
    },
    {
        "case_id": "2759",
        "case_type": "线性表",
        "debugScore": 82.68,
        "firstConsScore": 207.14,
        "algorthmScore": 277.69
    }
]