[
    {
        "case_id": "2473",
        "case_type": "线性表",
        "debugScore": 86.76,
        "firstConsScore": 405.08,
        "algorthmScore": 260.43
    },
    {
        "case_id": "2471",
        "case_type": "线性表",
        "debugScore": 189.93,
        "firstConsScore": 367.71,
        "algorthmScore": 267.63
    },
    {
        "case_id": "2691",
        "case_type": "线性表",
        "debugScore": 100.02,
        "firstConsScore": 395.34,
        "algorthmScore": 219.11
    },
    {
        "case_id": "2690",
        "case_type": "线性表",
        "debugScore": 176.89,
        "firstConsScore": 418.7,
        "algorthmScore": 278.74
    },
    {
        "case_id": "2590",
        "case_type": "线性表",
        "debugScore": 549.51,
        "firstConsScore": 205.98,
        "algorthmScore": 184.76
    },
    {
        "case_id": "2724",
        "case_type": "线性表",
        "debugScore": 96.42,
        "firstConsScore": 336.37,
        "algorthmScore": 236.26
    },
    {
        "case_id": "2646",
        "case_type": "线性表",
        "debugScore": 734.9,
        "firstConsScore": 190.98,
        "algorthmScore": 238.07
    },
    {
        "case_id": "2723",
        "case_type": "线性表",
        "debugScore": 85.66,
        "firstConsScore": 317.04,
        "algorthmScore": 218.26
    },
    {
        "case_id": "2722",
        "case_type": "线性表",
        "debugScore": 78.28,
        "firstConsScore": 351.57,
        "algorthmScore": 247.74
    },
    {
        "case_id": "2721",
        "case_type": "线性表",
        "debugScore": 82.94,
        "firstConsScore": 346.73,
        "algorthmScore": 260.39
    },
    {
        "case_id": "2487",
        "case_type": "线性表",
        "debugScore": 77.87,
        "firstConsScore": 333.29,
        "algorthmScore": 257.74
    },
    {
        "case_id": "2486",
        "case_type": "线性表",
        "debugScore": 749.52,
        "firstConsScore": 220.85,
        "algorthmScore": 270.45
    },
    {
        "case_id": "2761",
        "case_type": "线性表",
        "debugScore": 84.71,
        "firstConsScore": 363.43,
        "algorthmScore": 234.52
    },
    {
        "case_id": "2728",
        "case_type": "线性表",
        "debugScore": 322.55,
        "firstConsScore": 343.86,
        "algorthmScore": 231.89
    },
    {
        "case_id": "2727",
        "case_type": "线性表",
        "debugScore": 95.35,
        "firstConsScore": 397.46,
        "algorthmScore": 201.39
    },
    {
        "case_id": "2649",
        "case_type": "线性表",
        "debugScore": 199.64,
        "firstConsScore": 209.33,
        "algorthmScore": 116.43
    },
    {
        "case_id": "2725",
        "case_type": "线性表",
        "debugScore": 85.38,
        "firstConsScore": 454.41,
        "algorthmScore": 278.38
    },
    {
        "case_id": "2485",
        "case_type": "线性表",
        "debugScore": 77.05,
        "firstConsScore": 362.91,
        "algorthmScore": 296.49
    },
    {
        "case_id": "2760",
        "case_type": "线性表",
        "debugScore": 94.78,
        "firstConsScore": 342.73,
        "algorthmScore": 249.46
    },
    {
        "case_id": "2484",
        "case_type": "线性表",
        "debugScore": 93.92,
        "firstConsScore": 338.67,
        "algorthmScore": 278.37
    },
    {
        "case_id": "2560",
        "case_type": "线性表",
        "debugScore": 515.18,
        "firstConsScore": 241.03,
        "algorthmScore": 226.73
    },
    {
        "case_id": "2483",
        "case_type": "线性表",
        "debugScore": 100.28,
        "firstConsScore": 290.35,
        "algorthmScore": 222.61
    },
    {
        "case_id": "2559",
        "case_type": "线性表",
        "debugScore": 85.53,
        "firstConsScore": 308.82,
        "algorthmScore": 289.92
    },
    {
        "case_id": "2557",
        "case_type": "线性表",
        "debugScore": 81.3,
        "firstConsScore": 264.53,
        "algorthmScore": 202.16
    },
    {
        "case_id": "2755",
        "case_type": "线性表",
        "debugScore": 521.14,
        "firstConsScore": 214.88,
        "algorthmScore": 175.4
    },
    {
        "case_id": "2732",
        "case_type": "线性表",
        "debugScore": 77.69,
        "firstConsScore": 324.13,
        "algorthmScore": 96.79
    },
    {
        "case_id": "2336",
        "case_type": "线性表",
        "debugScore": 451.89,
        "firstConsScore": 210.86,
        "algorthmScore": 197.9
    },
    {
        "case_id": "2731",
        "case_type": "线性表",
        "debugScore": 92.02,
        "firstConsScore": 350.61,
        "algorthmScore": 232.7
    },
    {
        "case_id": "2730",
        "case_type": "线性表",
        "debugScore": 77.3,
        "firstConsScore": 369.41,
        "algorthmScore": 251.84
    },
    {
        "case_id": "2759",
        "case_type": "线性表",
        "debugScore": 1665.94,
        "firstConsScore": 290.67,
        "algorthmScore": 255.24
    }
]