[
    {
        "case_id": "2525",
        "case_type": "排序算法",
        "debugScore": 725.79,
        "firstConsScore": 190.81,
        "algorthmScore": 385.01
    },
    {
        "case_id": "2523",
        "case_type": "排序算法",
        "debugScore": 90.36,
        "firstConsScore": 280.4,
        "algorthmScore": 326.2
    },
    {
        "case_id": "2521",
        "case_type": "排序算法",
        "debugScore": 740.49,
        "firstConsScore": 112.86,
        "algorthmScore": 275.79
    },
    {
        "case_id": "2532",
        "case_type": "排序算法",
        "debugScore": 384.59,
        "firstConsScore": 169.77,
        "algorthmScore": 309.92
    },
    {
        "case_id": "2531",
        "case_type": "排序算法",
        "debugScore": 79.16,
        "firstConsScore": 246.57,
        "algorthmScore": 312.97
    },
    {
        "case_id": "2530",
        "case_type": "排序算法",
        "debugScore": 1080.2,
        "firstConsScore": 165.97,
        "algorthmScore": 258.48
    },
    {
        "case_id": "2497",
        "case_type": "排序算法",
        "debugScore": 799.67,
        "firstConsScore": 148.7,
        "algorthmScore": 288.66
    },
    {
        "case_id": "2519",
        "case_type": "排序算法",
        "debugScore": 193.89,
        "firstConsScore": 207.22,
        "algorthmScore": 179.75
    },
    {
        "case_id": "2529",
        "case_type": "排序算法",
        "debugScore": 517.75,
        "firstConsScore": 210.46,
        "algorthmScore": 241.53
    },
    {
        "case_id": "2528",
        "case_type": "排序算法",
        "debugScore": 784.37,
        "firstConsScore": 113.08,
        "algorthmScore": 278.3
    },
    {
        "case_id": "2527",
        "case_type": "排序算法",
        "debugScore": 491.04,
        "firstConsScore": 193.15,
        "algorthmScore": 276.62
    }
]