[
    {
        "case_id": "2954",
        "case_type": "字符串",
        "debugScore": 119.33,
        "firstConsScore": 349.5,
        "algorthmScore": 233.53
    },
    {
        "case_id": "2975",
        "case_type": "字符串",
        "debugScore": 82.68,
        "firstConsScore": 235.46,
        "algorthmScore": 259.66
    },
    {
        "case_id": "2942",
        "case_type": "字符串",
        "debugScore": 80.71,
        "firstConsScore": 421.11,
        "algorthmScore": 212.78
    },
    {
        "case_id": "2963",
        "case_type": "字符串",
        "debugScore": 122.46,
        "firstConsScore": 288.72,
        "algorthmScore": 304.06
    },
    {
        "case_id": "2974",
        "case_type": "字符串",
        "debugScore": 97.32,
        "firstConsScore": 196.97,
        "algorthmScore": 363.23
    },
    {
        "case_id": "2984",
        "case_type": "字符串",
        "debugScore": 92.47,
        "firstConsScore": 215.53,
        "algorthmScore": 191.28
    },
    {
        "case_id": "2961",
        "case_type": "字符串",
        "debugScore": 96.64,
        "firstConsScore": 370.41,
        "algorthmScore": 245.09
    },
    {
        "case_id": "2972",
        "case_type": "字符串",
        "debugScore": 109.77,
        "firstConsScore": 257.74,
        "algorthmScore": 224.31
    },
    {
        "case_id": "2981",
        "case_type": "字符串",
        "debugScore": 90.21,
        "firstConsScore": 353.78,
        "algorthmScore": 279.09
    },
    {
        "case_id": "2969",
        "case_type": "字符串",
        "debugScore": 125.36,
        "firstConsScore": 284.13,
        "algorthmScore": 316.19
    },
    {
        "case_id": "2979",
        "case_type": "字符串",
        "debugScore": 93.76,
        "firstConsScore": 219.45,
        "algorthmScore": 206.85
    },
    {
        "case_id": "2946",
        "case_type": "字符串",
        "debugScore": 81.27,
        "firstConsScore": 276.65,
        "algorthmScore": 132.89
    },
    {
        "case_id": "2957",
        "case_type": "字符串",
        "debugScore": 122.3,
        "firstConsScore": 360.91,
        "algorthmScore": 122.39
    },
    {
        "case_id": "2968",
        "case_type": "字符串",
        "debugScore": 366.89,
        "firstConsScore": 245.43,
        "algorthmScore": 169.79
    },
    {
        "case_id": "2978",
        "case_type": "字符串",
        "debugScore": 67.14,
        "firstConsScore": 255.14,
        "algorthmScore": 253.62
    },
    {
        "case_id": "2945",
        "case_type": "字符串",
        "debugScore": 82.75,
        "firstConsScore": 322.43,
        "algorthmScore": 178.59
    },
    {
        "case_id": "2956",
        "case_type": "字符串",
        "debugScore": 106.37,
        "firstConsScore": 217.96,
        "algorthmScore": 320.29
    }
]