[
    {
        "case_id": "2305",
        "case_type": "图结构",
        "debugScore": 269.59,
        "firstConsScore": 154.85,
        "algorthmScore": 346.0
    },
    {
        "case_id": "2352",
        "case_type": "图结构",
        "debugScore": 1127.13,
        "firstConsScore": 115.68,
        "algorthmScore": 367.62
    },
    {
        "case_id": "2704",
        "case_type": "图结构",
        "debugScore": 855.25,
        "firstConsScore": 68.24,
        "algorthmScore": 295.85
    }
]