[
    {
        "case_id": "2473",
        "case_type": "线性表",
        "debugScore": 86.76,
        "firstConsScore": 232.66,
        "algorthmScore": 203.95
    },
    {
        "case_id": "2471",
        "case_type": "线性表",
        "debugScore": 75.55,
        "firstConsScore": 201.85,
        "algorthmScore": 239.47
    },
    {
        "case_id": "2691",
        "case_type": "线性表",
        "debugScore": 100.02,
        "firstConsScore": 141.22,
        "algorthmScore": 215.73
    },
    {
        "case_id": "2690",
        "case_type": "线性表",
        "debugScore": 139.87,
        "firstConsScore": 335.79,
        "algorthmScore": 269.62
    },
    {
        "case_id": "2590",
        "case_type": "线性表",
        "debugScore": 286.69,
        "firstConsScore": 202.25,
        "algorthmScore": 233.65
    },
    {
        "case_id": "2724",
        "case_type": "线性表",
        "debugScore": 96.42,
        "firstConsScore": 252.24,
        "algorthmScore": 264.1
    },
    {
        "case_id": "2646",
        "case_type": "线性表",
        "debugScore": 85.37,
        "firstConsScore": 280.87,
        "algorthmScore": 228.85
    },
    {
        "case_id": "2723",
        "case_type": "线性表",
        "debugScore": 85.66,
        "firstConsScore": 238.89,
        "algorthmScore": 187.71
    },
    {
        "case_id": "2722",
        "case_type": "线性表",
        "debugScore": 78.28,
        "firstConsScore": 253.07,
        "algorthmScore": 235.58
    },
    {
        "case_id": "2721",
        "case_type": "线性表",
        "debugScore": 82.94,
        "firstConsScore": 261.1,
        "algorthmScore": 260.49
    },
    {
        "case_id": "2487",
        "case_type": "线性表",
        "debugScore": 77.87,
        "firstConsScore": 273.8,
        "algorthmScore": 257.66
    },
    {
        "case_id": "2486",
        "case_type": "线性表",
        "debugScore": 91.37,
        "firstConsScore": 310.39,
        "algorthmScore": 229.37
    },
    {
        "case_id": "2761",
        "case_type": "线性表",
        "debugScore": 84.71,
        "firstConsScore": 180.32,
        "algorthmScore": 180.64
    },
    {
        "case_id": "2728",
        "case_type": "线性表",
        "debugScore": 322.55,
        "firstConsScore": 165.71,
        "algorthmScore": 154.81
    },
    {
        "case_id": "2727",
        "case_type": "线性表",
        "debugScore": 95.35,
        "firstConsScore": 318.42,
        "algorthmScore": 201.84
    },
    {
        "case_id": "2649",
        "case_type": "线性表",
        "debugScore": 84.85,
        "firstConsScore": 250.96,
        "algorthmScore": 224.38
    },
    {
        "case_id": "2725",
        "case_type": "线性表",
        "debugScore": 85.38,
        "firstConsScore": 330.29,
        "algorthmScore": 278.51
    },
    {
        "case_id": "2485",
        "case_type": "线性表",
        "debugScore": 77.05,
        "firstConsScore": 297.25,
        "algorthmScore": 262.89
    },
    {
        "case_id": "2760",
        "case_type": "线性表",
        "debugScore": 94.78,
        "firstConsScore": 205.93,
        "algorthmScore": 140.11
    },
    {
        "case_id": "2484",
        "case_type": "线性表",
        "debugScore": 93.92,
        "firstConsScore": 261.53,
        "algorthmScore": 253.78
    },
    {
        "case_id": "2483",
        "case_type": "线性表",
        "debugScore": 82.77,
        "firstConsScore": 218.12,
        "algorthmScore": 207.53
    },
    {
        "case_id": "2560",
        "case_type": "线性表",
        "debugScore": 94.09,
        "firstConsScore": 278.63,
        "algorthmScore": 246.63
    },
    {
        "case_id": "2559",
        "case_type": "线性表",
        "debugScore": 85.53,
        "firstConsScore": 275.9,
        "algorthmScore": 306.16
    },
    {
        "case_id": "2557",
        "case_type": "线性表",
        "debugScore": 81.3,
        "firstConsScore": 250.25,
        "algorthmScore": 224.84
    },
    {
        "case_id": "2755",
        "case_type": "线性表",
        "debugScore": 105.5,
        "firstConsScore": 230.52,
        "algorthmScore": 155.13
    },
    {
        "case_id": "2732",
        "case_type": "线性表",
        "debugScore": 77.69,
        "firstConsScore": 210.14,
        "algorthmScore": 289.71
    },
    {
        "case_id": "2336",
        "case_type": "线性表",
        "debugScore": 90.11,
        "firstConsScore": 348.42,
        "algorthmScore": 197.96
    },
    {
        "case_id": "2731",
        "case_type": "线性表",
        "debugScore": 92.02,
        "firstConsScore": 229.93,
        "algorthmScore": 203.37
    },
    {
        "case_id": "2730",
        "case_type": "线性表",
        "debugScore": 77.3,
        "firstConsScore": 258.56,
        "algorthmScore": 240.53
    },
    {
        "case_id": "2759",
        "case_type": "线性表",
        "debugScore": 82.68,
        "firstConsScore": 162.11,
        "algorthmScore": 194.26
    }
]