[
    {
        "case_id": "2536",
        "case_type": "图结构",
        "debugScore": 772.69,
        "firstConsScore": 62.46,
        "algorthmScore": 318.16
    },
    {
        "case_id": "2305",
        "case_type": "图结构",
        "debugScore": 392.08,
        "firstConsScore": 146.25,
        "algorthmScore": 330.03
    },
    {
        "case_id": "2316",
        "case_type": "图结构",
        "debugScore": 540.78,
        "firstConsScore": 136.8,
        "algorthmScore": 352.89
    },
    {
        "case_id": "2348",
        "case_type": "图结构",
        "debugScore": 783.76,
        "firstConsScore": 195.94,
        "algorthmScore": 339.04
    },
    {
        "case_id": "2444",
        "case_type": "图结构",
        "debugScore": 291.96,
        "firstConsScore": 158.01,
        "algorthmScore": 287.3
    },
    {
        "case_id": "2235",
        "case_type": "图结构",
        "debugScore": 679.38,
        "firstConsScore": 83.45,
        "algorthmScore": 356.92
    },
    {
        "case_id": "2343",
        "case_type": "图结构",
        "debugScore": 1836.41,
        "firstConsScore": 113.53,
        "algorthmScore": 339.23
    },
    {
        "case_id": "2354",
        "case_type": "图结构",
        "debugScore": 985.88,
        "firstConsScore": 122.2,
        "algorthmScore": 329.42
    },
    {
        "case_id": "2331",
        "case_type": "图结构",
        "debugScore": 908.9,
        "firstConsScore": 154.86,
        "algorthmScore": 323.56
    },
    {
        "case_id": "2704",
        "case_type": "图结构",
        "debugScore": 115.53,
        "firstConsScore": 180.76,
        "algorthmScore": 310.82
    }
]