[
    {
        "case_id": "2473",
        "case_type": "线性表",
        "debugScore": 86.76,
        "firstConsScore": 381.92,
        "algorthmScore": 217.73
    },
    {
        "case_id": "2471",
        "case_type": "线性表",
        "debugScore": 75.55,
        "firstConsScore": 332.91,
        "algorthmScore": 228.67
    },
    {
        "case_id": "2691",
        "case_type": "线性表",
        "debugScore": 100.02,
        "firstConsScore": 393.32,
        "algorthmScore": 228.71
    },
    {
        "case_id": "2690",
        "case_type": "线性表",
        "debugScore": 134.12,
        "firstConsScore": 269.56,
        "algorthmScore": 320.06
    },
    {
        "case_id": "2590",
        "case_type": "线性表",
        "debugScore": 83.15,
        "firstConsScore": 324.77,
        "algorthmScore": 260.3
    },
    {
        "case_id": "2724",
        "case_type": "线性表",
        "debugScore": 96.42,
        "firstConsScore": 303.83,
        "algorthmScore": 198.84
    },
    {
        "case_id": "2646",
        "case_type": "线性表",
        "debugScore": 85.37,
        "firstConsScore": 329.19,
        "algorthmScore": 238.13
    },
    {
        "case_id": "2723",
        "case_type": "线性表",
        "debugScore": 85.66,
        "firstConsScore": 291.38,
        "algorthmScore": 182.53
    },
    {
        "case_id": "2722",
        "case_type": "线性表",
        "debugScore": 78.28,
        "firstConsScore": 341.23,
        "algorthmScore": 250.91
    },
    {
        "case_id": "2721",
        "case_type": "线性表",
        "debugScore": 82.94,
        "firstConsScore": 334.38,
        "algorthmScore": 251.15
    },
    {
        "case_id": "2487",
        "case_type": "线性表",
        "debugScore": 76.37,
        "firstConsScore": 323.65,
        "algorthmScore": 257.58
    },
    {
        "case_id": "2486",
        "case_type": "线性表",
        "debugScore": 91.37,
        "firstConsScore": 353.89,
        "algorthmScore": 229.37
    },
    {
        "case_id": "2761",
        "case_type": "线性表",
        "debugScore": 84.71,
        "firstConsScore": 356.5,
        "algorthmScore": 234.78
    },
    {
        "case_id": "2728",
        "case_type": "线性表",
        "debugScore": 86.84,
        "firstConsScore": 327.24,
        "algorthmScore": 244.1
    },
    {
        "case_id": "2727",
        "case_type": "线性表",
        "debugScore": 95.35,
        "firstConsScore": 395.72,
        "algorthmScore": 211.66
    },
    {
        "case_id": "2649",
        "case_type": "线性表",
        "debugScore": 84.85,
        "firstConsScore": 263.92,
        "algorthmScore": 212.73
    },
    {
        "case_id": "2725",
        "case_type": "线性表",
        "debugScore": 85.38,
        "firstConsScore": 349.96,
        "algorthmScore": 283.41
    },
    {
        "case_id": "2485",
        "case_type": "线性表",
        "debugScore": 77.05,
        "firstConsScore": 336.76,
        "algorthmScore": 260.42
    },
    {
        "case_id": "2760",
        "case_type": "线性表",
        "debugScore": 94.78,
        "firstConsScore": 352.54,
        "algorthmScore": 275.57
    },
    {
        "case_id": "2484",
        "case_type": "线性表",
        "debugScore": 92.45,
        "firstConsScore": 281.25,
        "algorthmScore": 200.13
    },
    {
        "case_id": "2560",
        "case_type": "线性表",
        "debugScore": 94.09,
        "firstConsScore": 317.14,
        "algorthmScore": 236.01
    },
    {
        "case_id": "2483",
        "case_type": "线性表",
        "debugScore": 100.28,
        "firstConsScore": 292.78,
        "algorthmScore": 240.86
    },
    {
        "case_id": "2559",
        "case_type": "线性表",
        "debugScore": 85.53,
        "firstConsScore": 298.73,
        "algorthmScore": 280.3
    },
    {
        "case_id": "2557",
        "case_type": "线性表",
        "debugScore": 81.3,
        "firstConsScore": 293.85,
        "algorthmScore": 272.79
    },
    {
        "case_id": "2755",
        "case_type": "线性表",
        "debugScore": 105.5,
        "firstConsScore": 353.76,
        "algorthmScore": 229.73
    },
    {
        "case_id": "2732",
        "case_type": "线性表",
        "debugScore": 77.69,
        "firstConsScore": 341.37,
        "algorthmScore": 238.17
    },
    {
        "case_id": "2336",
        "case_type": "线性表",
        "debugScore": 90.11,
        "firstConsScore": 481.24,
        "algorthmScore": 267.98
    },
    {
        "case_id": "2731",
        "case_type": "线性表",
        "debugScore": 92.02,
        "firstConsScore": 305.34,
        "algorthmScore": 228.62
    },
    {
        "case_id": "2730",
        "case_type": "线性表",
        "debugScore": 77.3,
        "firstConsScore": 289.83,
        "algorthmScore": 252.15
    },
    {
        "case_id": "2759",
        "case_type": "线性表",
        "debugScore": 82.68,
        "firstConsScore": 350.98,
        "algorthmScore": 232.04
    }
]