[
    {
        "case_id": "2870",
        "case_type": "数组",
        "debugScore": 3017.96,
        "firstConsScore": 234.28,
        "algorthmScore": 249.34
    },
    {
        "case_id": "2374",
        "case_type": "数组",
        "debugScore": 446.6,
        "firstConsScore": 159.67,
        "algorthmScore": 320.19
    },
    {
        "case_id": "2393",
        "case_type": "数组",
        "debugScore": 98.88,
        "firstConsScore": 343.97,
        "algorthmScore": 310.15
    },
    {
        "case_id": "2470",
        "case_type": "数组",
        "debugScore": 534.41,
        "firstConsScore": 200.86,
        "algorthmScore": 350.51
    },
    {
        "case_id": "2867",
        "case_type": "数组",
        "debugScore": 1516.41,
        "firstConsScore": 255.8,
        "algorthmScore": 353.78
    },
    {
        "case_id": "2845",
        "case_type": "数组",
        "debugScore": 726.66,
        "firstConsScore": 230.3,
        "algorthmScore": 184.53
    },
    {
        "case_id": "2823",
        "case_type": "数组",
        "debugScore": 494.17,
        "firstConsScore": 230.83,
        "algorthmScore": 305.35
    },
    {
        "case_id": "2844",
        "case_type": "数组",
        "debugScore": 651.22,
        "firstConsScore": 183.58,
        "algorthmScore": 313.41
    },
    {
        "case_id": "2866",
        "case_type": "数组",
        "debugScore": 737.98,
        "firstConsScore": 207.81,
        "algorthmScore": 288.03
    },
    {
        "case_id": "2865",
        "case_type": "数组",
        "debugScore": 1158.61,
        "firstConsScore": 189.74,
        "algorthmScore": 265.97
    },
    {
        "case_id": "2843",
        "case_type": "数组",
        "debugScore": 77.99,
        "firstConsScore": 284.56,
        "algorthmScore": 279.63
    },
    {
        "case_id": "2469",
        "case_type": "数组",
        "debugScore": 880.54,
        "firstConsScore": 200.59,
        "algorthmScore": 321.53
    },
    {
        "case_id": "2842",
        "case_type": "数组",
        "debugScore": 660.6,
        "firstConsScore": 224.66,
        "algorthmScore": 264.21
    },
    {
        "case_id": "2864",
        "case_type": "数组",
        "debugScore": 114.6,
        "firstConsScore": 344.67,
        "algorthmScore": 340.87
    },
    {
        "case_id": "2863",
        "case_type": "数组",
        "debugScore": 84.28,
        "firstConsScore": 332.98,
        "algorthmScore": 346.17
    },
    {
        "case_id": "2840",
        "case_type": "数组",
        "debugScore": 80.88,
        "firstConsScore": 276.86,
        "algorthmScore": 273.91
    },
    {
        "case_id": "2861",
        "case_type": "数组",
        "debugScore": 79.57,
        "firstConsScore": 284.62,
        "algorthmScore": 307.73
    },
    {
        "case_id": "2849",
        "case_type": "数组",
        "debugScore": 90.72,
        "firstConsScore": 226.53,
        "algorthmScore": 220.78
    },
    {
        "case_id": "2848",
        "case_type": "数组",
        "debugScore": 85.23,
        "firstConsScore": 323.32,
        "algorthmScore": 283.53
    },
    {
        "case_id": "2868",
        "case_type": "数组",
        "debugScore": 857.16,
        "firstConsScore": 190.71,
        "algorthmScore": 257.38
    },
    {
        "case_id": "2824",
        "case_type": "数组",
        "debugScore": 349.07,
        "firstConsScore": 279.75,
        "algorthmScore": 308.79
    },
    {
        "case_id": "2384",
        "case_type": "数组",
        "debugScore": 981.61,
        "firstConsScore": 215.94,
        "algorthmScore": 359.81
    },
    {
        "case_id": "2834",
        "case_type": "数组",
        "debugScore": 1527.38,
        "firstConsScore": 214.06,
        "algorthmScore": 224.72
    },
    {
        "case_id": "2877",
        "case_type": "数组",
        "debugScore": 81.19,
        "firstConsScore": 288.09,
        "algorthmScore": 269.68
    },
    {
        "case_id": "2855",
        "case_type": "数组",
        "debugScore": 781.46,
        "firstConsScore": 192.22,
        "algorthmScore": 271.94
    },
    {
        "case_id": "2854",
        "case_type": "数组",
        "debugScore": 934.95,
        "firstConsScore": 188.03,
        "algorthmScore": 251.82
    },
    {
        "case_id": "2832",
        "case_type": "数组",
        "debugScore": 273.47,
        "firstConsScore": 280.08,
        "algorthmScore": 297.83
    },
    {
        "case_id": "2875",
        "case_type": "数组",
        "debugScore": 940.48,
        "firstConsScore": 185.89,
        "algorthmScore": 269.18
    },
    {
        "case_id": "2831",
        "case_type": "数组",
        "debugScore": 89.78,
        "firstConsScore": 245.68,
        "algorthmScore": 227.05
    },
    {
        "case_id": "2853",
        "case_type": "数组",
        "debugScore": 106.45,
        "firstConsScore": 276.05,
        "algorthmScore": 265.67
    },
    {
        "case_id": "2830",
        "case_type": "数组",
        "debugScore": 488.65,
        "firstConsScore": 253.04,
        "algorthmScore": 272.3
    },
    {
        "case_id": "2852",
        "case_type": "数组",
        "debugScore": 858.91,
        "firstConsScore": 205.1,
        "algorthmScore": 249.95
    },
    {
        "case_id": "2873",
        "case_type": "数组",
        "debugScore": 627.33,
        "firstConsScore": 191.83,
        "algorthmScore": 285.55
    },
    {
        "case_id": "2851",
        "case_type": "数组",
        "debugScore": 96.63,
        "firstConsScore": 286.49,
        "algorthmScore": 306.62
    },
    {
        "case_id": "2872",
        "case_type": "数组",
        "debugScore": 86.13,
        "firstConsScore": 295.59,
        "algorthmScore": 262.32
    },
    {
        "case_id": "2850",
        "case_type": "数组",
        "debugScore": 84.73,
        "firstConsScore": 316.13,
        "algorthmScore": 291.97
    },
    {
        "case_id": "2819",
        "case_type": "数组",
        "debugScore": 132.23,
        "firstConsScore": 278.81,
        "algorthmScore": 265.82
    },
    {
        "case_id": "2838",
        "case_type": "数组",
        "debugScore": 77.66,
        "firstConsScore": 288.6,
        "algorthmScore": 275.51
    },
    {
        "case_id": "2859",
        "case_type": "数组",
        "debugScore": 1000.92,
        "firstConsScore": 187.95,
        "algorthmScore": 245.77
    },
    {
        "case_id": "2837",
        "case_type": "数组",
        "debugScore": 820.61,
        "firstConsScore": 198.74,
        "algorthmScore": 297.76
    },
    {
        "case_id": "2815",
        "case_type": "数组",
        "debugScore": 771.49,
        "firstConsScore": 236.88,
        "algorthmScore": 274.45
    },
    {
        "case_id": "2836",
        "case_type": "数组",
        "debugScore": 97.01,
        "firstConsScore": 258.23,
        "algorthmScore": 251.28
    },
    {
        "case_id": "2858",
        "case_type": "数组",
        "debugScore": 118.89,
        "firstConsScore": 292.48,
        "algorthmScore": 305.57
    },
    {
        "case_id": "2835",
        "case_type": "数组",
        "debugScore": 892.16,
        "firstConsScore": 210.74,
        "algorthmScore": 236.7
    },
    {
        "case_id": "2857",
        "case_type": "数组",
        "debugScore": 353.47,
        "firstConsScore": 145.74,
        "algorthmScore": 242.87
    }
]