[
    {
        "case_id": "2092",
        "case_type": "数字操作",
        "debugScore": 447.18,
        "firstConsScore": 129.26,
        "algorthmScore": 216.41
    },
    {
        "case_id": "2276",
        "case_type": "数字操作",
        "debugScore": 103.29,
        "firstConsScore": 360.88,
        "algorthmScore": 293.49
    },
    {
        "case_id": "2275",
        "case_type": "数字操作",
        "debugScore": 192.24,
        "firstConsScore": 393.92,
        "algorthmScore": 300.25
    },
    {
        "case_id": "2330",
        "case_type": "数字操作",
        "debugScore": 87.82,
        "firstConsScore": 419.95,
        "algorthmScore": 320.29
    },
    {
        "case_id": "2250",
        "case_type": "数字操作",
        "debugScore": 91.5,
        "firstConsScore": 312.57,
        "algorthmScore": 278.38
    },
    {
        "case_id": "2370",
        "case_type": "数字操作",
        "debugScore": 98.06,
        "firstConsScore": 338.91,
        "algorthmScore": 287.0
    },
    {
        "case_id": "2326",
        "case_type": "数字操作",
        "debugScore": 95.77,
        "firstConsScore": 376.56,
        "algorthmScore": 280.15
    },
    {
        "case_id": "2402",
        "case_type": "数字操作",
        "debugScore": 115.64,
        "firstConsScore": 346.47,
        "algorthmScore": 268.23
    },
    {
        "case_id": "2401",
        "case_type": "数字操作",
        "debugScore": 88.98,
        "firstConsScore": 404.9,
        "algorthmScore": 299.61
    },
    {
        "case_id": "2324",
        "case_type": "数字操作",
        "debugScore": 104.1,
        "firstConsScore": 391.56,
        "algorthmScore": 318.05
    },
    {
        "case_id": "2367",
        "case_type": "数字操作",
        "debugScore": 91.57,
        "firstConsScore": 315.8,
        "algorthmScore": 273.65
    },
    {
        "case_id": "2421",
        "case_type": "数字操作",
        "debugScore": 77.62,
        "firstConsScore": 288.35,
        "algorthmScore": 163.35
    },
    {
        "case_id": "2322",
        "case_type": "数字操作",
        "debugScore": 95.27,
        "firstConsScore": 392.4,
        "algorthmScore": 192.32
    },
    {
        "case_id": "2420",
        "case_type": "数字操作",
        "debugScore": 68.03,
        "firstConsScore": 325.07,
        "algorthmScore": 296.67
    },
    {
        "case_id": "2442",
        "case_type": "数字操作",
        "debugScore": 80.59,
        "firstConsScore": 258.8,
        "algorthmScore": 222.43
    },
    {
        "case_id": "2321",
        "case_type": "数字操作",
        "debugScore": 101.51,
        "firstConsScore": 421.55,
        "algorthmScore": 356.76
    },
    {
        "case_id": "2409",
        "case_type": "数字操作",
        "debugScore": 73.83,
        "firstConsScore": 283.31,
        "algorthmScore": 239.51
    },
    {
        "case_id": "2408",
        "case_type": "数字操作",
        "debugScore": 76.42,
        "firstConsScore": 294.08,
        "algorthmScore": 183.5
    },
    {
        "case_id": "2407",
        "case_type": "数字操作",
        "debugScore": 76.67,
        "firstConsScore": 314.35,
        "algorthmScore": 264.28
    },
    {
        "case_id": "2329",
        "case_type": "数字操作",
        "debugScore": 112.07,
        "firstConsScore": 413.55,
        "algorthmScore": 285.24
    },
    {
        "case_id": "2364",
        "case_type": "数字操作",
        "debugScore": 96.03,
        "firstConsScore": 363.96,
        "algorthmScore": 272.6
    },
    {
        "case_id": "2363",
        "case_type": "数字操作",
        "debugScore": 73.17,
        "firstConsScore": 324.29,
        "algorthmScore": 284.97
    },
    {
        "case_id": "2362",
        "case_type": "数字操作",
        "debugScore": 82.97,
        "firstConsScore": 266.22,
        "algorthmScore": 236.47
    },
    {
        "case_id": "2162",
        "case_type": "数字操作",
        "debugScore": 89.14,
        "firstConsScore": 297.3,
        "algorthmScore": 244.02
    },
    {
        "case_id": "2360",
        "case_type": "数字操作",
        "debugScore": 105.44,
        "firstConsScore": 400.53,
        "algorthmScore": 311.15
    },
    {
        "case_id": "2381",
        "case_type": "数字操作",
        "debugScore": 77.8,
        "firstConsScore": 369.34,
        "algorthmScore": 272.12
    },
    {
        "case_id": "2239",
        "case_type": "数字操作",
        "debugScore": 88.57,
        "firstConsScore": 377.21,
        "algorthmScore": 351.24
    },
    {
        "case_id": "2216",
        "case_type": "数字操作",
        "debugScore": 111.64,
        "firstConsScore": 343.88,
        "algorthmScore": 277.06
    },
    {
        "case_id": "2379",
        "case_type": "数字操作",
        "debugScore": 79.85,
        "firstConsScore": 354.56,
        "algorthmScore": 278.57
    },
    {
        "case_id": "2411",
        "case_type": "数字操作",
        "debugScore": 766.78,
        "firstConsScore": 184.47,
        "algorthmScore": 267.24
    },
    {
        "case_id": "2377",
        "case_type": "数字操作",
        "debugScore": 66.45,
        "firstConsScore": 317.11,
        "algorthmScore": 252.8
    },
    {
        "case_id": "2332",
        "case_type": "数字操作",
        "debugScore": 103.86,
        "firstConsScore": 446.48,
        "algorthmScore": 357.78
    },
    {
        "case_id": "2419",
        "case_type": "数字操作",
        "debugScore": 75.29,
        "firstConsScore": 306.95,
        "algorthmScore": 195.8
    },
    {
        "case_id": "2518",
        "case_type": "数字操作",
        "debugScore": 75.59,
        "firstConsScore": 319.22,
        "algorthmScore": 261.35
    }
]