[
    {
        "case_id": "2525",
        "case_type": "排序算法",
        "debugScore": 85.29,
        "firstConsScore": 221.72,
        "algorthmScore": 267.11
    },
    {
        "case_id": "2523",
        "case_type": "排序算法",
        "debugScore": 90.36,
        "firstConsScore": 199.63,
        "algorthmScore": 191.63
    },
    {
        "case_id": "2521",
        "case_type": "排序算法",
        "debugScore": 93.94,
        "firstConsScore": 192.69,
        "algorthmScore": 198.94
    },
    {
        "case_id": "2532",
        "case_type": "排序算法",
        "debugScore": 90.95,
        "firstConsScore": 215.52,
        "algorthmScore": 259.86
    },
    {
        "case_id": "2531",
        "case_type": "排序算法",
        "debugScore": 79.16,
        "firstConsScore": 256.69,
        "algorthmScore": 219.61
    },
    {
        "case_id": "2530",
        "case_type": "排序算法",
        "debugScore": 72.8,
        "firstConsScore": 205.87,
        "algorthmScore": 188.08
    },
    {
        "case_id": "2497",
        "case_type": "排序算法",
        "debugScore": 835.14,
        "firstConsScore": 79.2,
        "algorthmScore": 221.96
    },
    {
        "case_id": "2519",
        "case_type": "排序算法",
        "debugScore": 78.91,
        "firstConsScore": 286.48,
        "algorthmScore": 176.5
    },
    {
        "case_id": "2529",
        "case_type": "排序算法",
        "debugScore": 80.16,
        "firstConsScore": 216.88,
        "algorthmScore": 186.9
    },
    {
        "case_id": "2528",
        "case_type": "排序算法",
        "debugScore": 98.89,
        "firstConsScore": 305.74,
        "algorthmScore": 234.12
    },
    {
        "case_id": "2527",
        "case_type": "排序算法",
        "debugScore": 92.8,
        "firstConsScore": 217.98,
        "algorthmScore": 169.84
    }
]