[
    {
        "case_id": "2525",
        "case_type": "排序算法",
        "debugScore": 85.29,
        "firstConsScore": 340.95,
        "algorthmScore": 278.64
    },
    {
        "case_id": "2523",
        "case_type": "排序算法",
        "debugScore": 90.36,
        "firstConsScore": 316.45,
        "algorthmScore": 327.99
    },
    {
        "case_id": "2521",
        "case_type": "排序算法",
        "debugScore": 93.94,
        "firstConsScore": 315.04,
        "algorthmScore": 227.56
    },
    {
        "case_id": "2532",
        "case_type": "排序算法",
        "debugScore": 90.95,
        "firstConsScore": 354.58,
        "algorthmScore": 273.33
    },
    {
        "case_id": "2531",
        "case_type": "排序算法",
        "debugScore": 69.72,
        "firstConsScore": 326.3,
        "algorthmScore": 302.41
    },
    {
        "case_id": "2530",
        "case_type": "排序算法",
        "debugScore": 69.33,
        "firstConsScore": 269.16,
        "algorthmScore": 249.76
    },
    {
        "case_id": "2497",
        "case_type": "排序算法",
        "debugScore": 77.47,
        "firstConsScore": 370.31,
        "algorthmScore": 288.95
    },
    {
        "case_id": "2519",
        "case_type": "排序算法",
        "debugScore": 78.91,
        "firstConsScore": 293.88,
        "algorthmScore": 283.82
    },
    {
        "case_id": "2529",
        "case_type": "排序算法",
        "debugScore": 80.16,
        "firstConsScore": 335.95,
        "algorthmScore": 310.34
    },
    {
        "case_id": "2528",
        "case_type": "排序算法",
        "debugScore": 98.89,
        "firstConsScore": 310.68,
        "algorthmScore": 245.29
    },
    {
        "case_id": "2527",
        "case_type": "排序算法",
        "debugScore": 92.8,
        "firstConsScore": 372.3,
        "algorthmScore": 296.26
    }
]