[
    {
        "case_id": "2525",
        "case_type": "排序算法",
        "debugScore": 1023.16,
        "firstConsScore": 197.89,
        "algorthmScore": 285.49
    },
    {
        "case_id": "2523",
        "case_type": "排序算法",
        "debugScore": 726.68,
        "firstConsScore": 181.67,
        "algorthmScore": 279.49
    },
    {
        "case_id": "2521",
        "case_type": "排序算法",
        "debugScore": 677.31,
        "firstConsScore": 140.4,
        "algorthmScore": 236.41
    },
    {
        "case_id": "2532",
        "case_type": "排序算法",
        "debugScore": 744.25,
        "firstConsScore": 170.12,
        "algorthmScore": 279.83
    },
    {
        "case_id": "2531",
        "case_type": "排序算法",
        "debugScore": 787.35,
        "firstConsScore": 147.86,
        "algorthmScore": 261.96
    },
    {
        "case_id": "2530",
        "case_type": "排序算法",
        "debugScore": 1012.17,
        "firstConsScore": 119.8,
        "algorthmScore": 136.86
    },
    {
        "case_id": "2497",
        "case_type": "排序算法",
        "debugScore": 835.14,
        "firstConsScore": 185.2,
        "algorthmScore": 289.09
    },
    {
        "case_id": "2519",
        "case_type": "排序算法",
        "debugScore": 870.17,
        "firstConsScore": 129.94,
        "algorthmScore": 251.01
    },
    {
        "case_id": "2529",
        "case_type": "排序算法",
        "debugScore": 837.77,
        "firstConsScore": 207.92,
        "algorthmScore": 121.68
    },
    {
        "case_id": "2528",
        "case_type": "排序算法",
        "debugScore": 98.89,
        "firstConsScore": 255.21,
        "algorthmScore": 236.35
    },
    {
        "case_id": "2527",
        "case_type": "排序算法",
        "debugScore": 658.47,
        "firstConsScore": 178.97,
        "algorthmScore": 296.06
    }
]