[
    {
        "case_id": "2954",
        "case_type": "字符串",
        "debugScore": 652.0,
        "firstConsScore": 107.83,
        "algorthmScore": 296.39
    },
    {
        "case_id": "2975",
        "case_type": "字符串",
        "debugScore": 82.68,
        "firstConsScore": 226.76,
        "algorthmScore": 121.81
    },
    {
        "case_id": "2942",
        "case_type": "字符串",
        "debugScore": 363.17,
        "firstConsScore": 126.69,
        "algorthmScore": 167.79
    },
    {
        "case_id": "2963",
        "case_type": "字符串",
        "debugScore": 122.46,
        "firstConsScore": 327.17,
        "algorthmScore": 306.38
    },
    {
        "case_id": "2974",
        "case_type": "字符串",
        "debugScore": 97.32,
        "firstConsScore": 211.51,
        "algorthmScore": 364.52
    },
    {
        "case_id": "2984",
        "case_type": "字符串",
        "debugScore": 191.3,
        "firstConsScore": 195.0,
        "algorthmScore": 109.64
    },
    {
        "case_id": "2961",
        "case_type": "字符串",
        "debugScore": 483.38,
        "firstConsScore": 81.24,
        "algorthmScore": 227.88
    },
    {
        "case_id": "2972",
        "case_type": "字符串",
        "debugScore": 365.81,
        "firstConsScore": 224.18,
        "algorthmScore": 299.54
    },
    {
        "case_id": "2970",
        "case_type": "字符串",
        "debugScore": 111.67,
        "firstConsScore": 326.33,
        "algorthmScore": 366.37
    },
    {
        "case_id": "2981",
        "case_type": "字符串",
        "debugScore": 199.77,
        "firstConsScore": 255.46,
        "algorthmScore": 326.13
    },
    {
        "case_id": "2969",
        "case_type": "字符串",
        "debugScore": 501.63,
        "firstConsScore": 196.53,
        "algorthmScore": 305.75
    },
    {
        "case_id": "2979",
        "case_type": "字符串",
        "debugScore": 93.76,
        "firstConsScore": 302.09,
        "algorthmScore": 211.5
    },
    {
        "case_id": "2946",
        "case_type": "字符串",
        "debugScore": 468.1,
        "firstConsScore": 140.46,
        "algorthmScore": 156.02
    },
    {
        "case_id": "2968",
        "case_type": "字符串",
        "debugScore": 107.61,
        "firstConsScore": 295.6,
        "algorthmScore": 346.96
    },
    {
        "case_id": "2957",
        "case_type": "字符串",
        "debugScore": 122.3,
        "firstConsScore": 236.91,
        "algorthmScore": 305.35
    },
    {
        "case_id": "2978",
        "case_type": "字符串",
        "debugScore": 410.75,
        "firstConsScore": 232.57,
        "algorthmScore": 227.23
    },
    {
        "case_id": "2945",
        "case_type": "字符串",
        "debugScore": 444.53,
        "firstConsScore": 149.42,
        "algorthmScore": 157.92
    },
    {
        "case_id": "2956",
        "case_type": "字符串",
        "debugScore": 106.37,
        "firstConsScore": 252.63,
        "algorthmScore": 315.36
    }
]