[
    {
        "case_id": "2525",
        "case_type": "排序算法",
        "debugScore": 364.63,
        "firstConsScore": 314.05,
        "algorthmScore": 234.59
    },
    {
        "case_id": "2523",
        "case_type": "排序算法",
        "debugScore": 90.36,
        "firstConsScore": 301.64,
        "algorthmScore": 234.83
    },
    {
        "case_id": "2521",
        "case_type": "排序算法",
        "debugScore": 93.94,
        "firstConsScore": 288.92,
        "algorthmScore": 184.74
    },
    {
        "case_id": "2532",
        "case_type": "排序算法",
        "debugScore": 90.95,
        "firstConsScore": 344.19,
        "algorthmScore": 195.39
    },
    {
        "case_id": "2531",
        "case_type": "排序算法",
        "debugScore": 79.16,
        "firstConsScore": 295.02,
        "algorthmScore": 161.93
    },
    {
        "case_id": "2530",
        "case_type": "排序算法",
        "debugScore": 72.8,
        "firstConsScore": 302.62,
        "algorthmScore": 258.67
    },
    {
        "case_id": "2497",
        "case_type": "排序算法",
        "debugScore": 82.11,
        "firstConsScore": 221.94,
        "algorthmScore": 265.45
    },
    {
        "case_id": "2519",
        "case_type": "排序算法",
        "debugScore": 78.91,
        "firstConsScore": 292.09,
        "algorthmScore": 200.0
    },
    {
        "case_id": "2529",
        "case_type": "排序算法",
        "debugScore": 80.16,
        "firstConsScore": 269.82,
        "algorthmScore": 249.68
    },
    {
        "case_id": "2528",
        "case_type": "排序算法",
        "debugScore": 98.89,
        "firstConsScore": 312.57,
        "algorthmScore": 266.54
    },
    {
        "case_id": "2527",
        "case_type": "排序算法",
        "debugScore": 724.8,
        "firstConsScore": 234.47,
        "algorthmScore": 217.26
    }
]