[
    {
        "case_id": "2954",
        "case_type": "字符串",
        "debugScore": 119.33,
        "firstConsScore": 507.85,
        "algorthmScore": 299.08
    },
    {
        "case_id": "2975",
        "case_type": "字符串",
        "debugScore": 82.68,
        "firstConsScore": 247.05,
        "algorthmScore": 273.69
    },
    {
        "case_id": "2942",
        "case_type": "字符串",
        "debugScore": 80.71,
        "firstConsScore": 452.27,
        "algorthmScore": 253.16
    },
    {
        "case_id": "2963",
        "case_type": "字符串",
        "debugScore": 122.46,
        "firstConsScore": 565.92,
        "algorthmScore": 309.7
    },
    {
        "case_id": "2974",
        "case_type": "字符串",
        "debugScore": 97.32,
        "firstConsScore": 375.74,
        "algorthmScore": 234.29
    },
    {
        "case_id": "2984",
        "case_type": "字符串",
        "debugScore": 192.24,
        "firstConsScore": 203.37,
        "algorthmScore": 176.94
    },
    {
        "case_id": "2961",
        "case_type": "字符串",
        "debugScore": 185.63,
        "firstConsScore": 345.56,
        "algorthmScore": 279.02
    },
    {
        "case_id": "2972",
        "case_type": "字符串",
        "debugScore": 611.97,
        "firstConsScore": 253.58,
        "algorthmScore": 336.87
    },
    {
        "case_id": "2981",
        "case_type": "字符串",
        "debugScore": 90.21,
        "firstConsScore": 378.12,
        "algorthmScore": 220.72
    },
    {
        "case_id": "2970",
        "case_type": "字符串",
        "debugScore": 111.67,
        "firstConsScore": 511.47,
        "algorthmScore": 327.74
    },
    {
        "case_id": "2969",
        "case_type": "字符串",
        "debugScore": 125.36,
        "firstConsScore": 498.77,
        "algorthmScore": 316.23
    },
    {
        "case_id": "2979",
        "case_type": "字符串",
        "debugScore": 93.76,
        "firstConsScore": 307.17,
        "algorthmScore": 272.82
    },
    {
        "case_id": "2946",
        "case_type": "字符串",
        "debugScore": 81.27,
        "firstConsScore": 353.47,
        "algorthmScore": 272.77
    },
    {
        "case_id": "2957",
        "case_type": "字符串",
        "debugScore": 122.3,
        "firstConsScore": 402.59,
        "algorthmScore": 268.92
    },
    {
        "case_id": "2968",
        "case_type": "字符串",
        "debugScore": 107.61,
        "firstConsScore": 351.63,
        "algorthmScore": 282.29
    },
    {
        "case_id": "2978",
        "case_type": "字符串",
        "debugScore": 67.14,
        "firstConsScore": 337.55,
        "algorthmScore": 275.51
    },
    {
        "case_id": "2945",
        "case_type": "字符串",
        "debugScore": 459.93,
        "firstConsScore": 147.69,
        "algorthmScore": 271.45
    },
    {
        "case_id": "2956",
        "case_type": "字符串",
        "debugScore": 106.37,
        "firstConsScore": 466.88,
        "algorthmScore": 227.4
    }
]