[
    {
        "case_id": "2316",
        "case_type": "图结构",
        "debugScore": 569.46,
        "firstConsScore": 555.65,
        "algorthmScore": 326.16
    },
    {
        "case_id": "2305",
        "case_type": "图结构",
        "debugScore": 400.36,
        "firstConsScore": 222.88,
        "algorthmScore": 418.33
    },
    {
        "case_id": "2536",
        "case_type": "图结构",
        "debugScore": 115.41,
        "firstConsScore": 224.33,
        "algorthmScore": 304.42
    },
    {
        "case_id": "2348",
        "case_type": "图结构",
        "debugScore": 535.25,
        "firstConsScore": 243.0,
        "algorthmScore": 440.48
    },
    {
        "case_id": "2347",
        "case_type": "图结构",
        "debugScore": 202.57,
        "firstConsScore": 257.67,
        "algorthmScore": 373.02
    },
    {
        "case_id": "2235",
        "case_type": "图结构",
        "debugScore": 153.84,
        "firstConsScore": 250.71,
        "algorthmScore": 364.52
    },
    {
        "case_id": "2444",
        "case_type": "图结构",
        "debugScore": 99.71,
        "firstConsScore": 225.16,
        "algorthmScore": 344.61
    },
    {
        "case_id": "2343",
        "case_type": "图结构",
        "debugScore": 159.91,
        "firstConsScore": 181.3,
        "algorthmScore": 339.23
    },
    {
        "case_id": "2354",
        "case_type": "图结构",
        "debugScore": 104.66,
        "firstConsScore": 240.05,
        "algorthmScore": 339.51
    },
    {
        "case_id": "2331",
        "case_type": "图结构",
        "debugScore": 412.9,
        "firstConsScore": 216.01,
        "algorthmScore": 368.34
    },
    {
        "case_id": "2352",
        "case_type": "图结构",
        "debugScore": 1173.69,
        "firstConsScore": 486.54,
        "algorthmScore": 352.43
    },
    {
        "case_id": "2704",
        "case_type": "图结构",
        "debugScore": 115.53,
        "firstConsScore": 190.28,
        "algorthmScore": 303.91
    }
]