[
    {
        "case_id": "2536",
        "case_type": "图结构",
        "debugScore": 115.41,
        "firstConsScore": 763.79,
        "algorthmScore": 311.24
    },
    {
        "case_id": "2316",
        "case_type": "图结构",
        "debugScore": 161.56,
        "firstConsScore": 407.75,
        "algorthmScore": 381.76
    },
    {
        "case_id": "2305",
        "case_type": "图结构",
        "debugScore": 151.47,
        "firstConsScore": 280.47,
        "algorthmScore": 351.48
    },
    {
        "case_id": "2348",
        "case_type": "图结构",
        "debugScore": 125.51,
        "firstConsScore": 306.96,
        "algorthmScore": 293.61
    },
    {
        "case_id": "2347",
        "case_type": "图结构",
        "debugScore": 149.21,
        "firstConsScore": 298.91,
        "algorthmScore": 337.34
    },
    {
        "case_id": "2444",
        "case_type": "图结构",
        "debugScore": 99.71,
        "firstConsScore": 602.74,
        "algorthmScore": 220.11
    },
    {
        "case_id": "2235",
        "case_type": "图结构",
        "debugScore": 288.39,
        "firstConsScore": 367.14,
        "algorthmScore": 396.46
    },
    {
        "case_id": "2343",
        "case_type": "图结构",
        "debugScore": 1836.41,
        "firstConsScore": 270.29,
        "algorthmScore": 339.33
    },
    {
        "case_id": "2354",
        "case_type": "图结构",
        "debugScore": 107.53,
        "firstConsScore": 287.65,
        "algorthmScore": 345.07
    },
    {
        "case_id": "2331",
        "case_type": "图结构",
        "debugScore": 126.19,
        "firstConsScore": 276.48,
        "algorthmScore": 373.74
    },
    {
        "case_id": "2352",
        "case_type": "图结构",
        "debugScore": 125.91,
        "firstConsScore": 306.03,
        "algorthmScore": 305.02
    },
    {
        "case_id": "2704",
        "case_type": "图结构",
        "debugScore": 89.29,
        "firstConsScore": 529.93,
        "algorthmScore": 263.46
    }
]