[
    {
        "case_id": "2473",
        "case_type": "线性表",
        "debugScore": 72.65,
        "firstConsScore": 0.63,
        "algorthmScore": 129.47
    },
    {
        "case_id": "2471",
        "case_type": "线性表",
        "debugScore": 863.23,
        "firstConsScore": 152.0,
        "algorthmScore": 210.02
    },
    {
        "case_id": "2590",
        "case_type": "线性表",
        "debugScore": 555.94,
        "firstConsScore": 190.79,
        "algorthmScore": 260.41
    },
    {
        "case_id": "2724",
        "case_type": "线性表",
        "debugScore": 96.42,
        "firstConsScore": 377.33,
        "algorthmScore": 228.12
    },
    {
        "case_id": "2646",
        "case_type": "线性表",
        "debugScore": 734.9,
        "firstConsScore": 195.74,
        "algorthmScore": 247.87
    },
    {
        "case_id": "2723",
        "case_type": "线性表",
        "debugScore": 85.66,
        "firstConsScore": 341.45,
        "algorthmScore": 252.78
    },
    {
        "case_id": "2722",
        "case_type": "线性表",
        "debugScore": 78.28,
        "firstConsScore": 364.14,
        "algorthmScore": 250.85
    },
    {
        "case_id": "2721",
        "case_type": "线性表",
        "debugScore": 1751.5,
        "firstConsScore": 273.33,
        "algorthmScore": 259.94
    },
    {
        "case_id": "2487",
        "case_type": "线性表",
        "debugScore": 939.17,
        "firstConsScore": 229.57,
        "algorthmScore": 231.44
    },
    {
        "case_id": "2486",
        "case_type": "线性表",
        "debugScore": 91.37,
        "firstConsScore": 366.71,
        "algorthmScore": 237.71
    },
    {
        "case_id": "2761",
        "case_type": "线性表",
        "debugScore": 1120.28,
        "firstConsScore": 165.84,
        "algorthmScore": 299.87
    },
    {
        "case_id": "2649",
        "case_type": "线性表",
        "debugScore": 739.66,
        "firstConsScore": 224.62,
        "algorthmScore": 248.24
    },
    {
        "case_id": "2725",
        "case_type": "线性表",
        "debugScore": 886.6,
        "firstConsScore": 325.37,
        "algorthmScore": 282.42
    },
    {
        "case_id": "2485",
        "case_type": "线性表",
        "debugScore": 812.02,
        "firstConsScore": 210.8,
        "algorthmScore": 210.7
    },
    {
        "case_id": "2760",
        "case_type": "线性表",
        "debugScore": 94.78,
        "firstConsScore": 211.51,
        "algorthmScore": 195.34
    },
    {
        "case_id": "2484",
        "case_type": "线性表",
        "debugScore": 93.92,
        "firstConsScore": 336.19,
        "algorthmScore": 270.24
    },
    {
        "case_id": "2560",
        "case_type": "线性表",
        "debugScore": 94.09,
        "firstConsScore": 338.09,
        "algorthmScore": 270.25
    },
    {
        "case_id": "2483",
        "case_type": "线性表",
        "debugScore": 1322.29,
        "firstConsScore": 251.47,
        "algorthmScore": 249.19
    },
    {
        "case_id": "2559",
        "case_type": "线性表",
        "debugScore": 85.53,
        "firstConsScore": 259.87,
        "algorthmScore": 151.45
    },
    {
        "case_id": "2557",
        "case_type": "线性表",
        "debugScore": 819.12,
        "firstConsScore": 243.68,
        "algorthmScore": 171.58
    },
    {
        "case_id": "2755",
        "case_type": "线性表",
        "debugScore": 571.82,
        "firstConsScore": 115.15,
        "algorthmScore": 145.81
    },
    {
        "case_id": "2732",
        "case_type": "线性表",
        "debugScore": 1117.13,
        "firstConsScore": 150.83,
        "algorthmScore": 252.06
    },
    {
        "case_id": "2731",
        "case_type": "线性表",
        "debugScore": 812.77,
        "firstConsScore": 153.11,
        "algorthmScore": 245.65
    },
    {
        "case_id": "2730",
        "case_type": "线性表",
        "debugScore": 988.46,
        "firstConsScore": 144.37,
        "algorthmScore": 215.4
    },
    {
        "case_id": "2759",
        "case_type": "线性表",
        "debugScore": 82.68,
        "firstConsScore": 207.87,
        "algorthmScore": 246.22
    }
]