[
    {
        "case_id": "2870",
        "case_type": "数组",
        "debugScore": 102.62,
        "firstConsScore": 255.6,
        "algorthmScore": 264.69
    },
    {
        "case_id": "2867",
        "case_type": "数组",
        "debugScore": 79.5,
        "firstConsScore": 291.16,
        "algorthmScore": 323.7
    },
    {
        "case_id": "2845",
        "case_type": "数组",
        "debugScore": 160.64,
        "firstConsScore": 208.98,
        "algorthmScore": 237.23
    },
    {
        "case_id": "2844",
        "case_type": "数组",
        "debugScore": 111.52,
        "firstConsScore": 258.25,
        "algorthmScore": 313.41
    },
    {
        "case_id": "2866",
        "case_type": "数组",
        "debugScore": 82.82,
        "firstConsScore": 210.97,
        "algorthmScore": 265.88
    },
    {
        "case_id": "2865",
        "case_type": "数组",
        "debugScore": 75.41,
        "firstConsScore": 262.87,
        "algorthmScore": 270.4
    },
    {
        "case_id": "2843",
        "case_type": "数组",
        "debugScore": 77.99,
        "firstConsScore": 225.73,
        "algorthmScore": 278.69
    },
    {
        "case_id": "2864",
        "case_type": "数组",
        "debugScore": 114.6,
        "firstConsScore": 169.85,
        "algorthmScore": 259.49
    },
    {
        "case_id": "2863",
        "case_type": "数组",
        "debugScore": 84.28,
        "firstConsScore": 262.54,
        "algorthmScore": 278.72
    },
    {
        "case_id": "2840",
        "case_type": "数组",
        "debugScore": 80.88,
        "firstConsScore": 261.8,
        "algorthmScore": 328.45
    },
    {
        "case_id": "2861",
        "case_type": "数组",
        "debugScore": 79.57,
        "firstConsScore": 205.42,
        "algorthmScore": 267.03
    },
    {
        "case_id": "2849",
        "case_type": "数组",
        "debugScore": 90.72,
        "firstConsScore": 350.73,
        "algorthmScore": 426.8
    },
    {
        "case_id": "2848",
        "case_type": "数组",
        "debugScore": 85.23,
        "firstConsScore": 270.0,
        "algorthmScore": 262.94
    },
    {
        "case_id": "2868",
        "case_type": "数组",
        "debugScore": 88.1,
        "firstConsScore": 195.91,
        "algorthmScore": 257.41
    },
    {
        "case_id": "2824",
        "case_type": "数组",
        "debugScore": 89.12,
        "firstConsScore": 190.35,
        "algorthmScore": 223.48
    },
    {
        "case_id": "2834",
        "case_type": "数组",
        "debugScore": 82.17,
        "firstConsScore": 163.89,
        "algorthmScore": 213.22
    },
    {
        "case_id": "2877",
        "case_type": "数组",
        "debugScore": 81.19,
        "firstConsScore": 259.75,
        "algorthmScore": 309.12
    },
    {
        "case_id": "2855",
        "case_type": "数组",
        "debugScore": 79.92,
        "firstConsScore": 239.06,
        "algorthmScore": 274.87
    },
    {
        "case_id": "2854",
        "case_type": "数组",
        "debugScore": 475.73,
        "firstConsScore": 285.37,
        "algorthmScore": 333.73
    },
    {
        "case_id": "2832",
        "case_type": "数组",
        "debugScore": 84.17,
        "firstConsScore": 239.97,
        "algorthmScore": 268.0
    },
    {
        "case_id": "2875",
        "case_type": "数组",
        "debugScore": 74.56,
        "firstConsScore": 275.36,
        "algorthmScore": 370.03
    },
    {
        "case_id": "2831",
        "case_type": "数组",
        "debugScore": 89.78,
        "firstConsScore": 241.41,
        "algorthmScore": 265.0
    },
    {
        "case_id": "2853",
        "case_type": "数组",
        "debugScore": 68.71,
        "firstConsScore": 211.57,
        "algorthmScore": 282.11
    },
    {
        "case_id": "2830",
        "case_type": "数组",
        "debugScore": 84.13,
        "firstConsScore": 182.45,
        "algorthmScore": 232.17
    },
    {
        "case_id": "2873",
        "case_type": "数组",
        "debugScore": 81.47,
        "firstConsScore": 252.27,
        "algorthmScore": 285.35
    },
    {
        "case_id": "2851",
        "case_type": "数组",
        "debugScore": 96.63,
        "firstConsScore": 225.89,
        "algorthmScore": 349.0
    },
    {
        "case_id": "2872",
        "case_type": "数组",
        "debugScore": 86.13,
        "firstConsScore": 228.64,
        "algorthmScore": 256.34
    },
    {
        "case_id": "2850",
        "case_type": "数组",
        "debugScore": 105.84,
        "firstConsScore": 253.08,
        "algorthmScore": 282.65
    },
    {
        "case_id": "2819",
        "case_type": "数组",
        "debugScore": 109.67,
        "firstConsScore": 206.97,
        "algorthmScore": 309.01
    },
    {
        "case_id": "2838",
        "case_type": "数组",
        "debugScore": 77.66,
        "firstConsScore": 218.53,
        "algorthmScore": 264.03
    },
    {
        "case_id": "2859",
        "case_type": "数组",
        "debugScore": 83.97,
        "firstConsScore": 259.18,
        "algorthmScore": 306.05
    },
    {
        "case_id": "2837",
        "case_type": "数组",
        "debugScore": 79.15,
        "firstConsScore": 250.01,
        "algorthmScore": 286.95
    },
    {
        "case_id": "2815",
        "case_type": "数组",
        "debugScore": 82.82,
        "firstConsScore": 181.51,
        "algorthmScore": 275.92
    },
    {
        "case_id": "2836",
        "case_type": "数组",
        "debugScore": 97.01,
        "firstConsScore": 224.27,
        "algorthmScore": 272.86
    },
    {
        "case_id": "2858",
        "case_type": "数组",
        "debugScore": 118.89,
        "firstConsScore": 219.53,
        "algorthmScore": 287.83
    },
    {
        "case_id": "2835",
        "case_type": "数组",
        "debugScore": 90.2,
        "firstConsScore": 276.45,
        "algorthmScore": 335.54
    }
]