[
    {
        "case_id": "2305",
        "case_type": "图结构",
        "debugScore": 283.97,
        "firstConsScore": 598.6,
        "algorthmScore": 325.79
    },
    {
        "case_id": "2536",
        "case_type": "图结构",
        "debugScore": 760.94,
        "firstConsScore": 353.86,
        "algorthmScore": 282.65
    },
    {
        "case_id": "2316",
        "case_type": "图结构",
        "debugScore": 554.82,
        "firstConsScore": 386.2,
        "algorthmScore": 334.77
    },
    {
        "case_id": "2348",
        "case_type": "图结构",
        "debugScore": 821.06,
        "firstConsScore": 355.43,
        "algorthmScore": 289.27
    },
    {
        "case_id": "2347",
        "case_type": "图结构",
        "debugScore": 748.36,
        "firstConsScore": 474.09,
        "algorthmScore": 268.85
    },
    {
        "case_id": "2444",
        "case_type": "图结构",
        "debugScore": 845.05,
        "firstConsScore": 343.36,
        "algorthmScore": 287.55
    },
    {
        "case_id": "2235",
        "case_type": "图结构",
        "debugScore": 183.9,
        "firstConsScore": 303.52,
        "algorthmScore": 204.73
    },
    {
        "case_id": "2354",
        "case_type": "图结构",
        "debugScore": 101.89,
        "firstConsScore": 347.83,
        "algorthmScore": 188.26
    },
    {
        "case_id": "2343",
        "case_type": "图结构",
        "debugScore": 159.91,
        "firstConsScore": 276.72,
        "algorthmScore": 197.73
    },
    {
        "case_id": "2331",
        "case_type": "图结构",
        "debugScore": 916.27,
        "firstConsScore": 327.76,
        "algorthmScore": 341.19
    },
    {
        "case_id": "2352",
        "case_type": "图结构",
        "debugScore": 419.36,
        "firstConsScore": 314.95,
        "algorthmScore": 230.65
    },
    {
        "case_id": "2704",
        "case_type": "图结构",
        "debugScore": 463.23,
        "firstConsScore": 392.13,
        "algorthmScore": 231.5
    }
]