[
    {
        "case_id": "2694",
        "case_type": "查找算法",
        "debugScore": 106.82,
        "firstConsScore": 131.49,
        "algorthmScore": 194.56
    },
    {
        "case_id": "2570",
        "case_type": "查找算法",
        "debugScore": 106.26,
        "firstConsScore": 187.19,
        "algorthmScore": 314.57
    },
    {
        "case_id": "2701",
        "case_type": "查找算法",
        "debugScore": 98.47,
        "firstConsScore": 166.34,
        "algorthmScore": 309.01
    },
    {
        "case_id": "2745",
        "case_type": "查找算法",
        "debugScore": 103.02,
        "firstConsScore": 171.64,
        "algorthmScore": 338.34
    },
    {
        "case_id": "2711",
        "case_type": "查找算法",
        "debugScore": 109.95,
        "firstConsScore": 242.06,
        "algorthmScore": 456.91
    },
    {
        "case_id": "2567",
        "case_type": "查找算法",
        "debugScore": 124.58,
        "firstConsScore": 230.5,
        "algorthmScore": 298.45
    },
    {
        "case_id": "2720",
        "case_type": "查找算法",
        "debugScore": 95.1,
        "firstConsScore": 153.03,
        "algorthmScore": 291.4
    },
    {
        "case_id": "2729",
        "case_type": "查找算法",
        "debugScore": 76.48,
        "firstConsScore": 239.97,
        "algorthmScore": 174.35
    },
    {
        "case_id": "2707",
        "case_type": "查找算法",
        "debugScore": 82.37,
        "firstConsScore": 243.71,
        "algorthmScore": 225.02
    },
    {
        "case_id": "2718",
        "case_type": "查找算法",
        "debugScore": 114.84,
        "firstConsScore": 186.64,
        "algorthmScore": 330.57
    },
    {
        "case_id": "2717",
        "case_type": "查找算法",
        "debugScore": 89.71,
        "firstConsScore": 201.89,
        "algorthmScore": 344.81
    },
    {
        "case_id": "2606",
        "case_type": "查找算法",
        "debugScore": 70.86,
        "firstConsScore": 199.36,
        "algorthmScore": 140.62
    },
    {
        "case_id": "2639",
        "case_type": "查找算法",
        "debugScore": 80.58,
        "firstConsScore": 161.53,
        "algorthmScore": 283.85
    },
    {
        "case_id": "2705",
        "case_type": "查找算法",
        "debugScore": 86.41,
        "firstConsScore": 169.22,
        "algorthmScore": 296.68
    },
    {
        "case_id": "2737",
        "case_type": "查找算法",
        "debugScore": 77.12,
        "firstConsScore": 256.39,
        "algorthmScore": 184.03
    },
    {
        "case_id": "2715",
        "case_type": "查找算法",
        "debugScore": 169.82,
        "firstConsScore": 173.56,
        "algorthmScore": 273.83
    },
    {
        "case_id": "2726",
        "case_type": "查找算法",
        "debugScore": 86.0,
        "firstConsScore": 163.32,
        "algorthmScore": 254.64
    },
    {
        "case_id": "2703",
        "case_type": "查找算法",
        "debugScore": 90.42,
        "firstConsScore": 281.17,
        "algorthmScore": 222.74
    }
]