[
    {
        "case_id": "2536",
        "case_type": "图结构",
        "debugScore": 115.41,
        "firstConsScore": 682.7,
        "algorthmScore": 307.47
    },
    {
        "case_id": "2316",
        "case_type": "图结构",
        "debugScore": 161.56,
        "firstConsScore": 538.73,
        "algorthmScore": 405.82
    },
    {
        "case_id": "2305",
        "case_type": "图结构",
        "debugScore": 151.47,
        "firstConsScore": 167.4,
        "algorthmScore": 316.36
    },
    {
        "case_id": "2348",
        "case_type": "图结构",
        "debugScore": 125.51,
        "firstConsScore": 459.41,
        "algorthmScore": 337.98
    },
    {
        "case_id": "2347",
        "case_type": "图结构",
        "debugScore": 149.21,
        "firstConsScore": 196.32,
        "algorthmScore": 338.9
    },
    {
        "case_id": "2444",
        "case_type": "图结构",
        "debugScore": 845.05,
        "firstConsScore": 505.51,
        "algorthmScore": 274.61
    },
    {
        "case_id": "2235",
        "case_type": "图结构",
        "debugScore": 153.84,
        "firstConsScore": 352.09,
        "algorthmScore": 312.92
    },
    {
        "case_id": "2354",
        "case_type": "图结构",
        "debugScore": 107.53,
        "firstConsScore": 485.52,
        "algorthmScore": 361.06
    },
    {
        "case_id": "2343",
        "case_type": "图结构",
        "debugScore": 159.91,
        "firstConsScore": 365.78,
        "algorthmScore": 326.4
    },
    {
        "case_id": "2331",
        "case_type": "图结构",
        "debugScore": 130.47,
        "firstConsScore": 390.38,
        "algorthmScore": 373.37
    },
    {
        "case_id": "2352",
        "case_type": "图结构",
        "debugScore": 125.91,
        "firstConsScore": 219.58,
        "algorthmScore": 338.01
    },
    {
        "case_id": "2704",
        "case_type": "图结构",
        "debugScore": 115.53,
        "firstConsScore": 470.31,
        "algorthmScore": 297.17
    }
]