[
    {
        "case_id": "2473",
        "case_type": "线性表",
        "debugScore": 145.16,
        "firstConsScore": 125.61,
        "algorthmScore": 196.51
    },
    {
        "case_id": "2691",
        "case_type": "线性表",
        "debugScore": 194.46,
        "firstConsScore": 262.76,
        "algorthmScore": 257.46
    },
    {
        "case_id": "2471",
        "case_type": "线性表",
        "debugScore": 75.55,
        "firstConsScore": 231.93,
        "algorthmScore": 313.89
    },
    {
        "case_id": "2690",
        "case_type": "线性表",
        "debugScore": 271.28,
        "firstConsScore": 203.59,
        "algorthmScore": 217.3
    },
    {
        "case_id": "2590",
        "case_type": "线性表",
        "debugScore": 278.53,
        "firstConsScore": 205.85,
        "algorthmScore": 258.88
    },
    {
        "case_id": "2724",
        "case_type": "线性表",
        "debugScore": 96.42,
        "firstConsScore": 172.53,
        "algorthmScore": 237.18
    },
    {
        "case_id": "2723",
        "case_type": "线性表",
        "debugScore": 85.66,
        "firstConsScore": 192.61,
        "algorthmScore": 253.88
    },
    {
        "case_id": "2646",
        "case_type": "线性表",
        "debugScore": 188.16,
        "firstConsScore": 131.19,
        "algorthmScore": 114.83
    },
    {
        "case_id": "2722",
        "case_type": "线性表",
        "debugScore": 342.08,
        "firstConsScore": 130.85,
        "algorthmScore": 122.46
    },
    {
        "case_id": "2721",
        "case_type": "线性表",
        "debugScore": 45.01,
        "firstConsScore": 148.51,
        "algorthmScore": 160.1
    },
    {
        "case_id": "2487",
        "case_type": "线性表",
        "debugScore": 253.91,
        "firstConsScore": 165.49,
        "algorthmScore": 262.95
    },
    {
        "case_id": "2761",
        "case_type": "线性表",
        "debugScore": 285.79,
        "firstConsScore": 153.09,
        "algorthmScore": 158.35
    },
    {
        "case_id": "2486",
        "case_type": "线性表",
        "debugScore": 161.83,
        "firstConsScore": 155.57,
        "algorthmScore": 212.94
    },
    {
        "case_id": "2728",
        "case_type": "线性表",
        "debugScore": 469.15,
        "firstConsScore": 173.36,
        "algorthmScore": 218.87
    },
    {
        "case_id": "2727",
        "case_type": "线性表",
        "debugScore": 354.5,
        "firstConsScore": 187.35,
        "algorthmScore": 276.96
    },
    {
        "case_id": "2649",
        "case_type": "线性表",
        "debugScore": 190.13,
        "firstConsScore": 264.86,
        "algorthmScore": 290.61
    },
    {
        "case_id": "2725",
        "case_type": "线性表",
        "debugScore": 79.48,
        "firstConsScore": 174.86,
        "algorthmScore": 147.15
    },
    {
        "case_id": "2760",
        "case_type": "线性表",
        "debugScore": 765.45,
        "firstConsScore": 204.25,
        "algorthmScore": 311.23
    },
    {
        "case_id": "2485",
        "case_type": "线性表",
        "debugScore": 407.86,
        "firstConsScore": 179.99,
        "algorthmScore": 217.1
    },
    {
        "case_id": "2484",
        "case_type": "线性表",
        "debugScore": 369.21,
        "firstConsScore": 177.71,
        "algorthmScore": 197.95
    },
    {
        "case_id": "2560",
        "case_type": "线性表",
        "debugScore": 181.84,
        "firstConsScore": 172.43,
        "algorthmScore": 214.49
    },
    {
        "case_id": "2483",
        "case_type": "线性表",
        "debugScore": 273.9,
        "firstConsScore": 201.32,
        "algorthmScore": 194.99
    },
    {
        "case_id": "2559",
        "case_type": "线性表",
        "debugScore": 85.53,
        "firstConsScore": 349.73,
        "algorthmScore": 232.4
    },
    {
        "case_id": "2557",
        "case_type": "线性表",
        "debugScore": 624.24,
        "firstConsScore": 269.72,
        "algorthmScore": 369.81
    },
    {
        "case_id": "2755",
        "case_type": "线性表",
        "debugScore": 297.45,
        "firstConsScore": 145.64,
        "algorthmScore": 216.17
    },
    {
        "case_id": "2732",
        "case_type": "线性表",
        "debugScore": 845.22,
        "firstConsScore": 143.36,
        "algorthmScore": 318.87
    },
    {
        "case_id": "2336",
        "case_type": "线性表",
        "debugScore": 27.18,
        "firstConsScore": 111.22,
        "algorthmScore": 450.06
    },
    {
        "case_id": "2731",
        "case_type": "线性表",
        "debugScore": 178.57,
        "firstConsScore": 243.25,
        "algorthmScore": 407.24
    },
    {
        "case_id": "2730",
        "case_type": "线性表",
        "debugScore": 48.96,
        "firstConsScore": 140.76,
        "algorthmScore": 129.4
    },
    {
        "case_id": "2759",
        "case_type": "线性表",
        "debugScore": 420.77,
        "firstConsScore": 145.92,
        "algorthmScore": 161.52
    }
]