[
    {
        "case_id": "2954",
        "case_type": "字符串",
        "debugScore": 496.55,
        "firstConsScore": 191.6,
        "algorthmScore": 301.94
    },
    {
        "case_id": "2975",
        "case_type": "字符串",
        "debugScore": 995.3,
        "firstConsScore": 188.44,
        "algorthmScore": 243.93
    },
    {
        "case_id": "2942",
        "case_type": "字符串",
        "debugScore": 363.17,
        "firstConsScore": 109.59,
        "algorthmScore": 220.61
    },
    {
        "case_id": "2963",
        "case_type": "字符串",
        "debugScore": 460.22,
        "firstConsScore": 167.56,
        "algorthmScore": 300.9
    },
    {
        "case_id": "2974",
        "case_type": "字符串",
        "debugScore": 97.32,
        "firstConsScore": 176.97,
        "algorthmScore": 259.99
    },
    {
        "case_id": "2984",
        "case_type": "字符串",
        "debugScore": 846.63,
        "firstConsScore": 196.82,
        "algorthmScore": 189.18
    },
    {
        "case_id": "2961",
        "case_type": "字符串",
        "debugScore": 415.61,
        "firstConsScore": 183.81,
        "algorthmScore": 260.46
    },
    {
        "case_id": "2972",
        "case_type": "字符串",
        "debugScore": 109.77,
        "firstConsScore": 277.71,
        "algorthmScore": 286.0
    },
    {
        "case_id": "2970",
        "case_type": "字符串",
        "debugScore": 907.97,
        "firstConsScore": 147.81,
        "algorthmScore": 313.72
    },
    {
        "case_id": "2981",
        "case_type": "字符串",
        "debugScore": 724.64,
        "firstConsScore": 201.48,
        "algorthmScore": 322.05
    },
    {
        "case_id": "2969",
        "case_type": "字符串",
        "debugScore": 125.36,
        "firstConsScore": 282.14,
        "algorthmScore": 295.75
    },
    {
        "case_id": "2979",
        "case_type": "字符串",
        "debugScore": 233.23,
        "firstConsScore": 241.75,
        "algorthmScore": 265.26
    },
    {
        "case_id": "2946",
        "case_type": "字符串",
        "debugScore": 457.47,
        "firstConsScore": 147.32,
        "algorthmScore": 196.47
    },
    {
        "case_id": "2968",
        "case_type": "字符串",
        "debugScore": 107.61,
        "firstConsScore": 238.65,
        "algorthmScore": 300.58
    },
    {
        "case_id": "2957",
        "case_type": "字符串",
        "debugScore": 122.3,
        "firstConsScore": 199.27,
        "algorthmScore": 354.3
    },
    {
        "case_id": "2978",
        "case_type": "字符串",
        "debugScore": 679.94,
        "firstConsScore": 167.81,
        "algorthmScore": 256.07
    },
    {
        "case_id": "2945",
        "case_type": "字符串",
        "debugScore": 452.07,
        "firstConsScore": 134.57,
        "algorthmScore": 183.37
    },
    {
        "case_id": "2956",
        "case_type": "字符串",
        "debugScore": 614.62,
        "firstConsScore": 125.64,
        "algorthmScore": 310.46
    }
]