[
    {
        "case_id": "2092",
        "case_type": "数字操作",
        "debugScore": 121.66,
        "firstConsScore": 528.44,
        "algorthmScore": 255.02
    },
    {
        "case_id": "2276",
        "case_type": "数字操作",
        "debugScore": 103.29,
        "firstConsScore": 416.94,
        "algorthmScore": 296.45
    },
    {
        "case_id": "2275",
        "case_type": "数字操作",
        "debugScore": 192.24,
        "firstConsScore": 431.98,
        "algorthmScore": 282.98
    },
    {
        "case_id": "2330",
        "case_type": "数字操作",
        "debugScore": 87.82,
        "firstConsScore": 452.61,
        "algorthmScore": 284.83
    },
    {
        "case_id": "2250",
        "case_type": "数字操作",
        "debugScore": 91.5,
        "firstConsScore": 266.5,
        "algorthmScore": 188.87
    },
    {
        "case_id": "2370",
        "case_type": "数字操作",
        "debugScore": 98.06,
        "firstConsScore": 354.33,
        "algorthmScore": 285.54
    },
    {
        "case_id": "2403",
        "case_type": "数字操作",
        "debugScore": 97.27,
        "firstConsScore": 285.86,
        "algorthmScore": 257.3
    },
    {
        "case_id": "2326",
        "case_type": "数字操作",
        "debugScore": 95.77,
        "firstConsScore": 351.78,
        "algorthmScore": 245.5
    },
    {
        "case_id": "2402",
        "case_type": "数字操作",
        "debugScore": 115.64,
        "firstConsScore": 360.25,
        "algorthmScore": 280.33
    },
    {
        "case_id": "2401",
        "case_type": "数字操作",
        "debugScore": 88.98,
        "firstConsScore": 415.15,
        "algorthmScore": 291.53
    },
    {
        "case_id": "2324",
        "case_type": "数字操作",
        "debugScore": 104.1,
        "firstConsScore": 378.62,
        "algorthmScore": 221.27
    },
    {
        "case_id": "2367",
        "case_type": "数字操作",
        "debugScore": 91.57,
        "firstConsScore": 309.45,
        "algorthmScore": 238.03
    },
    {
        "case_id": "2421",
        "case_type": "数字操作",
        "debugScore": 77.62,
        "firstConsScore": 283.25,
        "algorthmScore": 305.79
    },
    {
        "case_id": "2322",
        "case_type": "数字操作",
        "debugScore": 95.27,
        "firstConsScore": 410.31,
        "algorthmScore": 435.16
    },
    {
        "case_id": "2420",
        "case_type": "数字操作",
        "debugScore": 68.03,
        "firstConsScore": 282.61,
        "algorthmScore": 242.57
    },
    {
        "case_id": "2442",
        "case_type": "数字操作",
        "debugScore": 80.59,
        "firstConsScore": 266.79,
        "algorthmScore": 237.61
    },
    {
        "case_id": "2321",
        "case_type": "数字操作",
        "debugScore": 101.51,
        "firstConsScore": 396.02,
        "algorthmScore": 254.3
    },
    {
        "case_id": "2409",
        "case_type": "数字操作",
        "debugScore": 73.83,
        "firstConsScore": 308.92,
        "algorthmScore": 239.66
    },
    {
        "case_id": "2408",
        "case_type": "数字操作",
        "debugScore": 76.42,
        "firstConsScore": 261.93,
        "algorthmScore": 173.28
    },
    {
        "case_id": "2407",
        "case_type": "数字操作",
        "debugScore": 76.67,
        "firstConsScore": 290.08,
        "algorthmScore": 237.82
    },
    {
        "case_id": "2329",
        "case_type": "数字操作",
        "debugScore": 112.07,
        "firstConsScore": 348.01,
        "algorthmScore": 167.38
    },
    {
        "case_id": "2364",
        "case_type": "数字操作",
        "debugScore": 96.03,
        "firstConsScore": 376.98,
        "algorthmScore": 135.56
    },
    {
        "case_id": "2363",
        "case_type": "数字操作",
        "debugScore": 86.27,
        "firstConsScore": 286.54,
        "algorthmScore": 280.98
    },
    {
        "case_id": "2362",
        "case_type": "数字操作",
        "debugScore": 82.97,
        "firstConsScore": 305.19,
        "algorthmScore": 235.76
    },
    {
        "case_id": "2162",
        "case_type": "数字操作",
        "debugScore": 89.14,
        "firstConsScore": 364.47,
        "algorthmScore": 264.69
    },
    {
        "case_id": "2360",
        "case_type": "数字操作",
        "debugScore": 105.44,
        "firstConsScore": 416.15,
        "algorthmScore": 301.16
    },
    {
        "case_id": "2381",
        "case_type": "数字操作",
        "debugScore": 77.8,
        "firstConsScore": 362.81,
        "algorthmScore": 232.75
    },
    {
        "case_id": "2239",
        "case_type": "数字操作",
        "debugScore": 88.57,
        "firstConsScore": 388.83,
        "algorthmScore": 362.66
    },
    {
        "case_id": "2216",
        "case_type": "数字操作",
        "debugScore": 111.64,
        "firstConsScore": 366.94,
        "algorthmScore": 292.24
    },
    {
        "case_id": "2379",
        "case_type": "数字操作",
        "debugScore": 79.85,
        "firstConsScore": 377.16,
        "algorthmScore": 276.3
    },
    {
        "case_id": "2411",
        "case_type": "数字操作",
        "debugScore": 74.09,
        "firstConsScore": 311.79,
        "algorthmScore": 165.03
    },
    {
        "case_id": "2377",
        "case_type": "数字操作",
        "debugScore": 66.45,
        "firstConsScore": 304.18,
        "algorthmScore": 272.12
    },
    {
        "case_id": "2332",
        "case_type": "数字操作",
        "debugScore": 103.86,
        "firstConsScore": 454.8,
        "algorthmScore": 187.1
    },
    {
        "case_id": "2419",
        "case_type": "数字操作",
        "debugScore": 75.29,
        "firstConsScore": 284.73,
        "algorthmScore": 265.19
    },
    {
        "case_id": "2518",
        "case_type": "数字操作",
        "debugScore": 75.59,
        "firstConsScore": 294.42,
        "algorthmScore": 237.32
    }
]