[
    {
        "case_id": "2870",
        "case_type": "数组",
        "debugScore": 102.62,
        "firstConsScore": 288.07,
        "algorthmScore": 248.34
    },
    {
        "case_id": "2374",
        "case_type": "数组",
        "debugScore": 468.77,
        "firstConsScore": 188.77,
        "algorthmScore": 261.22
    },
    {
        "case_id": "2393",
        "case_type": "数组",
        "debugScore": 98.88,
        "firstConsScore": 331.33,
        "algorthmScore": 275.12
    },
    {
        "case_id": "2470",
        "case_type": "数组",
        "debugScore": 83.34,
        "firstConsScore": 341.63,
        "algorthmScore": 271.85
    },
    {
        "case_id": "2867",
        "case_type": "数组",
        "debugScore": 79.5,
        "firstConsScore": 215.26,
        "algorthmScore": 135.24
    },
    {
        "case_id": "2845",
        "case_type": "数组",
        "debugScore": 160.64,
        "firstConsScore": 226.77,
        "algorthmScore": 188.92
    },
    {
        "case_id": "2823",
        "case_type": "数组",
        "debugScore": 111.08,
        "firstConsScore": 343.84,
        "algorthmScore": 314.69
    },
    {
        "case_id": "2844",
        "case_type": "数组",
        "debugScore": 111.52,
        "firstConsScore": 233.0,
        "algorthmScore": 231.66
    },
    {
        "case_id": "2866",
        "case_type": "数组",
        "debugScore": 82.82,
        "firstConsScore": 267.06,
        "algorthmScore": 275.89
    },
    {
        "case_id": "2865",
        "case_type": "数组",
        "debugScore": 75.41,
        "firstConsScore": 261.11,
        "algorthmScore": 219.8
    },
    {
        "case_id": "2843",
        "case_type": "数组",
        "debugScore": 1064.42,
        "firstConsScore": 196.79,
        "algorthmScore": 236.31
    },
    {
        "case_id": "2469",
        "case_type": "数组",
        "debugScore": 193.67,
        "firstConsScore": 376.69,
        "algorthmScore": 293.52
    },
    {
        "case_id": "2864",
        "case_type": "数组",
        "debugScore": 114.6,
        "firstConsScore": 319.91,
        "algorthmScore": 331.48
    },
    {
        "case_id": "2842",
        "case_type": "数组",
        "debugScore": 108.29,
        "firstConsScore": 297.11,
        "algorthmScore": 400.16
    },
    {
        "case_id": "2863",
        "case_type": "数组",
        "debugScore": 84.28,
        "firstConsScore": 293.66,
        "algorthmScore": 277.98
    },
    {
        "case_id": "2840",
        "case_type": "数组",
        "debugScore": 80.88,
        "firstConsScore": 326.91,
        "algorthmScore": 300.97
    },
    {
        "case_id": "2861",
        "case_type": "数组",
        "debugScore": 79.57,
        "firstConsScore": 314.25,
        "algorthmScore": 241.02
    },
    {
        "case_id": "2849",
        "case_type": "数组",
        "debugScore": 90.72,
        "firstConsScore": 207.06,
        "algorthmScore": 162.91
    },
    {
        "case_id": "2848",
        "case_type": "数组",
        "debugScore": 219.93,
        "firstConsScore": 245.7,
        "algorthmScore": 236.32
    },
    {
        "case_id": "2868",
        "case_type": "数组",
        "debugScore": 88.1,
        "firstConsScore": 249.41,
        "algorthmScore": 255.04
    },
    {
        "case_id": "2824",
        "case_type": "数组",
        "debugScore": 89.12,
        "firstConsScore": 238.28,
        "algorthmScore": 297.77
    },
    {
        "case_id": "2384",
        "case_type": "数组",
        "debugScore": 97.01,
        "firstConsScore": 339.46,
        "algorthmScore": 201.81
    },
    {
        "case_id": "2834",
        "case_type": "数组",
        "debugScore": 82.17,
        "firstConsScore": 358.11,
        "algorthmScore": 269.22
    },
    {
        "case_id": "2877",
        "case_type": "数组",
        "debugScore": 81.19,
        "firstConsScore": 305.95,
        "algorthmScore": 270.11
    },
    {
        "case_id": "2855",
        "case_type": "数组",
        "debugScore": 79.92,
        "firstConsScore": 335.08,
        "algorthmScore": 274.91
    },
    {
        "case_id": "2832",
        "case_type": "数组",
        "debugScore": 84.17,
        "firstConsScore": 309.07,
        "algorthmScore": 285.2
    },
    {
        "case_id": "2854",
        "case_type": "数组",
        "debugScore": 126.03,
        "firstConsScore": 308.95,
        "algorthmScore": 298.26
    },
    {
        "case_id": "2875",
        "case_type": "数组",
        "debugScore": 74.56,
        "firstConsScore": 224.99,
        "algorthmScore": 129.21
    },
    {
        "case_id": "2831",
        "case_type": "数组",
        "debugScore": 89.78,
        "firstConsScore": 260.14,
        "algorthmScore": 227.0
    },
    {
        "case_id": "2853",
        "case_type": "数组",
        "debugScore": 1133.09,
        "firstConsScore": 216.86,
        "algorthmScore": 252.27
    },
    {
        "case_id": "2830",
        "case_type": "数组",
        "debugScore": 1194.75,
        "firstConsScore": 262.23,
        "algorthmScore": 271.16
    },
    {
        "case_id": "2852",
        "case_type": "数组",
        "debugScore": 92.08,
        "firstConsScore": 271.76,
        "algorthmScore": 281.29
    },
    {
        "case_id": "2873",
        "case_type": "数组",
        "debugScore": 170.76,
        "firstConsScore": 255.98,
        "algorthmScore": 151.98
    },
    {
        "case_id": "2851",
        "case_type": "数组",
        "debugScore": 96.63,
        "firstConsScore": 314.14,
        "algorthmScore": 262.8
    },
    {
        "case_id": "2872",
        "case_type": "数组",
        "debugScore": 86.13,
        "firstConsScore": 329.68,
        "algorthmScore": 253.29
    },
    {
        "case_id": "2850",
        "case_type": "数组",
        "debugScore": 515.35,
        "firstConsScore": 202.65,
        "algorthmScore": 277.05
    },
    {
        "case_id": "2819",
        "case_type": "数组",
        "debugScore": 109.67,
        "firstConsScore": 311.47,
        "algorthmScore": 268.3
    },
    {
        "case_id": "2838",
        "case_type": "数组",
        "debugScore": 77.66,
        "firstConsScore": 235.07,
        "algorthmScore": 238.83
    },
    {
        "case_id": "2859",
        "case_type": "数组",
        "debugScore": 83.97,
        "firstConsScore": 304.47,
        "algorthmScore": 307.19
    },
    {
        "case_id": "2815",
        "case_type": "数组",
        "debugScore": 82.82,
        "firstConsScore": 329.0,
        "algorthmScore": 235.89
    },
    {
        "case_id": "2837",
        "case_type": "数组",
        "debugScore": 79.15,
        "firstConsScore": 225.04,
        "algorthmScore": 184.12
    },
    {
        "case_id": "2858",
        "case_type": "数组",
        "debugScore": 132.83,
        "firstConsScore": 279.93,
        "algorthmScore": 173.67
    },
    {
        "case_id": "2836",
        "case_type": "数组",
        "debugScore": 97.01,
        "firstConsScore": 171.8,
        "algorthmScore": 145.2
    },
    {
        "case_id": "2857",
        "case_type": "数组",
        "debugScore": 389.26,
        "firstConsScore": 165.05,
        "algorthmScore": 262.2
    },
    {
        "case_id": "2835",
        "case_type": "数组",
        "debugScore": 90.2,
        "firstConsScore": 286.01,
        "algorthmScore": 301.24
    }
]