[
    {
        "case_id": "2870",
        "case_type": "数组",
        "debugScore": 102.62,
        "firstConsScore": 282.28,
        "algorthmScore": 280.97
    },
    {
        "case_id": "2374",
        "case_type": "数组",
        "debugScore": 457.42,
        "firstConsScore": 140.08,
        "algorthmScore": 355.93
    },
    {
        "case_id": "2393",
        "case_type": "数组",
        "debugScore": 98.88,
        "firstConsScore": 240.07,
        "algorthmScore": 185.91
    },
    {
        "case_id": "2470",
        "case_type": "数组",
        "debugScore": 554.45,
        "firstConsScore": 125.88,
        "algorthmScore": 246.9
    },
    {
        "case_id": "2867",
        "case_type": "数组",
        "debugScore": 79.5,
        "firstConsScore": 281.62,
        "algorthmScore": 271.16
    },
    {
        "case_id": "2845",
        "case_type": "数组",
        "debugScore": 482.67,
        "firstConsScore": 202.53,
        "algorthmScore": 154.69
    },
    {
        "case_id": "2823",
        "case_type": "数组",
        "debugScore": 419.08,
        "firstConsScore": 173.6,
        "algorthmScore": 237.67
    },
    {
        "case_id": "2844",
        "case_type": "数组",
        "debugScore": 111.52,
        "firstConsScore": 295.31,
        "algorthmScore": 301.82
    },
    {
        "case_id": "2866",
        "case_type": "数组",
        "debugScore": 109.32,
        "firstConsScore": 282.86,
        "algorthmScore": 270.11
    },
    {
        "case_id": "2865",
        "case_type": "数组",
        "debugScore": 1045.78,
        "firstConsScore": 183.17,
        "algorthmScore": 177.66
    },
    {
        "case_id": "2843",
        "case_type": "数组",
        "debugScore": 77.99,
        "firstConsScore": 270.54,
        "algorthmScore": 269.99
    },
    {
        "case_id": "2469",
        "case_type": "数组",
        "debugScore": 841.82,
        "firstConsScore": 171.61,
        "algorthmScore": 223.29
    },
    {
        "case_id": "2864",
        "case_type": "数组",
        "debugScore": 114.6,
        "firstConsScore": 342.35,
        "algorthmScore": 331.24
    },
    {
        "case_id": "2842",
        "case_type": "数组",
        "debugScore": 727.74,
        "firstConsScore": 188.64,
        "algorthmScore": 304.52
    },
    {
        "case_id": "2863",
        "case_type": "数组",
        "debugScore": 84.28,
        "firstConsScore": 277.16,
        "algorthmScore": 278.05
    },
    {
        "case_id": "2840",
        "case_type": "数组",
        "debugScore": 80.88,
        "firstConsScore": 302.4,
        "algorthmScore": 328.68
    },
    {
        "case_id": "2861",
        "case_type": "数组",
        "debugScore": 79.57,
        "firstConsScore": 251.55,
        "algorthmScore": 252.73
    },
    {
        "case_id": "2849",
        "case_type": "数组",
        "debugScore": 90.72,
        "firstConsScore": 310.03,
        "algorthmScore": 357.88
    },
    {
        "case_id": "2848",
        "case_type": "数组",
        "debugScore": 1018.02,
        "firstConsScore": 204.79,
        "algorthmScore": 279.63
    },
    {
        "case_id": "2868",
        "case_type": "数组",
        "debugScore": 88.1,
        "firstConsScore": 271.93,
        "algorthmScore": 252.78
    },
    {
        "case_id": "2824",
        "case_type": "数组",
        "debugScore": 89.12,
        "firstConsScore": 253.59,
        "algorthmScore": 286.04
    },
    {
        "case_id": "2384",
        "case_type": "数组",
        "debugScore": 959.08,
        "firstConsScore": 168.34,
        "algorthmScore": 301.58
    },
    {
        "case_id": "2834",
        "case_type": "数组",
        "debugScore": 82.17,
        "firstConsScore": 239.11,
        "algorthmScore": 297.22
    },
    {
        "case_id": "2877",
        "case_type": "数组",
        "debugScore": 81.19,
        "firstConsScore": 322.48,
        "algorthmScore": 338.67
    },
    {
        "case_id": "2855",
        "case_type": "数组",
        "debugScore": 359.26,
        "firstConsScore": 245.63,
        "algorthmScore": 311.01
    },
    {
        "case_id": "2854",
        "case_type": "数组",
        "debugScore": 383.37,
        "firstConsScore": 279.66,
        "algorthmScore": 293.43
    },
    {
        "case_id": "2832",
        "case_type": "数组",
        "debugScore": 84.17,
        "firstConsScore": 296.59,
        "algorthmScore": 298.02
    },
    {
        "case_id": "2875",
        "case_type": "数组",
        "debugScore": 74.56,
        "firstConsScore": 320.65,
        "algorthmScore": 366.95
    },
    {
        "case_id": "2831",
        "case_type": "数组",
        "debugScore": 89.78,
        "firstConsScore": 357.62,
        "algorthmScore": 387.82
    },
    {
        "case_id": "2853",
        "case_type": "数组",
        "debugScore": 106.45,
        "firstConsScore": 256.43,
        "algorthmScore": 259.15
    },
    {
        "case_id": "2830",
        "case_type": "数组",
        "debugScore": 84.13,
        "firstConsScore": 239.23,
        "algorthmScore": 279.62
    },
    {
        "case_id": "2852",
        "case_type": "数组",
        "debugScore": 921.6,
        "firstConsScore": 170.25,
        "algorthmScore": 285.75
    },
    {
        "case_id": "2873",
        "case_type": "数组",
        "debugScore": 81.47,
        "firstConsScore": 301.82,
        "algorthmScore": 285.67
    },
    {
        "case_id": "2851",
        "case_type": "数组",
        "debugScore": 96.63,
        "firstConsScore": 278.17,
        "algorthmScore": 349.17
    },
    {
        "case_id": "2850",
        "case_type": "数组",
        "debugScore": 579.24,
        "firstConsScore": 155.44,
        "algorthmScore": 284.77
    },
    {
        "case_id": "2872",
        "case_type": "数组",
        "debugScore": 827.44,
        "firstConsScore": 24.85,
        "algorthmScore": 75.87
    },
    {
        "case_id": "2819",
        "case_type": "数组",
        "debugScore": 109.67,
        "firstConsScore": 275.13,
        "algorthmScore": 118.03
    },
    {
        "case_id": "2838",
        "case_type": "数组",
        "debugScore": 77.66,
        "firstConsScore": 274.32,
        "algorthmScore": 273.35
    },
    {
        "case_id": "2859",
        "case_type": "数组",
        "debugScore": 216.53,
        "firstConsScore": 263.14,
        "algorthmScore": 162.54
    },
    {
        "case_id": "2837",
        "case_type": "数组",
        "debugScore": 79.15,
        "firstConsScore": 312.89,
        "algorthmScore": 373.26
    },
    {
        "case_id": "2815",
        "case_type": "数组",
        "debugScore": 82.82,
        "firstConsScore": 257.75,
        "algorthmScore": 130.48
    },
    {
        "case_id": "2836",
        "case_type": "数组",
        "debugScore": 167.73,
        "firstConsScore": 269.65,
        "algorthmScore": 283.14
    },
    {
        "case_id": "2858",
        "case_type": "数组",
        "debugScore": 118.89,
        "firstConsScore": 267.91,
        "algorthmScore": 292.65
    },
    {
        "case_id": "2835",
        "case_type": "数组",
        "debugScore": 281.84,
        "firstConsScore": 306.35,
        "algorthmScore": 335.54
    },
    {
        "case_id": "2857",
        "case_type": "数组",
        "debugScore": 287.19,
        "firstConsScore": 154.76,
        "algorthmScore": 241.36
    }
]