[
    {
        "case_id": "2650",
        "case_type": "树结构",
        "debugScore": 103.37,
        "firstConsScore": 267.45,
        "algorthmScore": 299.91
    },
    {
        "case_id": "2353",
        "case_type": "树结构",
        "debugScore": 95.88,
        "firstConsScore": 317.94,
        "algorthmScore": 236.57
    },
    {
        "case_id": "2397",
        "case_type": "树结构",
        "debugScore": 135.7,
        "firstConsScore": 315.06,
        "algorthmScore": 355.38
    },
    {
        "case_id": "2524",
        "case_type": "树结构",
        "debugScore": 288.14,
        "firstConsScore": 262.29,
        "algorthmScore": 197.25
    },
    {
        "case_id": "2600",
        "case_type": "树结构",
        "debugScore": 217.42,
        "firstConsScore": 283.85,
        "algorthmScore": 315.69
    },
    {
        "case_id": "2400",
        "case_type": "树结构",
        "debugScore": 133.94,
        "firstConsScore": 300.43,
        "algorthmScore": 236.14
    },
    {
        "case_id": "2509",
        "case_type": "树结构",
        "debugScore": 89.65,
        "firstConsScore": 236.66,
        "algorthmScore": 278.12
    },
    {
        "case_id": "2605",
        "case_type": "树结构",
        "debugScore": 450.49,
        "firstConsScore": 232.71,
        "algorthmScore": 132.79
    },
    {
        "case_id": "2549",
        "case_type": "树结构",
        "debugScore": 95.72,
        "firstConsScore": 255.11,
        "algorthmScore": 288.92
    },
    {
        "case_id": "2648",
        "case_type": "树结构",
        "debugScore": 101.08,
        "firstConsScore": 299.23,
        "algorthmScore": 331.74
    },
    {
        "case_id": "2540",
        "case_type": "树结构",
        "debugScore": 139.08,
        "firstConsScore": 297.54,
        "algorthmScore": 261.8
    },
    {
        "case_id": "2660",
        "case_type": "树结构",
        "debugScore": 107.68,
        "firstConsScore": 252.58,
        "algorthmScore": 305.48
    },
    {
        "case_id": "2382",
        "case_type": "树结构",
        "debugScore": 94.56,
        "firstConsScore": 243.21,
        "algorthmScore": 230.97
    },
    {
        "case_id": "2416",
        "case_type": "树结构",
        "debugScore": 403.44,
        "firstConsScore": 235.26,
        "algorthmScore": 309.87
    },
    {
        "case_id": "2636",
        "case_type": "树结构",
        "debugScore": 109.29,
        "firstConsScore": 302.21,
        "algorthmScore": 256.53
    },
    {
        "case_id": "2657",
        "case_type": "树结构",
        "debugScore": 100.79,
        "firstConsScore": 287.66,
        "algorthmScore": 183.5
    },
    {
        "case_id": "2633",
        "case_type": "树结构",
        "debugScore": 154.13,
        "firstConsScore": 266.78,
        "algorthmScore": 284.12
    },
    {
        "case_id": "2699",
        "case_type": "树结构",
        "debugScore": 119.51,
        "firstConsScore": 308.61,
        "algorthmScore": 172.93
    },
    {
        "case_id": "2599",
        "case_type": "树结构",
        "debugScore": 99.8,
        "firstConsScore": 292.97,
        "algorthmScore": 249.32
    },
    {
        "case_id": "2632",
        "case_type": "树结构",
        "debugScore": 116.46,
        "firstConsScore": 288.29,
        "algorthmScore": 319.0
    },
    {
        "case_id": "2654",
        "case_type": "树结构",
        "debugScore": 110.29,
        "firstConsScore": 252.51,
        "algorthmScore": 326.64
    },
    {
        "case_id": "2598",
        "case_type": "树结构",
        "debugScore": 95.29,
        "firstConsScore": 257.44,
        "algorthmScore": 306.03
    },
    {
        "case_id": "2631",
        "case_type": "树结构",
        "debugScore": 90.08,
        "firstConsScore": 297.75,
        "algorthmScore": 280.84
    },
    {
        "case_id": "2697",
        "case_type": "树结构",
        "debugScore": 96.64,
        "firstConsScore": 232.88,
        "algorthmScore": 176.38
    },
    {
        "case_id": "2696",
        "case_type": "树结构",
        "debugScore": 95.8,
        "firstConsScore": 295.14,
        "algorthmScore": 140.13
    },
    {
        "case_id": "2355",
        "case_type": "树结构",
        "debugScore": 129.65,
        "firstConsScore": 309.39,
        "algorthmScore": 336.93
    },
    {
        "case_id": "2695",
        "case_type": "树结构",
        "debugScore": 113.57,
        "firstConsScore": 295.2,
        "algorthmScore": 233.21
    },
    {
        "case_id": "2398",
        "case_type": "树结构",
        "debugScore": 91.47,
        "firstConsScore": 283.34,
        "algorthmScore": 358.67
    },
    {
        "case_id": "2638",
        "case_type": "树结构",
        "debugScore": 103.09,
        "firstConsScore": 261.5,
        "algorthmScore": 298.9
    }
]