[
    {
        "case_id": "2536",
        "case_type": "图结构",
        "debugScore": 115.41,
        "firstConsScore": 305.73,
        "algorthmScore": 312.02
    },
    {
        "case_id": "2305",
        "case_type": "图结构",
        "debugScore": 151.47,
        "firstConsScore": 238.33,
        "algorthmScore": 337.42
    },
    {
        "case_id": "2316",
        "case_type": "图结构",
        "debugScore": 626.08,
        "firstConsScore": 67.76,
        "algorthmScore": 368.71
    },
    {
        "case_id": "2348",
        "case_type": "图结构",
        "debugScore": 794.96,
        "firstConsScore": 182.88,
        "algorthmScore": 424.23
    },
    {
        "case_id": "2347",
        "case_type": "图结构",
        "debugScore": 828.82,
        "firstConsScore": 73.34,
        "algorthmScore": 368.33
    },
    {
        "case_id": "2444",
        "case_type": "图结构",
        "debugScore": 99.71,
        "firstConsScore": 284.26,
        "algorthmScore": 309.85
    },
    {
        "case_id": "2235",
        "case_type": "图结构",
        "debugScore": 697.74,
        "firstConsScore": 77.32,
        "algorthmScore": 343.24
    },
    {
        "case_id": "2343",
        "case_type": "图结构",
        "debugScore": 159.91,
        "firstConsScore": 190.54,
        "algorthmScore": 337.84
    },
    {
        "case_id": "2354",
        "case_type": "图结构",
        "debugScore": 107.53,
        "firstConsScore": 223.79,
        "algorthmScore": 356.86
    },
    {
        "case_id": "2331",
        "case_type": "图结构",
        "debugScore": 130.47,
        "firstConsScore": 215.32,
        "algorthmScore": 189.91
    },
    {
        "case_id": "2352",
        "case_type": "图结构",
        "debugScore": 1210.29,
        "firstConsScore": 89.6,
        "algorthmScore": 157.06
    },
    {
        "case_id": "2704",
        "case_type": "图结构",
        "debugScore": 115.53,
        "firstConsScore": 194.06,
        "algorthmScore": 293.57
    }
]