[
    {
        "case_id": "2473",
        "case_type": "线性表",
        "debugScore": 676.18,
        "firstConsScore": 231.98,
        "algorthmScore": 234.68
    },
    {
        "case_id": "2471",
        "case_type": "线性表",
        "debugScore": 691.66,
        "firstConsScore": 233.62,
        "algorthmScore": 152.51
    },
    {
        "case_id": "2691",
        "case_type": "线性表",
        "debugScore": 197.68,
        "firstConsScore": 315.25,
        "algorthmScore": 321.35
    },
    {
        "case_id": "2690",
        "case_type": "线性表",
        "debugScore": 268.07,
        "firstConsScore": 336.66,
        "algorthmScore": 270.07
    },
    {
        "case_id": "2590",
        "case_type": "线性表",
        "debugScore": 83.15,
        "firstConsScore": 301.16,
        "algorthmScore": 206.69
    },
    {
        "case_id": "2724",
        "case_type": "线性表",
        "debugScore": 96.42,
        "firstConsScore": 351.19,
        "algorthmScore": 278.71
    },
    {
        "case_id": "2646",
        "case_type": "线性表",
        "debugScore": 734.9,
        "firstConsScore": 186.14,
        "algorthmScore": 263.41
    },
    {
        "case_id": "2723",
        "case_type": "线性表",
        "debugScore": 85.66,
        "firstConsScore": 345.61,
        "algorthmScore": 296.38
    },
    {
        "case_id": "2722",
        "case_type": "线性表",
        "debugScore": 78.28,
        "firstConsScore": 343.97,
        "algorthmScore": 265.51
    },
    {
        "case_id": "2721",
        "case_type": "线性表",
        "debugScore": 82.94,
        "firstConsScore": 329.18,
        "algorthmScore": 240.44
    },
    {
        "case_id": "2487",
        "case_type": "线性表",
        "debugScore": 993.24,
        "firstConsScore": 218.63,
        "algorthmScore": 182.8
    },
    {
        "case_id": "2761",
        "case_type": "线性表",
        "debugScore": 84.71,
        "firstConsScore": 347.92,
        "algorthmScore": 224.58
    },
    {
        "case_id": "2486",
        "case_type": "线性表",
        "debugScore": 749.52,
        "firstConsScore": 148.06,
        "algorthmScore": 244.77
    },
    {
        "case_id": "2728",
        "case_type": "线性表",
        "debugScore": 86.84,
        "firstConsScore": 382.01,
        "algorthmScore": 270.02
    },
    {
        "case_id": "2727",
        "case_type": "线性表",
        "debugScore": 95.35,
        "firstConsScore": 231.9,
        "algorthmScore": 290.41
    },
    {
        "case_id": "2649",
        "case_type": "线性表",
        "debugScore": 84.85,
        "firstConsScore": 240.99,
        "algorthmScore": 167.85
    },
    {
        "case_id": "2725",
        "case_type": "线性表",
        "debugScore": 85.38,
        "firstConsScore": 186.0,
        "algorthmScore": 250.68
    },
    {
        "case_id": "2485",
        "case_type": "线性表",
        "debugScore": 818.34,
        "firstConsScore": 205.29,
        "algorthmScore": 265.1
    },
    {
        "case_id": "2760",
        "case_type": "线性表",
        "debugScore": 94.78,
        "firstConsScore": 358.32,
        "algorthmScore": 304.26
    },
    {
        "case_id": "2484",
        "case_type": "线性表",
        "debugScore": 1469.5,
        "firstConsScore": 229.7,
        "algorthmScore": 202.38
    },
    {
        "case_id": "2560",
        "case_type": "线性表",
        "debugScore": 852.76,
        "firstConsScore": 200.67,
        "algorthmScore": 205.81
    },
    {
        "case_id": "2483",
        "case_type": "线性表",
        "debugScore": 1094.22,
        "firstConsScore": 207.14,
        "algorthmScore": 129.87
    },
    {
        "case_id": "2559",
        "case_type": "线性表",
        "debugScore": 85.53,
        "firstConsScore": 284.91,
        "algorthmScore": 275.66
    },
    {
        "case_id": "2557",
        "case_type": "线性表",
        "debugScore": 81.3,
        "firstConsScore": 315.39,
        "algorthmScore": 317.96
    },
    {
        "case_id": "2755",
        "case_type": "线性表",
        "debugScore": 606.47,
        "firstConsScore": 220.52,
        "algorthmScore": 267.61
    },
    {
        "case_id": "2732",
        "case_type": "线性表",
        "debugScore": 77.69,
        "firstConsScore": 356.3,
        "algorthmScore": 304.91
    },
    {
        "case_id": "2336",
        "case_type": "线性表",
        "debugScore": 435.37,
        "firstConsScore": 206.29,
        "algorthmScore": 257.17
    },
    {
        "case_id": "2731",
        "case_type": "线性表",
        "debugScore": 775.35,
        "firstConsScore": 269.41,
        "algorthmScore": 234.45
    },
    {
        "case_id": "2730",
        "case_type": "线性表",
        "debugScore": 77.3,
        "firstConsScore": 243.65,
        "algorthmScore": 267.57
    },
    {
        "case_id": "2759",
        "case_type": "线性表",
        "debugScore": 82.68,
        "firstConsScore": 357.24,
        "algorthmScore": 260.76
    }
]