[
    {
        "case_id": "2650",
        "case_type": "树结构",
        "debugScore": 103.37,
        "firstConsScore": 535.62,
        "algorthmScore": 284.83
    },
    {
        "case_id": "2397",
        "case_type": "树结构",
        "debugScore": 135.7,
        "firstConsScore": 885.58,
        "algorthmScore": 289.57
    },
    {
        "case_id": "2353",
        "case_type": "树结构",
        "debugScore": 95.88,
        "firstConsScore": 658.86,
        "algorthmScore": 97.64
    },
    {
        "case_id": "2524",
        "case_type": "树结构",
        "debugScore": 120.48,
        "firstConsScore": 517.64,
        "algorthmScore": 220.27
    },
    {
        "case_id": "2600",
        "case_type": "树结构",
        "debugScore": 114.11,
        "firstConsScore": 421.73,
        "algorthmScore": 230.46
    },
    {
        "case_id": "2400",
        "case_type": "树结构",
        "debugScore": 133.94,
        "firstConsScore": 593.19,
        "algorthmScore": 321.07
    },
    {
        "case_id": "2509",
        "case_type": "树结构",
        "debugScore": 89.65,
        "firstConsScore": 489.37,
        "algorthmScore": 270.59
    },
    {
        "case_id": "2605",
        "case_type": "树结构",
        "debugScore": 86.96,
        "firstConsScore": 559.87,
        "algorthmScore": 243.07
    },
    {
        "case_id": "2549",
        "case_type": "树结构",
        "debugScore": 95.72,
        "firstConsScore": 513.47,
        "algorthmScore": 292.63
    },
    {
        "case_id": "2648",
        "case_type": "树结构",
        "debugScore": 101.08,
        "firstConsScore": 462.2,
        "algorthmScore": 127.66
    },
    {
        "case_id": "2540",
        "case_type": "树结构",
        "debugScore": 139.08,
        "firstConsScore": 569.49,
        "algorthmScore": 370.88
    },
    {
        "case_id": "2660",
        "case_type": "树结构",
        "debugScore": 107.68,
        "firstConsScore": 598.54,
        "algorthmScore": 315.52
    },
    {
        "case_id": "2382",
        "case_type": "树结构",
        "debugScore": 94.56,
        "firstConsScore": 440.37,
        "algorthmScore": 285.4
    },
    {
        "case_id": "2416",
        "case_type": "树结构",
        "debugScore": 136.26,
        "firstConsScore": 434.83,
        "algorthmScore": 243.89
    },
    {
        "case_id": "2636",
        "case_type": "树结构",
        "debugScore": 109.29,
        "firstConsScore": 859.78,
        "algorthmScore": 309.46
    },
    {
        "case_id": "2657",
        "case_type": "树结构",
        "debugScore": 100.79,
        "firstConsScore": 619.63,
        "algorthmScore": 322.29
    },
    {
        "case_id": "2633",
        "case_type": "树结构",
        "debugScore": 154.13,
        "firstConsScore": 525.94,
        "algorthmScore": 279.15
    },
    {
        "case_id": "2699",
        "case_type": "树结构",
        "debugScore": 119.51,
        "firstConsScore": 694.18,
        "algorthmScore": 323.31
    },
    {
        "case_id": "2599",
        "case_type": "树结构",
        "debugScore": 99.8,
        "firstConsScore": 555.93,
        "algorthmScore": 284.08
    },
    {
        "case_id": "2632",
        "case_type": "树结构",
        "debugScore": 116.46,
        "firstConsScore": 518.36,
        "algorthmScore": 267.2
    },
    {
        "case_id": "2654",
        "case_type": "树结构",
        "debugScore": 110.29,
        "firstConsScore": 498.0,
        "algorthmScore": 122.55
    },
    {
        "case_id": "2598",
        "case_type": "树结构",
        "debugScore": 95.29,
        "firstConsScore": 518.68,
        "algorthmScore": 266.12
    },
    {
        "case_id": "2631",
        "case_type": "树结构",
        "debugScore": 90.08,
        "firstConsScore": 549.05,
        "algorthmScore": 259.16
    },
    {
        "case_id": "2697",
        "case_type": "树结构",
        "debugScore": 96.64,
        "firstConsScore": 461.66,
        "algorthmScore": 149.43
    },
    {
        "case_id": "2696",
        "case_type": "树结构",
        "debugScore": 95.8,
        "firstConsScore": 691.67,
        "algorthmScore": 313.5
    },
    {
        "case_id": "2355",
        "case_type": "树结构",
        "debugScore": 129.65,
        "firstConsScore": 746.54,
        "algorthmScore": 334.91
    },
    {
        "case_id": "2695",
        "case_type": "树结构",
        "debugScore": 113.57,
        "firstConsScore": 685.56,
        "algorthmScore": 313.93
    },
    {
        "case_id": "2398",
        "case_type": "树结构",
        "debugScore": 760.95,
        "firstConsScore": 346.58,
        "algorthmScore": 412.68
    },
    {
        "case_id": "2638",
        "case_type": "树结构",
        "debugScore": 103.09,
        "firstConsScore": 505.28,
        "algorthmScore": 295.84
    }
]