[
    {
        "case_id": "2694",
        "case_type": "查找算法",
        "debugScore": 106.82,
        "firstConsScore": 308.06,
        "algorthmScore": 131.8
    },
    {
        "case_id": "2570",
        "case_type": "查找算法",
        "debugScore": 443.43,
        "firstConsScore": 366.31,
        "algorthmScore": 126.87
    },
    {
        "case_id": "2701",
        "case_type": "查找算法",
        "debugScore": 1086.94,
        "firstConsScore": 261.28,
        "algorthmScore": 248.41
    },
    {
        "case_id": "2745",
        "case_type": "查找算法",
        "debugScore": 103.02,
        "firstConsScore": 525.73,
        "algorthmScore": 298.57
    },
    {
        "case_id": "2711",
        "case_type": "查找算法",
        "debugScore": 109.95,
        "firstConsScore": 323.65,
        "algorthmScore": 138.75
    },
    {
        "case_id": "2567",
        "case_type": "查找算法",
        "debugScore": 124.58,
        "firstConsScore": 428.45,
        "algorthmScore": 241.78
    },
    {
        "case_id": "2720",
        "case_type": "查找算法",
        "debugScore": 95.1,
        "firstConsScore": 475.87,
        "algorthmScore": 280.53
    },
    {
        "case_id": "2729",
        "case_type": "查找算法",
        "debugScore": 521.86,
        "firstConsScore": 176.47,
        "algorthmScore": 218.52
    },
    {
        "case_id": "2707",
        "case_type": "查找算法",
        "debugScore": 82.37,
        "firstConsScore": 268.1,
        "algorthmScore": 161.39
    },
    {
        "case_id": "2718",
        "case_type": "查找算法",
        "debugScore": 1101.08,
        "firstConsScore": 348.7,
        "algorthmScore": 192.23
    },
    {
        "case_id": "2706",
        "case_type": "查找算法",
        "debugScore": 564.27,
        "firstConsScore": 250.66,
        "algorthmScore": 166.2
    },
    {
        "case_id": "2717",
        "case_type": "查找算法",
        "debugScore": 789.23,
        "firstConsScore": 290.29,
        "algorthmScore": 248.74
    },
    {
        "case_id": "2606",
        "case_type": "查找算法",
        "debugScore": 760.19,
        "firstConsScore": 178.24,
        "algorthmScore": 214.39
    },
    {
        "case_id": "2716",
        "case_type": "查找算法",
        "debugScore": 634.67,
        "firstConsScore": 270.7,
        "algorthmScore": 337.66
    },
    {
        "case_id": "2639",
        "case_type": "查找算法",
        "debugScore": 80.58,
        "firstConsScore": 350.01,
        "algorthmScore": 234.83
    },
    {
        "case_id": "2705",
        "case_type": "查找算法",
        "debugScore": 1071.21,
        "firstConsScore": 317.02,
        "algorthmScore": 256.98
    },
    {
        "case_id": "2737",
        "case_type": "查找算法",
        "debugScore": 77.12,
        "firstConsScore": 283.1,
        "algorthmScore": 189.31
    },
    {
        "case_id": "2715",
        "case_type": "查找算法",
        "debugScore": 559.17,
        "firstConsScore": 253.11,
        "algorthmScore": 270.09
    },
    {
        "case_id": "2726",
        "case_type": "查找算法",
        "debugScore": 82.46,
        "firstConsScore": 277.43,
        "algorthmScore": 233.11
    },
    {
        "case_id": "2703",
        "case_type": "查找算法",
        "debugScore": 394.52,
        "firstConsScore": 250.11,
        "algorthmScore": 235.57
    }
]