[
    {
        "case_id": "2650",
        "case_type": "树结构",
        "debugScore": 103.37,
        "firstConsScore": 313.58,
        "algorthmScore": 193.6
    },
    {
        "case_id": "2353",
        "case_type": "树结构",
        "debugScore": 95.88,
        "firstConsScore": 365.35,
        "algorthmScore": 314.02
    },
    {
        "case_id": "2397",
        "case_type": "树结构",
        "debugScore": 135.7,
        "firstConsScore": 418.33,
        "algorthmScore": 297.54
    },
    {
        "case_id": "2524",
        "case_type": "树结构",
        "debugScore": 120.48,
        "firstConsScore": 396.87,
        "algorthmScore": 301.88
    },
    {
        "case_id": "2600",
        "case_type": "树结构",
        "debugScore": 114.11,
        "firstConsScore": 251.22,
        "algorthmScore": 226.27
    },
    {
        "case_id": "2400",
        "case_type": "树结构",
        "debugScore": 133.94,
        "firstConsScore": 589.4,
        "algorthmScore": 372.14
    },
    {
        "case_id": "2509",
        "case_type": "树结构",
        "debugScore": 89.65,
        "firstConsScore": 279.77,
        "algorthmScore": 235.84
    },
    {
        "case_id": "2605",
        "case_type": "树结构",
        "debugScore": 86.96,
        "firstConsScore": 353.1,
        "algorthmScore": 133.03
    },
    {
        "case_id": "2648",
        "case_type": "树结构",
        "debugScore": 101.08,
        "firstConsScore": 388.28,
        "algorthmScore": 267.07
    },
    {
        "case_id": "2549",
        "case_type": "树结构",
        "debugScore": 95.72,
        "firstConsScore": 282.71,
        "algorthmScore": 146.13
    },
    {
        "case_id": "2540",
        "case_type": "树结构",
        "debugScore": 131.37,
        "firstConsScore": 399.16,
        "algorthmScore": 319.5
    },
    {
        "case_id": "2660",
        "case_type": "树结构",
        "debugScore": 107.68,
        "firstConsScore": 344.54,
        "algorthmScore": 222.48
    },
    {
        "case_id": "2382",
        "case_type": "树结构",
        "debugScore": 94.56,
        "firstConsScore": 279.27,
        "algorthmScore": 248.83
    },
    {
        "case_id": "2416",
        "case_type": "树结构",
        "debugScore": 740.58,
        "firstConsScore": 167.56,
        "algorthmScore": 256.81
    },
    {
        "case_id": "2636",
        "case_type": "树结构",
        "debugScore": 91.51,
        "firstConsScore": 358.21,
        "algorthmScore": 296.04
    },
    {
        "case_id": "2657",
        "case_type": "树结构",
        "debugScore": 100.79,
        "firstConsScore": 387.65,
        "algorthmScore": 252.16
    },
    {
        "case_id": "2699",
        "case_type": "树结构",
        "debugScore": 483.33,
        "firstConsScore": 395.49,
        "algorthmScore": 294.73
    },
    {
        "case_id": "2633",
        "case_type": "树结构",
        "debugScore": 154.13,
        "firstConsScore": 309.75,
        "algorthmScore": 163.64
    },
    {
        "case_id": "2599",
        "case_type": "树结构",
        "debugScore": 99.8,
        "firstConsScore": 344.16,
        "algorthmScore": 189.53
    },
    {
        "case_id": "2632",
        "case_type": "树结构",
        "debugScore": 116.46,
        "firstConsScore": 324.33,
        "algorthmScore": 175.81
    },
    {
        "case_id": "2654",
        "case_type": "树结构",
        "debugScore": 110.29,
        "firstConsScore": 329.28,
        "algorthmScore": 197.03
    },
    {
        "case_id": "2697",
        "case_type": "树结构",
        "debugScore": 96.64,
        "firstConsScore": 381.95,
        "algorthmScore": 344.17
    },
    {
        "case_id": "2598",
        "case_type": "树结构",
        "debugScore": 95.29,
        "firstConsScore": 313.82,
        "algorthmScore": 239.32
    },
    {
        "case_id": "2631",
        "case_type": "树结构",
        "debugScore": 90.08,
        "firstConsScore": 347.7,
        "algorthmScore": 144.46
    },
    {
        "case_id": "2696",
        "case_type": "树结构",
        "debugScore": 95.8,
        "firstConsScore": 409.68,
        "algorthmScore": 141.5
    },
    {
        "case_id": "2355",
        "case_type": "树结构",
        "debugScore": 129.65,
        "firstConsScore": 382.76,
        "algorthmScore": 328.7
    },
    {
        "case_id": "2695",
        "case_type": "树结构",
        "debugScore": 113.57,
        "firstConsScore": 408.44,
        "algorthmScore": 257.05
    },
    {
        "case_id": "2398",
        "case_type": "树结构",
        "debugScore": 91.47,
        "firstConsScore": 344.52,
        "algorthmScore": 272.43
    },
    {
        "case_id": "2638",
        "case_type": "树结构",
        "debugScore": 103.09,
        "firstConsScore": 306.11,
        "algorthmScore": 233.7
    }
]