[
    {
        "case_id": "2473",
        "case_type": "线性表",
        "debugScore": 86.76,
        "firstConsScore": 279.03,
        "algorthmScore": 259.17
    },
    {
        "case_id": "2471",
        "case_type": "线性表",
        "debugScore": 706.84,
        "firstConsScore": 194.35,
        "algorthmScore": 247.41
    },
    {
        "case_id": "2691",
        "case_type": "线性表",
        "debugScore": 216.81,
        "firstConsScore": 269.81,
        "algorthmScore": 258.32
    },
    {
        "case_id": "2690",
        "case_type": "线性表",
        "debugScore": 139.87,
        "firstConsScore": 347.72,
        "algorthmScore": 282.19
    },
    {
        "case_id": "2590",
        "case_type": "线性表",
        "debugScore": 83.15,
        "firstConsScore": 258.58,
        "algorthmScore": 162.04
    },
    {
        "case_id": "2724",
        "case_type": "线性表",
        "debugScore": 96.42,
        "firstConsScore": 230.65,
        "algorthmScore": 295.17
    },
    {
        "case_id": "2646",
        "case_type": "线性表",
        "debugScore": 85.37,
        "firstConsScore": 267.91,
        "algorthmScore": 262.13
    },
    {
        "case_id": "2723",
        "case_type": "线性表",
        "debugScore": 85.66,
        "firstConsScore": 239.38,
        "algorthmScore": 251.82
    },
    {
        "case_id": "2722",
        "case_type": "线性表",
        "debugScore": 78.28,
        "firstConsScore": 231.82,
        "algorthmScore": 258.65
    },
    {
        "case_id": "2721",
        "case_type": "线性表",
        "debugScore": 82.94,
        "firstConsScore": 231.96,
        "algorthmScore": 228.5
    },
    {
        "case_id": "2487",
        "case_type": "线性表",
        "debugScore": 77.87,
        "firstConsScore": 255.83,
        "algorthmScore": 285.32
    },
    {
        "case_id": "2486",
        "case_type": "线性表",
        "debugScore": 91.37,
        "firstConsScore": 306.13,
        "algorthmScore": 285.26
    },
    {
        "case_id": "2761",
        "case_type": "线性表",
        "debugScore": 84.71,
        "firstConsScore": 240.98,
        "algorthmScore": 266.82
    },
    {
        "case_id": "2728",
        "case_type": "线性表",
        "debugScore": 86.84,
        "firstConsScore": 285.24,
        "algorthmScore": 289.12
    },
    {
        "case_id": "2727",
        "case_type": "线性表",
        "debugScore": 95.35,
        "firstConsScore": 315.4,
        "algorthmScore": 277.68
    },
    {
        "case_id": "2649",
        "case_type": "线性表",
        "debugScore": 739.66,
        "firstConsScore": 120.98,
        "algorthmScore": 167.6
    },
    {
        "case_id": "2725",
        "case_type": "线性表",
        "debugScore": 85.38,
        "firstConsScore": 302.08,
        "algorthmScore": 293.56
    },
    {
        "case_id": "2485",
        "case_type": "线性表",
        "debugScore": 77.05,
        "firstConsScore": 264.18,
        "algorthmScore": 235.05
    },
    {
        "case_id": "2760",
        "case_type": "线性表",
        "debugScore": 94.78,
        "firstConsScore": 251.52,
        "algorthmScore": 151.66
    },
    {
        "case_id": "2484",
        "case_type": "线性表",
        "debugScore": 93.92,
        "firstConsScore": 252.89,
        "algorthmScore": 295.26
    },
    {
        "case_id": "2560",
        "case_type": "线性表",
        "debugScore": 94.09,
        "firstConsScore": 266.84,
        "algorthmScore": 252.72
    },
    {
        "case_id": "2483",
        "case_type": "线性表",
        "debugScore": 100.28,
        "firstConsScore": 258.05,
        "algorthmScore": 287.02
    },
    {
        "case_id": "2559",
        "case_type": "线性表",
        "debugScore": 85.53,
        "firstConsScore": 242.05,
        "algorthmScore": 196.96
    },
    {
        "case_id": "2557",
        "case_type": "线性表",
        "debugScore": 81.3,
        "firstConsScore": 238.57,
        "algorthmScore": 208.51
    },
    {
        "case_id": "2755",
        "case_type": "线性表",
        "debugScore": 105.5,
        "firstConsScore": 275.76,
        "algorthmScore": 227.86
    },
    {
        "case_id": "2732",
        "case_type": "线性表",
        "debugScore": 77.69,
        "firstConsScore": 240.62,
        "algorthmScore": 132.92
    },
    {
        "case_id": "2336",
        "case_type": "线性表",
        "debugScore": 90.11,
        "firstConsScore": 388.28,
        "algorthmScore": 246.73
    },
    {
        "case_id": "2731",
        "case_type": "线性表",
        "debugScore": 92.02,
        "firstConsScore": 294.93,
        "algorthmScore": 324.81
    },
    {
        "case_id": "2730",
        "case_type": "线性表",
        "debugScore": 77.3,
        "firstConsScore": 241.22,
        "algorthmScore": 253.61
    },
    {
        "case_id": "2759",
        "case_type": "线性表",
        "debugScore": 82.68,
        "firstConsScore": 232.43,
        "algorthmScore": 254.39
    }
]