[
    {
        "case_id": "2305",
        "case_type": "图结构",
        "debugScore": 1034.44,
        "firstConsScore": 162.31,
        "algorthmScore": 226.02
    },
    {
        "case_id": "2536",
        "case_type": "图结构",
        "debugScore": 810.05,
        "firstConsScore": 74.08,
        "algorthmScore": 322.25
    },
    {
        "case_id": "2316",
        "case_type": "图结构",
        "debugScore": 529.73,
        "firstConsScore": 132.43,
        "algorthmScore": 368.71
    },
    {
        "case_id": "2348",
        "case_type": "图结构",
        "debugScore": 876.32,
        "firstConsScore": 204.2,
        "algorthmScore": 293.52
    },
    {
        "case_id": "2347",
        "case_type": "图结构",
        "debugScore": 119.2,
        "firstConsScore": 139.11,
        "algorthmScore": 289.58
    },
    {
        "case_id": "2444",
        "case_type": "图结构",
        "debugScore": 828.4,
        "firstConsScore": 149.29,
        "algorthmScore": 356.29
    },
    {
        "case_id": "2235",
        "case_type": "图结构",
        "debugScore": 697.74,
        "firstConsScore": 85.16,
        "algorthmScore": 365.63
    },
    {
        "case_id": "2343",
        "case_type": "图结构",
        "debugScore": 159.91,
        "firstConsScore": 169.11,
        "algorthmScore": 339.13
    },
    {
        "case_id": "2354",
        "case_type": "图结构",
        "debugScore": 1121.4,
        "firstConsScore": 130.04,
        "algorthmScore": 339.48
    },
    {
        "case_id": "2331",
        "case_type": "图结构",
        "debugScore": 921.24,
        "firstConsScore": 159.02,
        "algorthmScore": 332.03
    },
    {
        "case_id": "2704",
        "case_type": "图结构",
        "debugScore": 823.26,
        "firstConsScore": 77.65,
        "algorthmScore": 308.16
    }
]