[
    {
        "case_id": "2305",
        "case_type": "图结构",
        "debugScore": 151.47,
        "firstConsScore": 242.9,
        "algorthmScore": 337.32
    },
    {
        "case_id": "2536",
        "case_type": "图结构",
        "debugScore": 115.41,
        "firstConsScore": 214.86,
        "algorthmScore": 308.91
    },
    {
        "case_id": "2316",
        "case_type": "图结构",
        "debugScore": 657.22,
        "firstConsScore": 40.11,
        "algorthmScore": 368.71
    },
    {
        "case_id": "2348",
        "case_type": "图结构",
        "debugScore": 125.51,
        "firstConsScore": 296.91,
        "algorthmScore": 424.18
    },
    {
        "case_id": "2347",
        "case_type": "图结构",
        "debugScore": 149.21,
        "firstConsScore": 263.44,
        "algorthmScore": 364.07
    },
    {
        "case_id": "2444",
        "case_type": "图结构",
        "debugScore": 99.71,
        "firstConsScore": 207.32,
        "algorthmScore": 304.3
    },
    {
        "case_id": "2235",
        "case_type": "图结构",
        "debugScore": 153.84,
        "firstConsScore": 238.72,
        "algorthmScore": 344.22
    },
    {
        "case_id": "2343",
        "case_type": "图结构",
        "debugScore": 159.91,
        "firstConsScore": 169.62,
        "algorthmScore": 339.33
    },
    {
        "case_id": "2354",
        "case_type": "图结构",
        "debugScore": 107.53,
        "firstConsScore": 229.99,
        "algorthmScore": 356.52
    },
    {
        "case_id": "2331",
        "case_type": "图结构",
        "debugScore": 130.47,
        "firstConsScore": 219.79,
        "algorthmScore": 193.3
    },
    {
        "case_id": "2352",
        "case_type": "图结构",
        "debugScore": 125.91,
        "firstConsScore": 203.28,
        "algorthmScore": 157.73
    },
    {
        "case_id": "2704",
        "case_type": "图结构",
        "debugScore": 115.53,
        "firstConsScore": 183.93,
        "algorthmScore": 305.1
    }
]