[
    {
        "case_id": "2694",
        "case_type": "查找算法",
        "debugScore": 411.26,
        "firstConsScore": 221.75,
        "algorthmScore": 201.51
    },
    {
        "case_id": "2570",
        "case_type": "查找算法",
        "debugScore": 106.26,
        "firstConsScore": 253.98,
        "algorthmScore": 322.09
    },
    {
        "case_id": "2745",
        "case_type": "查找算法",
        "debugScore": 95.32,
        "firstConsScore": 255.74,
        "algorthmScore": 176.2
    },
    {
        "case_id": "2701",
        "case_type": "查找算法",
        "debugScore": 98.47,
        "firstConsScore": 202.16,
        "algorthmScore": 280.75
    },
    {
        "case_id": "2711",
        "case_type": "查找算法",
        "debugScore": 109.95,
        "firstConsScore": 217.02,
        "algorthmScore": 238.85
    },
    {
        "case_id": "2567",
        "case_type": "查找算法",
        "debugScore": 525.8,
        "firstConsScore": 136.2,
        "algorthmScore": 275.52
    },
    {
        "case_id": "2720",
        "case_type": "查找算法",
        "debugScore": 970.01,
        "firstConsScore": 166.87,
        "algorthmScore": 302.86
    },
    {
        "case_id": "2729",
        "case_type": "查找算法",
        "debugScore": 519.35,
        "firstConsScore": 175.15,
        "algorthmScore": 228.51
    },
    {
        "case_id": "2707",
        "case_type": "查找算法",
        "debugScore": 82.37,
        "firstConsScore": 226.03,
        "algorthmScore": 302.26
    },
    {
        "case_id": "2718",
        "case_type": "查找算法",
        "debugScore": 1136.54,
        "firstConsScore": 155.76,
        "algorthmScore": 263.13
    },
    {
        "case_id": "2706",
        "case_type": "查找算法",
        "debugScore": 98.66,
        "firstConsScore": 297.83,
        "algorthmScore": 333.8
    },
    {
        "case_id": "2717",
        "case_type": "查找算法",
        "debugScore": 89.71,
        "firstConsScore": 243.32,
        "algorthmScore": 328.39
    },
    {
        "case_id": "2606",
        "case_type": "查找算法",
        "debugScore": 388.06,
        "firstConsScore": 243.54,
        "algorthmScore": 320.16
    },
    {
        "case_id": "2639",
        "case_type": "查找算法",
        "debugScore": 80.58,
        "firstConsScore": 268.61,
        "algorthmScore": 264.81
    },
    {
        "case_id": "2705",
        "case_type": "查找算法",
        "debugScore": 86.41,
        "firstConsScore": 208.64,
        "algorthmScore": 159.34
    },
    {
        "case_id": "2716",
        "case_type": "查找算法",
        "debugScore": 130.92,
        "firstConsScore": 299.82,
        "algorthmScore": 327.15
    },
    {
        "case_id": "2737",
        "case_type": "查找算法",
        "debugScore": 1775.74,
        "firstConsScore": 193.79,
        "algorthmScore": 278.74
    },
    {
        "case_id": "2715",
        "case_type": "查找算法",
        "debugScore": 574.99,
        "firstConsScore": 246.76,
        "algorthmScore": 276.17
    },
    {
        "case_id": "2726",
        "case_type": "查找算法",
        "debugScore": 101.13,
        "firstConsScore": 218.74,
        "algorthmScore": 155.58
    },
    {
        "case_id": "2703",
        "case_type": "查找算法",
        "debugScore": 767.86,
        "firstConsScore": 75.86,
        "algorthmScore": 118.25
    }
]