[
    {
        "case_id": "2092",
        "case_type": "数字操作",
        "debugScore": 348.29,
        "firstConsScore": 170.31,
        "algorthmScore": 305.52
    },
    {
        "case_id": "2276",
        "case_type": "数字操作",
        "debugScore": 103.29,
        "firstConsScore": 374.65,
        "algorthmScore": 225.65
    },
    {
        "case_id": "2330",
        "case_type": "数字操作",
        "debugScore": 536.84,
        "firstConsScore": 249.61,
        "algorthmScore": 278.72
    },
    {
        "case_id": "2275",
        "case_type": "数字操作",
        "debugScore": 414.78,
        "firstConsScore": 51.83,
        "algorthmScore": 323.99
    },
    {
        "case_id": "2250",
        "case_type": "数字操作",
        "debugScore": 366.08,
        "firstConsScore": 221.07,
        "algorthmScore": 332.21
    },
    {
        "case_id": "2370",
        "case_type": "数字操作",
        "debugScore": 335.8,
        "firstConsScore": 334.2,
        "algorthmScore": 296.43
    },
    {
        "case_id": "2403",
        "case_type": "数字操作",
        "debugScore": 97.27,
        "firstConsScore": 298.89,
        "algorthmScore": 238.27
    },
    {
        "case_id": "2326",
        "case_type": "数字操作",
        "debugScore": 679.32,
        "firstConsScore": 332.85,
        "algorthmScore": 247.92
    },
    {
        "case_id": "2402",
        "case_type": "数字操作",
        "debugScore": 115.64,
        "firstConsScore": 343.5,
        "algorthmScore": 235.19
    },
    {
        "case_id": "2401",
        "case_type": "数字操作",
        "debugScore": 88.98,
        "firstConsScore": 397.51,
        "algorthmScore": 238.03
    },
    {
        "case_id": "2324",
        "case_type": "数字操作",
        "debugScore": 104.1,
        "firstConsScore": 411.78,
        "algorthmScore": 284.08
    },
    {
        "case_id": "2367",
        "case_type": "数字操作",
        "debugScore": 730.53,
        "firstConsScore": 267.26,
        "algorthmScore": 262.52
    },
    {
        "case_id": "2421",
        "case_type": "数字操作",
        "debugScore": 642.88,
        "firstConsScore": 221.24,
        "algorthmScore": 299.54
    },
    {
        "case_id": "2322",
        "case_type": "数字操作",
        "debugScore": 95.27,
        "firstConsScore": 420.33,
        "algorthmScore": 182.01
    },
    {
        "case_id": "2420",
        "case_type": "数字操作",
        "debugScore": 68.03,
        "firstConsScore": 281.15,
        "algorthmScore": 217.07
    },
    {
        "case_id": "2442",
        "case_type": "数字操作",
        "debugScore": 80.59,
        "firstConsScore": 301.74,
        "algorthmScore": 298.15
    },
    {
        "case_id": "2321",
        "case_type": "数字操作",
        "debugScore": 101.51,
        "firstConsScore": 406.97,
        "algorthmScore": 271.85
    },
    {
        "case_id": "2409",
        "case_type": "数字操作",
        "debugScore": 73.83,
        "firstConsScore": 303.0,
        "algorthmScore": 279.37
    },
    {
        "case_id": "2408",
        "case_type": "数字操作",
        "debugScore": 76.42,
        "firstConsScore": 266.59,
        "algorthmScore": 163.79
    },
    {
        "case_id": "2407",
        "case_type": "数字操作",
        "debugScore": 76.67,
        "firstConsScore": 300.53,
        "algorthmScore": 241.32
    },
    {
        "case_id": "2329",
        "case_type": "数字操作",
        "debugScore": 670.22,
        "firstConsScore": 207.43,
        "algorthmScore": 440.42
    },
    {
        "case_id": "2364",
        "case_type": "数字操作",
        "debugScore": 96.03,
        "firstConsScore": 391.95,
        "algorthmScore": 285.48
    },
    {
        "case_id": "2363",
        "case_type": "数字操作",
        "debugScore": 86.27,
        "firstConsScore": 314.86,
        "algorthmScore": 298.51
    },
    {
        "case_id": "2362",
        "case_type": "数字操作",
        "debugScore": 566.82,
        "firstConsScore": 305.52,
        "algorthmScore": 291.18
    },
    {
        "case_id": "2360",
        "case_type": "数字操作",
        "debugScore": 105.44,
        "firstConsScore": 423.85,
        "algorthmScore": 263.72
    },
    {
        "case_id": "2162",
        "case_type": "数字操作",
        "debugScore": 197.9,
        "firstConsScore": 269.81,
        "algorthmScore": 244.53
    },
    {
        "case_id": "2381",
        "case_type": "数字操作",
        "debugScore": 77.8,
        "firstConsScore": 374.11,
        "algorthmScore": 254.29
    },
    {
        "case_id": "2239",
        "case_type": "数字操作",
        "debugScore": 88.57,
        "firstConsScore": 334.76,
        "algorthmScore": 251.47
    },
    {
        "case_id": "2216",
        "case_type": "数字操作",
        "debugScore": 111.64,
        "firstConsScore": 349.06,
        "algorthmScore": 267.53
    },
    {
        "case_id": "2379",
        "case_type": "数字操作",
        "debugScore": 79.85,
        "firstConsScore": 411.25,
        "algorthmScore": 276.3
    },
    {
        "case_id": "2411",
        "case_type": "数字操作",
        "debugScore": 754.36,
        "firstConsScore": 182.43,
        "algorthmScore": 260.16
    },
    {
        "case_id": "2377",
        "case_type": "数字操作",
        "debugScore": 265.97,
        "firstConsScore": 253.13,
        "algorthmScore": 224.66
    },
    {
        "case_id": "2332",
        "case_type": "数字操作",
        "debugScore": 1189.73,
        "firstConsScore": 262.95,
        "algorthmScore": 376.29
    },
    {
        "case_id": "2419",
        "case_type": "数字操作",
        "debugScore": 75.29,
        "firstConsScore": 296.6,
        "algorthmScore": 252.17
    },
    {
        "case_id": "2518",
        "case_type": "数字操作",
        "debugScore": 75.59,
        "firstConsScore": 326.7,
        "algorthmScore": 278.31
    }
]