[
    {
        "case_id": "2473",
        "case_type": "线性表",
        "debugScore": 86.76,
        "firstConsScore": 209.4,
        "algorthmScore": 238.15
    },
    {
        "case_id": "2471",
        "case_type": "线性表",
        "debugScore": 75.55,
        "firstConsScore": 120.51,
        "algorthmScore": 214.29
    },
    {
        "case_id": "2590",
        "case_type": "线性表",
        "debugScore": 83.15,
        "firstConsScore": 257.58,
        "algorthmScore": 196.23
    },
    {
        "case_id": "2724",
        "case_type": "线性表",
        "debugScore": 96.42,
        "firstConsScore": 140.52,
        "algorthmScore": 292.19
    },
    {
        "case_id": "2646",
        "case_type": "线性表",
        "debugScore": 85.37,
        "firstConsScore": 240.86,
        "algorthmScore": 245.95
    },
    {
        "case_id": "2723",
        "case_type": "线性表",
        "debugScore": 85.66,
        "firstConsScore": 168.57,
        "algorthmScore": 290.54
    },
    {
        "case_id": "2722",
        "case_type": "线性表",
        "debugScore": 78.28,
        "firstConsScore": 146.8,
        "algorthmScore": 265.98
    },
    {
        "case_id": "2721",
        "case_type": "线性表",
        "debugScore": 82.94,
        "firstConsScore": 162.95,
        "algorthmScore": 290.04
    },
    {
        "case_id": "2487",
        "case_type": "线性表",
        "debugScore": 77.87,
        "firstConsScore": 186.06,
        "algorthmScore": 253.54
    },
    {
        "case_id": "2486",
        "case_type": "线性表",
        "debugScore": 91.37,
        "firstConsScore": 253.54,
        "algorthmScore": 178.62
    },
    {
        "case_id": "2761",
        "case_type": "线性表",
        "debugScore": 84.71,
        "firstConsScore": 166.05,
        "algorthmScore": 265.81
    },
    {
        "case_id": "2727",
        "case_type": "线性表",
        "debugScore": 95.35,
        "firstConsScore": 234.87,
        "algorthmScore": 253.24
    },
    {
        "case_id": "2649",
        "case_type": "线性表",
        "debugScore": 84.85,
        "firstConsScore": 262.01,
        "algorthmScore": 287.65
    },
    {
        "case_id": "2725",
        "case_type": "线性表",
        "debugScore": 85.38,
        "firstConsScore": 155.89,
        "algorthmScore": 271.37
    },
    {
        "case_id": "2485",
        "case_type": "线性表",
        "debugScore": 77.05,
        "firstConsScore": 239.25,
        "algorthmScore": 228.72
    },
    {
        "case_id": "2760",
        "case_type": "线性表",
        "debugScore": 94.78,
        "firstConsScore": 182.96,
        "algorthmScore": 268.33
    },
    {
        "case_id": "2484",
        "case_type": "线性表",
        "debugScore": 93.92,
        "firstConsScore": 162.0,
        "algorthmScore": 136.11
    },
    {
        "case_id": "2560",
        "case_type": "线性表",
        "debugScore": 94.09,
        "firstConsScore": 247.38,
        "algorthmScore": 269.1
    },
    {
        "case_id": "2483",
        "case_type": "线性表",
        "debugScore": 100.28,
        "firstConsScore": 208.65,
        "algorthmScore": 232.18
    },
    {
        "case_id": "2559",
        "case_type": "线性表",
        "debugScore": 85.53,
        "firstConsScore": 187.87,
        "algorthmScore": 258.0
    },
    {
        "case_id": "2557",
        "case_type": "线性表",
        "debugScore": 81.3,
        "firstConsScore": 194.4,
        "algorthmScore": 160.82
    },
    {
        "case_id": "2755",
        "case_type": "线性表",
        "debugScore": 105.5,
        "firstConsScore": 221.81,
        "algorthmScore": 244.59
    },
    {
        "case_id": "2732",
        "case_type": "线性表",
        "debugScore": 77.69,
        "firstConsScore": 167.9,
        "algorthmScore": 195.51
    },
    {
        "case_id": "2336",
        "case_type": "线性表",
        "debugScore": 90.11,
        "firstConsScore": 325.91,
        "algorthmScore": 187.41
    },
    {
        "case_id": "2731",
        "case_type": "线性表",
        "debugScore": 92.02,
        "firstConsScore": 197.69,
        "algorthmScore": 245.16
    },
    {
        "case_id": "2730",
        "case_type": "线性表",
        "debugScore": 77.3,
        "firstConsScore": 162.18,
        "algorthmScore": 251.79
    },
    {
        "case_id": "2759",
        "case_type": "线性表",
        "debugScore": 82.68,
        "firstConsScore": 152.61,
        "algorthmScore": 261.18
    }
]