[
    {
        "case_id": "2954",
        "case_type": "字符串",
        "debugScore": 119.33,
        "firstConsScore": 246.99,
        "algorthmScore": 301.94
    },
    {
        "case_id": "2975",
        "case_type": "字符串",
        "debugScore": 82.68,
        "firstConsScore": 194.0,
        "algorthmScore": 254.52
    },
    {
        "case_id": "2942",
        "case_type": "字符串",
        "debugScore": 358.08,
        "firstConsScore": 45.17,
        "algorthmScore": 190.33
    },
    {
        "case_id": "2974",
        "case_type": "字符串",
        "debugScore": 1223.29,
        "firstConsScore": 133.75,
        "algorthmScore": 255.29
    },
    {
        "case_id": "2963",
        "case_type": "字符串",
        "debugScore": 538.87,
        "firstConsScore": 66.81,
        "algorthmScore": 301.29
    },
    {
        "case_id": "2984",
        "case_type": "字符串",
        "debugScore": 92.47,
        "firstConsScore": 162.75,
        "algorthmScore": 172.18
    },
    {
        "case_id": "2961",
        "case_type": "字符串",
        "debugScore": 468.2,
        "firstConsScore": 62.22,
        "algorthmScore": 204.9
    },
    {
        "case_id": "2972",
        "case_type": "字符串",
        "debugScore": 531.94,
        "firstConsScore": 176.75,
        "algorthmScore": 285.9
    },
    {
        "case_id": "2981",
        "case_type": "字符串",
        "debugScore": 899.56,
        "firstConsScore": 138.38,
        "algorthmScore": 319.23
    },
    {
        "case_id": "2970",
        "case_type": "字符串",
        "debugScore": 111.67,
        "firstConsScore": 236.77,
        "algorthmScore": 313.26
    },
    {
        "case_id": "2969",
        "case_type": "字符串",
        "debugScore": 493.75,
        "firstConsScore": 149.34,
        "algorthmScore": 295.63
    },
    {
        "case_id": "2979",
        "case_type": "字符串",
        "debugScore": 1083.73,
        "firstConsScore": 78.6,
        "algorthmScore": 222.68
    },
    {
        "case_id": "2946",
        "case_type": "字符串",
        "debugScore": 457.47,
        "firstConsScore": 26.18,
        "algorthmScore": 13.29
    },
    {
        "case_id": "2968",
        "case_type": "字符串",
        "debugScore": 866.69,
        "firstConsScore": 143.42,
        "algorthmScore": 300.5
    },
    {
        "case_id": "2957",
        "case_type": "字符串",
        "debugScore": 122.3,
        "firstConsScore": 199.45,
        "algorthmScore": 295.76
    },
    {
        "case_id": "2978",
        "case_type": "字符串",
        "debugScore": 676.88,
        "firstConsScore": 22.98,
        "algorthmScore": 150.87
    },
    {
        "case_id": "2945",
        "case_type": "字符串",
        "debugScore": 409.8,
        "firstConsScore": 62.95,
        "algorthmScore": 113.44
    },
    {
        "case_id": "2956",
        "case_type": "字符串",
        "debugScore": 706.72,
        "firstConsScore": 111.14,
        "algorthmScore": 310.46
    }
]