[
    {
        "case_id": "2870",
        "case_type": "数组",
        "debugScore": 102.62,
        "firstConsScore": 268.34,
        "algorthmScore": 280.58
    },
    {
        "case_id": "2374",
        "case_type": "数组",
        "debugScore": 92.51,
        "firstConsScore": 355.02,
        "algorthmScore": 200.93
    },
    {
        "case_id": "2393",
        "case_type": "数组",
        "debugScore": 98.88,
        "firstConsScore": 198.91,
        "algorthmScore": 251.95
    },
    {
        "case_id": "2470",
        "case_type": "数组",
        "debugScore": 83.34,
        "firstConsScore": 296.38,
        "algorthmScore": 217.25
    },
    {
        "case_id": "2867",
        "case_type": "数组",
        "debugScore": 79.5,
        "firstConsScore": 223.38,
        "algorthmScore": 191.22
    },
    {
        "case_id": "2845",
        "case_type": "数组",
        "debugScore": 382.17,
        "firstConsScore": 176.24,
        "algorthmScore": 246.62
    },
    {
        "case_id": "2823",
        "case_type": "数组",
        "debugScore": 423.67,
        "firstConsScore": 185.52,
        "algorthmScore": 276.02
    },
    {
        "case_id": "2844",
        "case_type": "数组",
        "debugScore": 111.52,
        "firstConsScore": 296.73,
        "algorthmScore": 290.34
    },
    {
        "case_id": "2866",
        "case_type": "数组",
        "debugScore": 82.82,
        "firstConsScore": 304.12,
        "algorthmScore": 282.46
    },
    {
        "case_id": "2865",
        "case_type": "数组",
        "debugScore": 75.41,
        "firstConsScore": 277.58,
        "algorthmScore": 212.29
    },
    {
        "case_id": "2843",
        "case_type": "数组",
        "debugScore": 77.99,
        "firstConsScore": 277.88,
        "algorthmScore": 289.74
    },
    {
        "case_id": "2469",
        "case_type": "数组",
        "debugScore": 714.85,
        "firstConsScore": 137.0,
        "algorthmScore": 116.51
    },
    {
        "case_id": "2842",
        "case_type": "数组",
        "debugScore": 698.1,
        "firstConsScore": 163.56,
        "algorthmScore": 292.1
    },
    {
        "case_id": "2863",
        "case_type": "数组",
        "debugScore": 702.66,
        "firstConsScore": 167.76,
        "algorthmScore": 140.07
    },
    {
        "case_id": "2840",
        "case_type": "数组",
        "debugScore": 80.88,
        "firstConsScore": 272.51,
        "algorthmScore": 273.68
    },
    {
        "case_id": "2861",
        "case_type": "数组",
        "debugScore": 79.57,
        "firstConsScore": 274.58,
        "algorthmScore": 294.05
    },
    {
        "case_id": "2849",
        "case_type": "数组",
        "debugScore": 392.91,
        "firstConsScore": 225.31,
        "algorthmScore": 319.05
    },
    {
        "case_id": "2848",
        "case_type": "数组",
        "debugScore": 415.69,
        "firstConsScore": 230.9,
        "algorthmScore": 257.49
    },
    {
        "case_id": "2868",
        "case_type": "数组",
        "debugScore": 88.1,
        "firstConsScore": 227.55,
        "algorthmScore": 254.44
    },
    {
        "case_id": "2824",
        "case_type": "数组",
        "debugScore": 569.87,
        "firstConsScore": 186.28,
        "algorthmScore": 187.33
    },
    {
        "case_id": "2384",
        "case_type": "数组",
        "debugScore": 97.01,
        "firstConsScore": 243.34,
        "algorthmScore": 219.55
    },
    {
        "case_id": "2834",
        "case_type": "数组",
        "debugScore": 1271.97,
        "firstConsScore": 166.87,
        "algorthmScore": 246.3
    },
    {
        "case_id": "2877",
        "case_type": "数组",
        "debugScore": 81.19,
        "firstConsScore": 300.26,
        "algorthmScore": 309.26
    },
    {
        "case_id": "2855",
        "case_type": "数组",
        "debugScore": 79.92,
        "firstConsScore": 233.39,
        "algorthmScore": 124.9
    },
    {
        "case_id": "2854",
        "case_type": "数组",
        "debugScore": 88.3,
        "firstConsScore": 249.98,
        "algorthmScore": 289.43
    },
    {
        "case_id": "2832",
        "case_type": "数组",
        "debugScore": 84.17,
        "firstConsScore": 271.13,
        "algorthmScore": 248.99
    },
    {
        "case_id": "2875",
        "case_type": "数组",
        "debugScore": 912.95,
        "firstConsScore": 188.35,
        "algorthmScore": 205.91
    },
    {
        "case_id": "2831",
        "case_type": "数组",
        "debugScore": 89.78,
        "firstConsScore": 280.77,
        "algorthmScore": 284.71
    },
    {
        "case_id": "2853",
        "case_type": "数组",
        "debugScore": 106.45,
        "firstConsScore": 264.22,
        "algorthmScore": 258.0
    },
    {
        "case_id": "2830",
        "case_type": "数组",
        "debugScore": 366.89,
        "firstConsScore": 195.15,
        "algorthmScore": 224.31
    },
    {
        "case_id": "2852",
        "case_type": "数组",
        "debugScore": 92.08,
        "firstConsScore": 243.83,
        "algorthmScore": 281.67
    },
    {
        "case_id": "2873",
        "case_type": "数组",
        "debugScore": 752.07,
        "firstConsScore": 139.63,
        "algorthmScore": 235.09
    },
    {
        "case_id": "2851",
        "case_type": "数组",
        "debugScore": 96.63,
        "firstConsScore": 265.12,
        "algorthmScore": 263.29
    },
    {
        "case_id": "2872",
        "case_type": "数组",
        "debugScore": 86.13,
        "firstConsScore": 275.82,
        "algorthmScore": 260.06
    },
    {
        "case_id": "2850",
        "case_type": "数组",
        "debugScore": 84.73,
        "firstConsScore": 300.73,
        "algorthmScore": 220.4
    },
    {
        "case_id": "2819",
        "case_type": "数组",
        "debugScore": 771.69,
        "firstConsScore": 120.6,
        "algorthmScore": 278.69
    },
    {
        "case_id": "2838",
        "case_type": "数组",
        "debugScore": 77.66,
        "firstConsScore": 278.9,
        "algorthmScore": 264.09
    },
    {
        "case_id": "2859",
        "case_type": "数组",
        "debugScore": 217.04,
        "firstConsScore": 239.22,
        "algorthmScore": 189.76
    },
    {
        "case_id": "2837",
        "case_type": "数组",
        "debugScore": 79.15,
        "firstConsScore": 278.34,
        "algorthmScore": 264.76
    },
    {
        "case_id": "2815",
        "case_type": "数组",
        "debugScore": 82.82,
        "firstConsScore": 203.29,
        "algorthmScore": 239.48
    },
    {
        "case_id": "2836",
        "case_type": "数组",
        "debugScore": 841.45,
        "firstConsScore": 222.82,
        "algorthmScore": 230.8
    },
    {
        "case_id": "2858",
        "case_type": "数组",
        "debugScore": 118.89,
        "firstConsScore": 278.54,
        "algorthmScore": 213.4
    },
    {
        "case_id": "2835",
        "case_type": "数组",
        "debugScore": 90.2,
        "firstConsScore": 319.83,
        "algorthmScore": 335.35
    },
    {
        "case_id": "2857",
        "case_type": "数组",
        "debugScore": 323.07,
        "firstConsScore": 136.11,
        "algorthmScore": 257.96
    }
]