[
    {
        "case_id": "2092",
        "case_type": "数字操作",
        "debugScore": 121.66,
        "firstConsScore": 409.22,
        "algorthmScore": 255.09
    },
    {
        "case_id": "2276",
        "case_type": "数字操作",
        "debugScore": 103.29,
        "firstConsScore": 187.38,
        "algorthmScore": 297.78
    },
    {
        "case_id": "2330",
        "case_type": "数字操作",
        "debugScore": 490.11,
        "firstConsScore": 202.74,
        "algorthmScore": 205.52
    },
    {
        "case_id": "2275",
        "case_type": "数字操作",
        "debugScore": 509.52,
        "firstConsScore": 96.08,
        "algorthmScore": 186.57
    },
    {
        "case_id": "2250",
        "case_type": "数字操作",
        "debugScore": 91.5,
        "firstConsScore": 275.28,
        "algorthmScore": 273.94
    },
    {
        "case_id": "2370",
        "case_type": "数字操作",
        "debugScore": 801.25,
        "firstConsScore": 179.93,
        "algorthmScore": 169.39
    },
    {
        "case_id": "2403",
        "case_type": "数字操作",
        "debugScore": 843.6,
        "firstConsScore": 140.44,
        "algorthmScore": 120.12
    },
    {
        "case_id": "2326",
        "case_type": "数字操作",
        "debugScore": 95.77,
        "firstConsScore": 339.88,
        "algorthmScore": 277.64
    },
    {
        "case_id": "2402",
        "case_type": "数字操作",
        "debugScore": 115.64,
        "firstConsScore": 303.29,
        "algorthmScore": 269.56
    },
    {
        "case_id": "2401",
        "case_type": "数字操作",
        "debugScore": 88.98,
        "firstConsScore": 168.62,
        "algorthmScore": 292.61
    },
    {
        "case_id": "2324",
        "case_type": "数字操作",
        "debugScore": 104.1,
        "firstConsScore": 140.76,
        "algorthmScore": 221.85
    },
    {
        "case_id": "2367",
        "case_type": "数字操作",
        "debugScore": 364.53,
        "firstConsScore": 246.05,
        "algorthmScore": 208.12
    },
    {
        "case_id": "2421",
        "case_type": "数字操作",
        "debugScore": 325.57,
        "firstConsScore": 189.19,
        "algorthmScore": 206.55
    },
    {
        "case_id": "2322",
        "case_type": "数字操作",
        "debugScore": 95.27,
        "firstConsScore": 334.24,
        "algorthmScore": 159.08
    },
    {
        "case_id": "2420",
        "case_type": "数字操作",
        "debugScore": 68.03,
        "firstConsScore": 257.72,
        "algorthmScore": 269.29
    },
    {
        "case_id": "2442",
        "case_type": "数字操作",
        "debugScore": 513.86,
        "firstConsScore": 215.36,
        "algorthmScore": 206.64
    },
    {
        "case_id": "2321",
        "case_type": "数字操作",
        "debugScore": 519.85,
        "firstConsScore": 243.81,
        "algorthmScore": 254.34
    },
    {
        "case_id": "2409",
        "case_type": "数字操作",
        "debugScore": 73.83,
        "firstConsScore": 270.51,
        "algorthmScore": 246.24
    },
    {
        "case_id": "2408",
        "case_type": "数字操作",
        "debugScore": 76.42,
        "firstConsScore": 239.97,
        "algorthmScore": 168.11
    },
    {
        "case_id": "2407",
        "case_type": "数字操作",
        "debugScore": 76.67,
        "firstConsScore": 244.31,
        "algorthmScore": 255.53
    },
    {
        "case_id": "2329",
        "case_type": "数字操作",
        "debugScore": 739.2,
        "firstConsScore": 69.36,
        "algorthmScore": 168.44
    },
    {
        "case_id": "2364",
        "case_type": "数字操作",
        "debugScore": 96.03,
        "firstConsScore": 305.92,
        "algorthmScore": 267.73
    },
    {
        "case_id": "2363",
        "case_type": "数字操作",
        "debugScore": 86.27,
        "firstConsScore": 214.57,
        "algorthmScore": 92.71
    },
    {
        "case_id": "2362",
        "case_type": "数字操作",
        "debugScore": 569.89,
        "firstConsScore": 221.33,
        "algorthmScore": 212.66
    },
    {
        "case_id": "2162",
        "case_type": "数字操作",
        "debugScore": 543.75,
        "firstConsScore": 154.58,
        "algorthmScore": 239.02
    },
    {
        "case_id": "2360",
        "case_type": "数字操作",
        "debugScore": 253.04,
        "firstConsScore": 327.91,
        "algorthmScore": 229.02
    },
    {
        "case_id": "2381",
        "case_type": "数字操作",
        "debugScore": 615.68,
        "firstConsScore": 174.79,
        "algorthmScore": 212.24
    },
    {
        "case_id": "2239",
        "case_type": "数字操作",
        "debugScore": 241.6,
        "firstConsScore": 267.93,
        "algorthmScore": 210.14
    },
    {
        "case_id": "2216",
        "case_type": "数字操作",
        "debugScore": 111.64,
        "firstConsScore": 321.92,
        "algorthmScore": 161.53
    },
    {
        "case_id": "2379",
        "case_type": "数字操作",
        "debugScore": 79.85,
        "firstConsScore": 146.75,
        "algorthmScore": 276.3
    },
    {
        "case_id": "2411",
        "case_type": "数字操作",
        "debugScore": 74.09,
        "firstConsScore": 262.41,
        "algorthmScore": 280.17
    },
    {
        "case_id": "2377",
        "case_type": "数字操作",
        "debugScore": 730.53,
        "firstConsScore": 133.59,
        "algorthmScore": 243.44
    },
    {
        "case_id": "2332",
        "case_type": "数字操作",
        "debugScore": 103.86,
        "firstConsScore": 175.59,
        "algorthmScore": 176.72
    },
    {
        "case_id": "2419",
        "case_type": "数字操作",
        "debugScore": 75.29,
        "firstConsScore": 243.14,
        "algorthmScore": 270.53
    },
    {
        "case_id": "2518",
        "case_type": "数字操作",
        "debugScore": 459.57,
        "firstConsScore": 193.01,
        "algorthmScore": 269.99
    }
]