[
    {
        "case_id": "2650",
        "case_type": "树结构",
        "debugScore": 1259.81,
        "firstConsScore": 79.99,
        "algorthmScore": 269.87
    },
    {
        "case_id": "2353",
        "case_type": "树结构",
        "debugScore": 714.64,
        "firstConsScore": 112.85,
        "algorthmScore": 335.27
    },
    {
        "case_id": "2524",
        "case_type": "树结构",
        "debugScore": 106.75,
        "firstConsScore": 141.09,
        "algorthmScore": 322.02
    },
    {
        "case_id": "2600",
        "case_type": "树结构",
        "debugScore": 866.64,
        "firstConsScore": 178.6,
        "algorthmScore": 252.59
    },
    {
        "case_id": "2509",
        "case_type": "树结构",
        "debugScore": 1293.8,
        "firstConsScore": 85.92,
        "algorthmScore": 268.63
    },
    {
        "case_id": "2605",
        "case_type": "树结构",
        "debugScore": 729.37,
        "firstConsScore": 139.95,
        "algorthmScore": 393.03
    },
    {
        "case_id": "2549",
        "case_type": "树结构",
        "debugScore": 1243.25,
        "firstConsScore": 100.57,
        "algorthmScore": 258.99
    },
    {
        "case_id": "2648",
        "case_type": "树结构",
        "debugScore": 580.81,
        "firstConsScore": 119.38,
        "algorthmScore": 332.17
    },
    {
        "case_id": "2540",
        "case_type": "树结构",
        "debugScore": 873.54,
        "firstConsScore": 117.07,
        "algorthmScore": 370.88
    },
    {
        "case_id": "2660",
        "case_type": "树结构",
        "debugScore": 1334.05,
        "firstConsScore": 89.68,
        "algorthmScore": 269.83
    },
    {
        "case_id": "2382",
        "case_type": "树结构",
        "debugScore": 667.02,
        "firstConsScore": 121.68,
        "algorthmScore": 273.46
    },
    {
        "case_id": "2416",
        "case_type": "树结构",
        "debugScore": 691.17,
        "firstConsScore": 132.92,
        "algorthmScore": 295.73
    },
    {
        "case_id": "2636",
        "case_type": "树结构",
        "debugScore": 1254.77,
        "firstConsScore": 91.97,
        "algorthmScore": 309.46
    },
    {
        "case_id": "2657",
        "case_type": "树结构",
        "debugScore": 894.14,
        "firstConsScore": 115.73,
        "algorthmScore": 308.06
    },
    {
        "case_id": "2633",
        "case_type": "树结构",
        "debugScore": 649.74,
        "firstConsScore": 82.72,
        "algorthmScore": 284.43
    },
    {
        "case_id": "2699",
        "case_type": "树结构",
        "debugScore": 676.07,
        "firstConsScore": 146.49,
        "algorthmScore": 323.39
    },
    {
        "case_id": "2599",
        "case_type": "树结构",
        "debugScore": 813.88,
        "firstConsScore": 111.77,
        "algorthmScore": 320.27
    },
    {
        "case_id": "2632",
        "case_type": "树结构",
        "debugScore": 748.13,
        "firstConsScore": 152.68,
        "algorthmScore": 319.45
    },
    {
        "case_id": "2654",
        "case_type": "树结构",
        "debugScore": 1295.62,
        "firstConsScore": 113.55,
        "algorthmScore": 311.48
    },
    {
        "case_id": "2598",
        "case_type": "树结构",
        "debugScore": 1156.37,
        "firstConsScore": 94.27,
        "algorthmScore": 260.64
    },
    {
        "case_id": "2631",
        "case_type": "树结构",
        "debugScore": 606.13,
        "firstConsScore": 93.84,
        "algorthmScore": 315.29
    },
    {
        "case_id": "2697",
        "case_type": "树结构",
        "debugScore": 983.95,
        "firstConsScore": 138.01,
        "algorthmScore": 372.75
    },
    {
        "case_id": "2696",
        "case_type": "树结构",
        "debugScore": 689.82,
        "firstConsScore": 126.02,
        "algorthmScore": 327.43
    },
    {
        "case_id": "2355",
        "case_type": "树结构",
        "debugScore": 682.6,
        "firstConsScore": 80.3,
        "algorthmScore": 333.93
    },
    {
        "case_id": "2695",
        "case_type": "树结构",
        "debugScore": 837.88,
        "firstConsScore": 95.66,
        "algorthmScore": 317.51
    },
    {
        "case_id": "2398",
        "case_type": "树结构",
        "debugScore": 753.32,
        "firstConsScore": 160.99,
        "algorthmScore": 339.49
    },
    {
        "case_id": "2638",
        "case_type": "树结构",
        "debugScore": 907.5,
        "firstConsScore": 89.07,
        "algorthmScore": 300.4
    }
]