[
    {
        "case_id": "2536",
        "case_type": "图结构",
        "debugScore": 115.41,
        "firstConsScore": 319.98,
        "algorthmScore": 307.79
    },
    {
        "case_id": "2347",
        "case_type": "图结构",
        "debugScore": 828.82,
        "firstConsScore": 239.44,
        "algorthmScore": 286.45
    },
    {
        "case_id": "2444",
        "case_type": "图结构",
        "debugScore": 836.68,
        "firstConsScore": 213.44,
        "algorthmScore": 298.54
    },
    {
        "case_id": "2331",
        "case_type": "图结构",
        "debugScore": 126.19,
        "firstConsScore": 126.79,
        "algorthmScore": 265.5
    },
    {
        "case_id": "2352",
        "case_type": "图结构",
        "debugScore": 423.04,
        "firstConsScore": 253.96,
        "algorthmScore": 324.23
    },
    {
        "case_id": "2704",
        "case_type": "图结构",
        "debugScore": 463.23,
        "firstConsScore": 125.34,
        "algorthmScore": 269.55
    }
]