[
    {
        "case_id": "2954",
        "case_type": "字符串",
        "debugScore": 595.24,
        "firstConsScore": 335.45,
        "algorthmScore": 299.12
    },
    {
        "case_id": "2975",
        "case_type": "字符串",
        "debugScore": 74.62,
        "firstConsScore": 294.56,
        "algorthmScore": 247.23
    },
    {
        "case_id": "2942",
        "case_type": "字符串",
        "debugScore": 350.65,
        "firstConsScore": 132.37,
        "algorthmScore": 177.59
    },
    {
        "case_id": "2974",
        "case_type": "字符串",
        "debugScore": 1223.29,
        "firstConsScore": 411.9,
        "algorthmScore": 354.15
    },
    {
        "case_id": "2963",
        "case_type": "字符串",
        "debugScore": 474.01,
        "firstConsScore": 280.08,
        "algorthmScore": 304.95
    },
    {
        "case_id": "2984",
        "case_type": "字符串",
        "debugScore": 184.93,
        "firstConsScore": 303.04,
        "algorthmScore": 277.99
    },
    {
        "case_id": "2961",
        "case_type": "字符串",
        "debugScore": 483.38,
        "firstConsScore": 212.51,
        "algorthmScore": 299.09
    },
    {
        "case_id": "2972",
        "case_type": "字符串",
        "debugScore": 500.26,
        "firstConsScore": 323.86,
        "algorthmScore": 286.14
    },
    {
        "case_id": "2981",
        "case_type": "字符串",
        "debugScore": 373.78,
        "firstConsScore": 326.06,
        "algorthmScore": 258.46
    },
    {
        "case_id": "2970",
        "case_type": "字符串",
        "debugScore": 946.54,
        "firstConsScore": 167.93,
        "algorthmScore": 299.83
    },
    {
        "case_id": "2969",
        "case_type": "字符串",
        "debugScore": 584.74,
        "firstConsScore": 336.33,
        "algorthmScore": 294.83
    },
    {
        "case_id": "2979",
        "case_type": "字符串",
        "debugScore": 1035.8,
        "firstConsScore": 191.71,
        "algorthmScore": 242.38
    },
    {
        "case_id": "2946",
        "case_type": "字符串",
        "debugScore": 422.01,
        "firstConsScore": 194.08,
        "algorthmScore": 215.2
    },
    {
        "case_id": "2957",
        "case_type": "字符串",
        "debugScore": 850.22,
        "firstConsScore": 414.73,
        "algorthmScore": 342.1
    },
    {
        "case_id": "2968",
        "case_type": "字符串",
        "debugScore": 851.49,
        "firstConsScore": 312.75,
        "algorthmScore": 368.22
    },
    {
        "case_id": "2978",
        "case_type": "字符串",
        "debugScore": 613.13,
        "firstConsScore": 194.05,
        "algorthmScore": 267.56
    },
    {
        "case_id": "2945",
        "case_type": "字符串",
        "debugScore": 437.14,
        "firstConsScore": 158.42,
        "algorthmScore": 268.49
    },
    {
        "case_id": "2956",
        "case_type": "字符串",
        "debugScore": 674.72,
        "firstConsScore": 357.37,
        "algorthmScore": 305.73
    }
]