[
    {
        "case_id": "2694",
        "case_type": "查找算法",
        "debugScore": 106.82,
        "firstConsScore": 439.01,
        "algorthmScore": 333.45
    },
    {
        "case_id": "2570",
        "case_type": "查找算法",
        "debugScore": 106.26,
        "firstConsScore": 375.23,
        "algorthmScore": 212.97
    },
    {
        "case_id": "2745",
        "case_type": "查找算法",
        "debugScore": 103.02,
        "firstConsScore": 226.85,
        "algorthmScore": 329.24
    },
    {
        "case_id": "2701",
        "case_type": "查找算法",
        "debugScore": 98.47,
        "firstConsScore": 186.55,
        "algorthmScore": 260.74
    },
    {
        "case_id": "2711",
        "case_type": "查找算法",
        "debugScore": 109.95,
        "firstConsScore": 274.05,
        "algorthmScore": 453.16
    },
    {
        "case_id": "2567",
        "case_type": "查找算法",
        "debugScore": 151.1,
        "firstConsScore": 415.34,
        "algorthmScore": 280.34
    },
    {
        "case_id": "2720",
        "case_type": "查找算法",
        "debugScore": 95.1,
        "firstConsScore": 188.45,
        "algorthmScore": 279.41
    },
    {
        "case_id": "2729",
        "case_type": "查找算法",
        "debugScore": 76.48,
        "firstConsScore": 273.41,
        "algorthmScore": 237.59
    },
    {
        "case_id": "2707",
        "case_type": "查找算法",
        "debugScore": 82.37,
        "firstConsScore": 327.97,
        "algorthmScore": 264.08
    },
    {
        "case_id": "2718",
        "case_type": "查找算法",
        "debugScore": 114.84,
        "firstConsScore": 228.32,
        "algorthmScore": 351.74
    },
    {
        "case_id": "2706",
        "case_type": "查找算法",
        "debugScore": 98.66,
        "firstConsScore": 271.9,
        "algorthmScore": 245.32
    },
    {
        "case_id": "2717",
        "case_type": "查找算法",
        "debugScore": 89.71,
        "firstConsScore": 232.86,
        "algorthmScore": 350.95
    },
    {
        "case_id": "2606",
        "case_type": "查找算法",
        "debugScore": 70.86,
        "firstConsScore": 304.56,
        "algorthmScore": 289.51
    },
    {
        "case_id": "2716",
        "case_type": "查找算法",
        "debugScore": 130.92,
        "firstConsScore": 296.68,
        "algorthmScore": 332.19
    },
    {
        "case_id": "2705",
        "case_type": "查找算法",
        "debugScore": 86.41,
        "firstConsScore": 210.36,
        "algorthmScore": 305.32
    },
    {
        "case_id": "2639",
        "case_type": "查找算法",
        "debugScore": 962.82,
        "firstConsScore": 63.21,
        "algorthmScore": 137.49
    },
    {
        "case_id": "2737",
        "case_type": "查找算法",
        "debugScore": 77.12,
        "firstConsScore": 187.96,
        "algorthmScore": 167.49
    },
    {
        "case_id": "2726",
        "case_type": "查找算法",
        "debugScore": 101.13,
        "firstConsScore": 433.19,
        "algorthmScore": 307.13
    },
    {
        "case_id": "2715",
        "case_type": "查找算法",
        "debugScore": 169.82,
        "firstConsScore": 216.9,
        "algorthmScore": 294.74
    },
    {
        "case_id": "2703",
        "case_type": "查找算法",
        "debugScore": 92.62,
        "firstConsScore": 331.68,
        "algorthmScore": 254.28
    }
]