[
    {
        "case_id": "2954",
        "case_type": "字符串",
        "debugScore": 119.33,
        "firstConsScore": 282.84,
        "algorthmScore": 300.07
    },
    {
        "case_id": "2975",
        "case_type": "字符串",
        "debugScore": 82.68,
        "firstConsScore": 292.73,
        "algorthmScore": 244.08
    },
    {
        "case_id": "2942",
        "case_type": "字符串",
        "debugScore": 80.71,
        "firstConsScore": 472.46,
        "algorthmScore": 276.0
    },
    {
        "case_id": "2963",
        "case_type": "字符串",
        "debugScore": 472.04,
        "firstConsScore": 333.36,
        "algorthmScore": 309.7
    },
    {
        "case_id": "2974",
        "case_type": "字符串",
        "debugScore": 97.32,
        "firstConsScore": 294.9,
        "algorthmScore": 257.95
    },
    {
        "case_id": "2984",
        "case_type": "字符串",
        "debugScore": 92.47,
        "firstConsScore": 209.09,
        "algorthmScore": 265.03
    },
    {
        "case_id": "2961",
        "case_type": "字符串",
        "debugScore": 96.64,
        "firstConsScore": 452.85,
        "algorthmScore": 283.44
    },
    {
        "case_id": "2972",
        "case_type": "字符串",
        "debugScore": 109.77,
        "firstConsScore": 294.46,
        "algorthmScore": 260.11
    },
    {
        "case_id": "2970",
        "case_type": "字符串",
        "debugScore": 111.67,
        "firstConsScore": 390.77,
        "algorthmScore": 313.4
    },
    {
        "case_id": "2981",
        "case_type": "字符串",
        "debugScore": 90.21,
        "firstConsScore": 232.64,
        "algorthmScore": 198.86
    },
    {
        "case_id": "2969",
        "case_type": "字符串",
        "debugScore": 125.36,
        "firstConsScore": 403.56,
        "algorthmScore": 288.66
    },
    {
        "case_id": "2979",
        "case_type": "字符串",
        "debugScore": 93.76,
        "firstConsScore": 295.07,
        "algorthmScore": 263.83
    },
    {
        "case_id": "2946",
        "case_type": "字符串",
        "debugScore": 81.27,
        "firstConsScore": 352.27,
        "algorthmScore": 274.67
    },
    {
        "case_id": "2968",
        "case_type": "字符串",
        "debugScore": 107.61,
        "firstConsScore": 255.91,
        "algorthmScore": 242.03
    },
    {
        "case_id": "2957",
        "case_type": "字符串",
        "debugScore": 122.3,
        "firstConsScore": 222.4,
        "algorthmScore": 186.47
    },
    {
        "case_id": "2945",
        "case_type": "字符串",
        "debugScore": 82.75,
        "firstConsScore": 347.35,
        "algorthmScore": 208.67
    },
    {
        "case_id": "2978",
        "case_type": "字符串",
        "debugScore": 67.14,
        "firstConsScore": 226.9,
        "algorthmScore": 175.1
    },
    {
        "case_id": "2956",
        "case_type": "字符串",
        "debugScore": 106.37,
        "firstConsScore": 317.53,
        "algorthmScore": 251.22
    }
]