[
    {
        "case_id": "2650",
        "case_type": "树结构",
        "debugScore": 103.37,
        "firstConsScore": 424.86,
        "algorthmScore": 306.18
    },
    {
        "case_id": "2353",
        "case_type": "树结构",
        "debugScore": 95.88,
        "firstConsScore": 304.58,
        "algorthmScore": 340.75
    },
    {
        "case_id": "2397",
        "case_type": "树结构",
        "debugScore": 135.7,
        "firstConsScore": 341.94,
        "algorthmScore": 319.08
    },
    {
        "case_id": "2524",
        "case_type": "树结构",
        "debugScore": 120.48,
        "firstConsScore": 296.36,
        "algorthmScore": 212.32
    },
    {
        "case_id": "2600",
        "case_type": "树结构",
        "debugScore": 114.11,
        "firstConsScore": 451.34,
        "algorthmScore": 323.38
    },
    {
        "case_id": "2400",
        "case_type": "树结构",
        "debugScore": 133.94,
        "firstConsScore": 361.94,
        "algorthmScore": 193.05
    },
    {
        "case_id": "2509",
        "case_type": "树结构",
        "debugScore": 83.51,
        "firstConsScore": 382.0,
        "algorthmScore": 279.65
    },
    {
        "case_id": "2605",
        "case_type": "树结构",
        "debugScore": 595.84,
        "firstConsScore": 411.79,
        "algorthmScore": 269.7
    },
    {
        "case_id": "2549",
        "case_type": "树结构",
        "debugScore": 89.64,
        "firstConsScore": 401.48,
        "algorthmScore": 301.74
    },
    {
        "case_id": "2648",
        "case_type": "树结构",
        "debugScore": 621.99,
        "firstConsScore": 322.11,
        "algorthmScore": 315.58
    },
    {
        "case_id": "2540",
        "case_type": "树结构",
        "debugScore": 139.08,
        "firstConsScore": 355.31,
        "algorthmScore": 339.41
    },
    {
        "case_id": "2660",
        "case_type": "树结构",
        "debugScore": 1401.32,
        "firstConsScore": 402.31,
        "algorthmScore": 311.52
    },
    {
        "case_id": "2382",
        "case_type": "树结构",
        "debugScore": 90.12,
        "firstConsScore": 347.7,
        "algorthmScore": 270.62
    },
    {
        "case_id": "2416",
        "case_type": "树结构",
        "debugScore": 136.26,
        "firstConsScore": 377.2,
        "algorthmScore": 288.84
    },
    {
        "case_id": "2636",
        "case_type": "树结构",
        "debugScore": 109.29,
        "firstConsScore": 276.08,
        "algorthmScore": 314.08
    },
    {
        "case_id": "2657",
        "case_type": "树结构",
        "debugScore": 100.79,
        "firstConsScore": 340.66,
        "algorthmScore": 346.56
    },
    {
        "case_id": "2633",
        "case_type": "树结构",
        "debugScore": 602.94,
        "firstConsScore": 324.42,
        "algorthmScore": 289.4
    },
    {
        "case_id": "2699",
        "case_type": "树结构",
        "debugScore": 113.05,
        "firstConsScore": 310.26,
        "algorthmScore": 334.58
    },
    {
        "case_id": "2654",
        "case_type": "树结构",
        "debugScore": 110.29,
        "firstConsScore": 467.37,
        "algorthmScore": 294.24
    },
    {
        "case_id": "2632",
        "case_type": "树结构",
        "debugScore": 116.46,
        "firstConsScore": 308.14,
        "algorthmScore": 305.18
    },
    {
        "case_id": "2599",
        "case_type": "树结构",
        "debugScore": 99.8,
        "firstConsScore": 257.28,
        "algorthmScore": 239.36
    },
    {
        "case_id": "2598",
        "case_type": "树结构",
        "debugScore": 807.11,
        "firstConsScore": 383.06,
        "algorthmScore": 284.24
    },
    {
        "case_id": "2697",
        "case_type": "树结构",
        "debugScore": 96.64,
        "firstConsScore": 457.74,
        "algorthmScore": 321.03
    },
    {
        "case_id": "2631",
        "case_type": "树结构",
        "debugScore": 619.2,
        "firstConsScore": 318.02,
        "algorthmScore": 255.0
    },
    {
        "case_id": "2696",
        "case_type": "树结构",
        "debugScore": 92.09,
        "firstConsScore": 357.86,
        "algorthmScore": 178.17
    },
    {
        "case_id": "2355",
        "case_type": "树结构",
        "debugScore": 129.65,
        "firstConsScore": 328.82,
        "algorthmScore": 338.6
    },
    {
        "case_id": "2398",
        "case_type": "树结构",
        "debugScore": 637.14,
        "firstConsScore": 423.64,
        "algorthmScore": 202.12
    },
    {
        "case_id": "2695",
        "case_type": "树结构",
        "debugScore": 113.57,
        "firstConsScore": 344.55,
        "algorthmScore": 318.19
    },
    {
        "case_id": "2638",
        "case_type": "树结构",
        "debugScore": 103.09,
        "firstConsScore": 414.12,
        "algorthmScore": 301.97
    }
]