[
    {
        "case_id": "2473",
        "case_type": "线性表",
        "debugScore": 286.26,
        "firstConsScore": 251.35,
        "algorthmScore": 232.47
    },
    {
        "case_id": "2691",
        "case_type": "线性表",
        "debugScore": 100.02,
        "firstConsScore": 312.57,
        "algorthmScore": 253.72
    },
    {
        "case_id": "2471",
        "case_type": "线性表",
        "debugScore": 75.55,
        "firstConsScore": 216.8,
        "algorthmScore": 238.57
    },
    {
        "case_id": "2690",
        "case_type": "线性表",
        "debugScore": 139.87,
        "firstConsScore": 324.12,
        "algorthmScore": 292.36
    },
    {
        "case_id": "2590",
        "case_type": "线性表",
        "debugScore": 83.15,
        "firstConsScore": 231.24,
        "algorthmScore": 124.85
    },
    {
        "case_id": "2724",
        "case_type": "线性表",
        "debugScore": 96.42,
        "firstConsScore": 173.06,
        "algorthmScore": 193.57
    },
    {
        "case_id": "2646",
        "case_type": "线性表",
        "debugScore": 200.41,
        "firstConsScore": 191.48,
        "algorthmScore": 141.98
    },
    {
        "case_id": "2723",
        "case_type": "线性表",
        "debugScore": 313.29,
        "firstConsScore": 192.41,
        "algorthmScore": 189.73
    },
    {
        "case_id": "2722",
        "case_type": "线性表",
        "debugScore": 78.28,
        "firstConsScore": 184.84,
        "algorthmScore": 144.62
    },
    {
        "case_id": "2721",
        "case_type": "线性表",
        "debugScore": 82.94,
        "firstConsScore": 178.21,
        "algorthmScore": 136.38
    },
    {
        "case_id": "2487",
        "case_type": "线性表",
        "debugScore": 77.87,
        "firstConsScore": 217.61,
        "algorthmScore": 164.5
    },
    {
        "case_id": "2486",
        "case_type": "线性表",
        "debugScore": 91.37,
        "firstConsScore": 274.76,
        "algorthmScore": 245.76
    },
    {
        "case_id": "2761",
        "case_type": "线性表",
        "debugScore": 84.71,
        "firstConsScore": 190.44,
        "algorthmScore": 140.91
    },
    {
        "case_id": "2728",
        "case_type": "线性表",
        "debugScore": 86.84,
        "firstConsScore": 304.43,
        "algorthmScore": 278.96
    },
    {
        "case_id": "2727",
        "case_type": "线性表",
        "debugScore": 95.35,
        "firstConsScore": 270.24,
        "algorthmScore": 151.18
    },
    {
        "case_id": "2649",
        "case_type": "线性表",
        "debugScore": 84.85,
        "firstConsScore": 218.23,
        "algorthmScore": 199.94
    },
    {
        "case_id": "2725",
        "case_type": "线性表",
        "debugScore": 85.38,
        "firstConsScore": 259.52,
        "algorthmScore": 206.87
    },
    {
        "case_id": "2485",
        "case_type": "线性表",
        "debugScore": 77.05,
        "firstConsScore": 246.87,
        "algorthmScore": 252.23
    },
    {
        "case_id": "2760",
        "case_type": "线性表",
        "debugScore": 94.78,
        "firstConsScore": 197.93,
        "algorthmScore": 173.52
    },
    {
        "case_id": "2484",
        "case_type": "线性表",
        "debugScore": 93.92,
        "firstConsScore": 189.15,
        "algorthmScore": 187.97
    },
    {
        "case_id": "2560",
        "case_type": "线性表",
        "debugScore": 67.29,
        "firstConsScore": 226.64,
        "algorthmScore": 196.88
    },
    {
        "case_id": "2483",
        "case_type": "线性表",
        "debugScore": 100.28,
        "firstConsScore": 168.68,
        "algorthmScore": 144.88
    },
    {
        "case_id": "2559",
        "case_type": "线性表",
        "debugScore": 85.53,
        "firstConsScore": 159.51,
        "algorthmScore": 232.0
    },
    {
        "case_id": "2557",
        "case_type": "线性表",
        "debugScore": 81.3,
        "firstConsScore": 218.37,
        "algorthmScore": 174.85
    },
    {
        "case_id": "2755",
        "case_type": "线性表",
        "debugScore": 105.5,
        "firstConsScore": 247.9,
        "algorthmScore": 174.99
    },
    {
        "case_id": "2732",
        "case_type": "线性表",
        "debugScore": 77.69,
        "firstConsScore": 192.2,
        "algorthmScore": 200.9
    },
    {
        "case_id": "2336",
        "case_type": "线性表",
        "debugScore": 90.11,
        "firstConsScore": 351.44,
        "algorthmScore": 204.95
    },
    {
        "case_id": "2731",
        "case_type": "线性表",
        "debugScore": 92.02,
        "firstConsScore": 234.96,
        "algorthmScore": 138.3
    },
    {
        "case_id": "2730",
        "case_type": "线性表",
        "debugScore": 77.3,
        "firstConsScore": 201.95,
        "algorthmScore": 201.33
    },
    {
        "case_id": "2759",
        "case_type": "线性表",
        "debugScore": 82.68,
        "firstConsScore": 190.56,
        "algorthmScore": 187.66
    }
]