[
    {
        "case_id": "2870",
        "case_type": "数组",
        "debugScore": 102.62,
        "firstConsScore": 319.91,
        "algorthmScore": 314.44
    },
    {
        "case_id": "2374",
        "case_type": "数组",
        "debugScore": 92.51,
        "firstConsScore": 452.44,
        "algorthmScore": 293.33
    },
    {
        "case_id": "2393",
        "case_type": "数组",
        "debugScore": 98.88,
        "firstConsScore": 250.66,
        "algorthmScore": 118.49
    },
    {
        "case_id": "2470",
        "case_type": "数组",
        "debugScore": 83.34,
        "firstConsScore": 376.76,
        "algorthmScore": 265.52
    },
    {
        "case_id": "2867",
        "case_type": "数组",
        "debugScore": 79.5,
        "firstConsScore": 321.05,
        "algorthmScore": 324.68
    },
    {
        "case_id": "2845",
        "case_type": "数组",
        "debugScore": 160.64,
        "firstConsScore": 298.7,
        "algorthmScore": 259.37
    },
    {
        "case_id": "2823",
        "case_type": "数组",
        "debugScore": 111.08,
        "firstConsScore": 497.64,
        "algorthmScore": 308.4
    },
    {
        "case_id": "2844",
        "case_type": "数组",
        "debugScore": 111.52,
        "firstConsScore": 344.65,
        "algorthmScore": 325.15
    },
    {
        "case_id": "2866",
        "case_type": "数组",
        "debugScore": 82.82,
        "firstConsScore": 362.91,
        "algorthmScore": 274.48
    },
    {
        "case_id": "2865",
        "case_type": "数组",
        "debugScore": 75.41,
        "firstConsScore": 293.13,
        "algorthmScore": 280.96
    },
    {
        "case_id": "2843",
        "case_type": "数组",
        "debugScore": 77.99,
        "firstConsScore": 320.88,
        "algorthmScore": 264.0
    },
    {
        "case_id": "2469",
        "case_type": "数组",
        "debugScore": 103.45,
        "firstConsScore": 314.09,
        "algorthmScore": 128.4
    },
    {
        "case_id": "2864",
        "case_type": "数组",
        "debugScore": 114.6,
        "firstConsScore": 419.34,
        "algorthmScore": 345.63
    },
    {
        "case_id": "2842",
        "case_type": "数组",
        "debugScore": 108.29,
        "firstConsScore": 437.6,
        "algorthmScore": 292.02
    },
    {
        "case_id": "2863",
        "case_type": "数组",
        "debugScore": 84.28,
        "firstConsScore": 316.05,
        "algorthmScore": 328.84
    },
    {
        "case_id": "2840",
        "case_type": "数组",
        "debugScore": 80.88,
        "firstConsScore": 320.5,
        "algorthmScore": 301.0
    },
    {
        "case_id": "2861",
        "case_type": "数组",
        "debugScore": 79.57,
        "firstConsScore": 332.09,
        "algorthmScore": 294.24
    },
    {
        "case_id": "2849",
        "case_type": "数组",
        "debugScore": 90.72,
        "firstConsScore": 295.16,
        "algorthmScore": 323.56
    },
    {
        "case_id": "2848",
        "case_type": "数组",
        "debugScore": 85.23,
        "firstConsScore": 314.63,
        "algorthmScore": 279.75
    },
    {
        "case_id": "2868",
        "case_type": "数组",
        "debugScore": 88.1,
        "firstConsScore": 347.91,
        "algorthmScore": 259.26
    },
    {
        "case_id": "2824",
        "case_type": "数组",
        "debugScore": 89.12,
        "firstConsScore": 340.37,
        "algorthmScore": 265.4
    },
    {
        "case_id": "2384",
        "case_type": "数组",
        "debugScore": 97.01,
        "firstConsScore": 367.04,
        "algorthmScore": 280.53
    },
    {
        "case_id": "2834",
        "case_type": "数组",
        "debugScore": 82.17,
        "firstConsScore": 360.97,
        "algorthmScore": 302.58
    },
    {
        "case_id": "2877",
        "case_type": "数组",
        "debugScore": 81.19,
        "firstConsScore": 264.42,
        "algorthmScore": 232.98
    },
    {
        "case_id": "2855",
        "case_type": "数组",
        "debugScore": 79.92,
        "firstConsScore": 320.67,
        "algorthmScore": 256.92
    },
    {
        "case_id": "2854",
        "case_type": "数组",
        "debugScore": 88.3,
        "firstConsScore": 289.75,
        "algorthmScore": 304.29
    },
    {
        "case_id": "2832",
        "case_type": "数组",
        "debugScore": 883.7,
        "firstConsScore": 176.68,
        "algorthmScore": 298.06
    },
    {
        "case_id": "2875",
        "case_type": "数组",
        "debugScore": 74.56,
        "firstConsScore": 312.04,
        "algorthmScore": 302.72
    },
    {
        "case_id": "2831",
        "case_type": "数组",
        "debugScore": 89.78,
        "firstConsScore": 347.83,
        "algorthmScore": 345.86
    },
    {
        "case_id": "2853",
        "case_type": "数组",
        "debugScore": 106.45,
        "firstConsScore": 310.68,
        "algorthmScore": 244.6
    },
    {
        "case_id": "2830",
        "case_type": "数组",
        "debugScore": 79.16,
        "firstConsScore": 348.92,
        "algorthmScore": 261.85
    },
    {
        "case_id": "2852",
        "case_type": "数组",
        "debugScore": 92.08,
        "firstConsScore": 377.49,
        "algorthmScore": 271.91
    },
    {
        "case_id": "2873",
        "case_type": "数组",
        "debugScore": 81.47,
        "firstConsScore": 304.21,
        "algorthmScore": 243.14
    },
    {
        "case_id": "2851",
        "case_type": "数组",
        "debugScore": 96.63,
        "firstConsScore": 286.36,
        "algorthmScore": 201.35
    },
    {
        "case_id": "2872",
        "case_type": "数组",
        "debugScore": 86.13,
        "firstConsScore": 311.9,
        "algorthmScore": 259.42
    },
    {
        "case_id": "2850",
        "case_type": "数组",
        "debugScore": 84.73,
        "firstConsScore": 354.43,
        "algorthmScore": 308.74
    },
    {
        "case_id": "2819",
        "case_type": "数组",
        "debugScore": 109.67,
        "firstConsScore": 341.55,
        "algorthmScore": 303.76
    },
    {
        "case_id": "2838",
        "case_type": "数组",
        "debugScore": 77.66,
        "firstConsScore": 335.85,
        "algorthmScore": 270.05
    },
    {
        "case_id": "2859",
        "case_type": "数组",
        "debugScore": 83.97,
        "firstConsScore": 263.1,
        "algorthmScore": 189.54
    },
    {
        "case_id": "2837",
        "case_type": "数组",
        "debugScore": 79.15,
        "firstConsScore": 313.06,
        "algorthmScore": 287.1
    },
    {
        "case_id": "2815",
        "case_type": "数组",
        "debugScore": 82.82,
        "firstConsScore": 337.28,
        "algorthmScore": 285.19
    },
    {
        "case_id": "2836",
        "case_type": "数组",
        "debugScore": 97.01,
        "firstConsScore": 282.05,
        "algorthmScore": 251.21
    },
    {
        "case_id": "2858",
        "case_type": "数组",
        "debugScore": 118.89,
        "firstConsScore": 325.31,
        "algorthmScore": 287.12
    },
    {
        "case_id": "2835",
        "case_type": "数组",
        "debugScore": 90.2,
        "firstConsScore": 304.32,
        "algorthmScore": 257.43
    },
    {
        "case_id": "2857",
        "case_type": "数组",
        "debugScore": 192.81,
        "firstConsScore": 418.2,
        "algorthmScore": 248.3
    }
]