[
    {
        "case_id": "2870",
        "case_type": "数组",
        "debugScore": 102.62,
        "firstConsScore": 324.61,
        "algorthmScore": 314.44
    },
    {
        "case_id": "2374",
        "case_type": "数组",
        "debugScore": 92.51,
        "firstConsScore": 361.8,
        "algorthmScore": 244.1
    },
    {
        "case_id": "2393",
        "case_type": "数组",
        "debugScore": 98.88,
        "firstConsScore": 360.95,
        "algorthmScore": 358.63
    },
    {
        "case_id": "2470",
        "case_type": "数组",
        "debugScore": 83.34,
        "firstConsScore": 334.34,
        "algorthmScore": 280.19
    },
    {
        "case_id": "2867",
        "case_type": "数组",
        "debugScore": 79.5,
        "firstConsScore": 295.95,
        "algorthmScore": 306.66
    },
    {
        "case_id": "2845",
        "case_type": "数组",
        "debugScore": 160.64,
        "firstConsScore": 278.07,
        "algorthmScore": 259.41
    },
    {
        "case_id": "2823",
        "case_type": "数组",
        "debugScore": 111.08,
        "firstConsScore": 294.5,
        "algorthmScore": 296.21
    },
    {
        "case_id": "2844",
        "case_type": "数组",
        "debugScore": 539.97,
        "firstConsScore": 209.43,
        "algorthmScore": 246.92
    },
    {
        "case_id": "2866",
        "case_type": "数组",
        "debugScore": 82.82,
        "firstConsScore": 176.7,
        "algorthmScore": 240.28
    },
    {
        "case_id": "2865",
        "case_type": "数组",
        "debugScore": 75.41,
        "firstConsScore": 286.97,
        "algorthmScore": 226.47
    },
    {
        "case_id": "2843",
        "case_type": "数组",
        "debugScore": 77.99,
        "firstConsScore": 286.33,
        "algorthmScore": 264.2
    },
    {
        "case_id": "2469",
        "case_type": "数组",
        "debugScore": 103.45,
        "firstConsScore": 259.61,
        "algorthmScore": 319.58
    },
    {
        "case_id": "2864",
        "case_type": "数组",
        "debugScore": 105.13,
        "firstConsScore": 360.39,
        "algorthmScore": 209.35
    },
    {
        "case_id": "2842",
        "case_type": "数组",
        "debugScore": 108.29,
        "firstConsScore": 252.28,
        "algorthmScore": 322.58
    },
    {
        "case_id": "2863",
        "case_type": "数组",
        "debugScore": 84.28,
        "firstConsScore": 240.2,
        "algorthmScore": 190.58
    },
    {
        "case_id": "2840",
        "case_type": "数组",
        "debugScore": 80.88,
        "firstConsScore": 289.42,
        "algorthmScore": 287.18
    },
    {
        "case_id": "2861",
        "case_type": "数组",
        "debugScore": 1589.95,
        "firstConsScore": 221.15,
        "algorthmScore": 280.28
    },
    {
        "case_id": "2849",
        "case_type": "数组",
        "debugScore": 90.72,
        "firstConsScore": 206.12,
        "algorthmScore": 176.4
    },
    {
        "case_id": "2848",
        "case_type": "数组",
        "debugScore": 85.23,
        "firstConsScore": 252.16,
        "algorthmScore": 268.5
    },
    {
        "case_id": "2824",
        "case_type": "数组",
        "debugScore": 89.12,
        "firstConsScore": 327.9,
        "algorthmScore": 331.74
    },
    {
        "case_id": "2868",
        "case_type": "数组",
        "debugScore": 88.1,
        "firstConsScore": 219.7,
        "algorthmScore": 266.96
    },
    {
        "case_id": "2384",
        "case_type": "数组",
        "debugScore": 97.01,
        "firstConsScore": 264.2,
        "algorthmScore": 325.04
    },
    {
        "case_id": "2834",
        "case_type": "数组",
        "debugScore": 82.17,
        "firstConsScore": 298.76,
        "algorthmScore": 252.79
    },
    {
        "case_id": "2877",
        "case_type": "数组",
        "debugScore": 81.19,
        "firstConsScore": 225.71,
        "algorthmScore": 184.27
    },
    {
        "case_id": "2855",
        "case_type": "数组",
        "debugScore": 79.92,
        "firstConsScore": 210.21,
        "algorthmScore": 134.21
    },
    {
        "case_id": "2854",
        "case_type": "数组",
        "debugScore": 382.15,
        "firstConsScore": 268.38,
        "algorthmScore": 283.51
    },
    {
        "case_id": "2832",
        "case_type": "数组",
        "debugScore": 84.17,
        "firstConsScore": 292.99,
        "algorthmScore": 287.85
    },
    {
        "case_id": "2875",
        "case_type": "数组",
        "debugScore": 74.56,
        "firstConsScore": 333.91,
        "algorthmScore": 336.41
    },
    {
        "case_id": "2831",
        "case_type": "数组",
        "debugScore": 89.78,
        "firstConsScore": 332.77,
        "algorthmScore": 325.21
    },
    {
        "case_id": "2853",
        "case_type": "数组",
        "debugScore": 106.45,
        "firstConsScore": 276.39,
        "algorthmScore": 245.75
    },
    {
        "case_id": "2830",
        "case_type": "数组",
        "debugScore": 84.13,
        "firstConsScore": 306.6,
        "algorthmScore": 289.34
    },
    {
        "case_id": "2852",
        "case_type": "数组",
        "debugScore": 92.08,
        "firstConsScore": 215.76,
        "algorthmScore": 279.55
    },
    {
        "case_id": "2873",
        "case_type": "数组",
        "debugScore": 81.47,
        "firstConsScore": 326.65,
        "algorthmScore": 268.38
    },
    {
        "case_id": "2851",
        "case_type": "数组",
        "debugScore": 96.63,
        "firstConsScore": 242.4,
        "algorthmScore": 151.97
    },
    {
        "case_id": "2872",
        "case_type": "数组",
        "debugScore": 86.13,
        "firstConsScore": 289.66,
        "algorthmScore": 258.95
    },
    {
        "case_id": "2850",
        "case_type": "数组",
        "debugScore": 84.73,
        "firstConsScore": 266.38,
        "algorthmScore": 166.59
    },
    {
        "case_id": "2819",
        "case_type": "数组",
        "debugScore": 109.67,
        "firstConsScore": 295.24,
        "algorthmScore": 293.52
    },
    {
        "case_id": "2838",
        "case_type": "数组",
        "debugScore": 77.66,
        "firstConsScore": 295.17,
        "algorthmScore": 283.92
    },
    {
        "case_id": "2859",
        "case_type": "数组",
        "debugScore": 83.97,
        "firstConsScore": 257.33,
        "algorthmScore": 201.1
    },
    {
        "case_id": "2815",
        "case_type": "数组",
        "debugScore": 661.94,
        "firstConsScore": 254.15,
        "algorthmScore": 276.09
    },
    {
        "case_id": "2837",
        "case_type": "数组",
        "debugScore": 79.15,
        "firstConsScore": 260.21,
        "algorthmScore": 309.25
    },
    {
        "case_id": "2836",
        "case_type": "数组",
        "debugScore": 97.01,
        "firstConsScore": 312.89,
        "algorthmScore": 295.26
    },
    {
        "case_id": "2858",
        "case_type": "数组",
        "debugScore": 118.89,
        "firstConsScore": 287.18,
        "algorthmScore": 278.37
    },
    {
        "case_id": "2835",
        "case_type": "数组",
        "debugScore": 90.2,
        "firstConsScore": 196.75,
        "algorthmScore": 153.3
    },
    {
        "case_id": "2857",
        "case_type": "数组",
        "debugScore": 145.1,
        "firstConsScore": 432.67,
        "algorthmScore": 218.84
    }
]