[
    {
        "case_id": "2694",
        "case_type": "查找算法",
        "debugScore": 106.82,
        "firstConsScore": 334.35,
        "algorthmScore": 246.72
    },
    {
        "case_id": "2570",
        "case_type": "查找算法",
        "debugScore": 106.26,
        "firstConsScore": 368.27,
        "algorthmScore": 267.33
    },
    {
        "case_id": "2701",
        "case_type": "查找算法",
        "debugScore": 98.47,
        "firstConsScore": 368.17,
        "algorthmScore": 299.77
    },
    {
        "case_id": "2745",
        "case_type": "查找算法",
        "debugScore": 103.02,
        "firstConsScore": 437.35,
        "algorthmScore": 298.57
    },
    {
        "case_id": "2711",
        "case_type": "查找算法",
        "debugScore": 109.95,
        "firstConsScore": 330.7,
        "algorthmScore": 190.15
    },
    {
        "case_id": "2567",
        "case_type": "查找算法",
        "debugScore": 124.58,
        "firstConsScore": 380.63,
        "algorthmScore": 271.07
    },
    {
        "case_id": "2720",
        "case_type": "查找算法",
        "debugScore": 95.1,
        "firstConsScore": 388.91,
        "algorthmScore": 280.72
    },
    {
        "case_id": "2729",
        "case_type": "查找算法",
        "debugScore": 76.48,
        "firstConsScore": 276.35,
        "algorthmScore": 261.92
    },
    {
        "case_id": "2707",
        "case_type": "查找算法",
        "debugScore": 82.37,
        "firstConsScore": 331.98,
        "algorthmScore": 260.96
    },
    {
        "case_id": "2718",
        "case_type": "查找算法",
        "debugScore": 102.98,
        "firstConsScore": 360.99,
        "algorthmScore": 262.55
    },
    {
        "case_id": "2706",
        "case_type": "查找算法",
        "debugScore": 616.81,
        "firstConsScore": 220.67,
        "algorthmScore": 187.51
    },
    {
        "case_id": "2717",
        "case_type": "查找算法",
        "debugScore": 89.71,
        "firstConsScore": 367.36,
        "algorthmScore": 252.14
    },
    {
        "case_id": "2606",
        "case_type": "查找算法",
        "debugScore": 70.86,
        "firstConsScore": 268.68,
        "algorthmScore": 224.88
    },
    {
        "case_id": "2639",
        "case_type": "查找算法",
        "debugScore": 80.58,
        "firstConsScore": 357.12,
        "algorthmScore": 280.23
    },
    {
        "case_id": "2705",
        "case_type": "查找算法",
        "debugScore": 86.41,
        "firstConsScore": 363.77,
        "algorthmScore": 249.55
    },
    {
        "case_id": "2716",
        "case_type": "查找算法",
        "debugScore": 178.45,
        "firstConsScore": 285.2,
        "algorthmScore": 160.68
    },
    {
        "case_id": "2737",
        "case_type": "查找算法",
        "debugScore": 77.12,
        "firstConsScore": 255.23,
        "algorthmScore": 259.04
    },
    {
        "case_id": "2715",
        "case_type": "查找算法",
        "debugScore": 169.82,
        "firstConsScore": 277.14,
        "algorthmScore": 177.4
    },
    {
        "case_id": "2726",
        "case_type": "查找算法",
        "debugScore": 101.13,
        "firstConsScore": 336.64,
        "algorthmScore": 136.58
    },
    {
        "case_id": "2703",
        "case_type": "查找算法",
        "debugScore": 92.62,
        "firstConsScore": 327.09,
        "algorthmScore": 257.84
    }
]