[
    {
        "case_id": "2870",
        "case_type": "数组",
        "debugScore": 2770.07,
        "firstConsScore": 290.24,
        "algorthmScore": 314.02
    },
    {
        "case_id": "2374",
        "case_type": "数组",
        "debugScore": 92.51,
        "firstConsScore": 436.6,
        "algorthmScore": 209.17
    },
    {
        "case_id": "2470",
        "case_type": "数组",
        "debugScore": 534.08,
        "firstConsScore": 247.75,
        "algorthmScore": 173.93
    },
    {
        "case_id": "2393",
        "case_type": "数组",
        "debugScore": 98.88,
        "firstConsScore": 344.15,
        "algorthmScore": 290.41
    },
    {
        "case_id": "2867",
        "case_type": "数组",
        "debugScore": 79.5,
        "firstConsScore": 274.33,
        "algorthmScore": 237.65
    },
    {
        "case_id": "2845",
        "case_type": "数组",
        "debugScore": 502.67,
        "firstConsScore": 264.0,
        "algorthmScore": 265.5
    },
    {
        "case_id": "2823",
        "case_type": "数组",
        "debugScore": 491.38,
        "firstConsScore": 278.61,
        "algorthmScore": 302.29
    },
    {
        "case_id": "2844",
        "case_type": "数组",
        "debugScore": 546.09,
        "firstConsScore": 221.43,
        "algorthmScore": 279.01
    },
    {
        "case_id": "2866",
        "case_type": "数组",
        "debugScore": 522.02,
        "firstConsScore": 275.72,
        "algorthmScore": 248.78
    },
    {
        "case_id": "2865",
        "case_type": "数组",
        "debugScore": 75.41,
        "firstConsScore": 284.34,
        "algorthmScore": 263.69
    },
    {
        "case_id": "2843",
        "case_type": "数组",
        "debugScore": 77.99,
        "firstConsScore": 338.19,
        "algorthmScore": 258.68
    },
    {
        "case_id": "2469",
        "case_type": "数组",
        "debugScore": 867.21,
        "firstConsScore": 236.79,
        "algorthmScore": 142.91
    },
    {
        "case_id": "2864",
        "case_type": "数组",
        "debugScore": 627.79,
        "firstConsScore": 244.81,
        "algorthmScore": 286.25
    },
    {
        "case_id": "2842",
        "case_type": "数组",
        "debugScore": 648.64,
        "firstConsScore": 289.08,
        "algorthmScore": 249.75
    },
    {
        "case_id": "2863",
        "case_type": "数组",
        "debugScore": 84.28,
        "firstConsScore": 322.07,
        "algorthmScore": 326.61
    },
    {
        "case_id": "2840",
        "case_type": "数组",
        "debugScore": 1433.31,
        "firstConsScore": 193.98,
        "algorthmScore": 212.49
    },
    {
        "case_id": "2861",
        "case_type": "数组",
        "debugScore": 958.83,
        "firstConsScore": 286.15,
        "algorthmScore": 267.06
    },
    {
        "case_id": "2849",
        "case_type": "数组",
        "debugScore": 90.72,
        "firstConsScore": 366.3,
        "algorthmScore": 413.59
    },
    {
        "case_id": "2848",
        "case_type": "数组",
        "debugScore": 85.23,
        "firstConsScore": 299.32,
        "algorthmScore": 268.42
    },
    {
        "case_id": "2868",
        "case_type": "数组",
        "debugScore": 915.09,
        "firstConsScore": 227.79,
        "algorthmScore": 254.55
    },
    {
        "case_id": "2824",
        "case_type": "数组",
        "debugScore": 1063.03,
        "firstConsScore": 256.0,
        "algorthmScore": 244.4
    },
    {
        "case_id": "2384",
        "case_type": "数组",
        "debugScore": 935.54,
        "firstConsScore": 239.98,
        "algorthmScore": 135.32
    },
    {
        "case_id": "2834",
        "case_type": "数组",
        "debugScore": 82.17,
        "firstConsScore": 357.65,
        "algorthmScore": 258.46
    },
    {
        "case_id": "2877",
        "case_type": "数组",
        "debugScore": 81.19,
        "firstConsScore": 195.25,
        "algorthmScore": 143.39
    },
    {
        "case_id": "2855",
        "case_type": "数组",
        "debugScore": 752.3,
        "firstConsScore": 201.37,
        "algorthmScore": 268.08
    },
    {
        "case_id": "2854",
        "case_type": "数组",
        "debugScore": 88.3,
        "firstConsScore": 321.9,
        "algorthmScore": 331.11
    },
    {
        "case_id": "2832",
        "case_type": "数组",
        "debugScore": 875.04,
        "firstConsScore": 208.19,
        "algorthmScore": 297.83
    },
    {
        "case_id": "2875",
        "case_type": "数组",
        "debugScore": 957.19,
        "firstConsScore": 223.38,
        "algorthmScore": 369.74
    },
    {
        "case_id": "2831",
        "case_type": "数组",
        "debugScore": 89.78,
        "firstConsScore": 301.74,
        "algorthmScore": 284.76
    },
    {
        "case_id": "2853",
        "case_type": "数组",
        "debugScore": 106.45,
        "firstConsScore": 335.58,
        "algorthmScore": 272.78
    },
    {
        "case_id": "2830",
        "case_type": "数组",
        "debugScore": 84.13,
        "firstConsScore": 354.76,
        "algorthmScore": 247.77
    },
    {
        "case_id": "2852",
        "case_type": "数组",
        "debugScore": 937.63,
        "firstConsScore": 252.18,
        "algorthmScore": 272.89
    },
    {
        "case_id": "2873",
        "case_type": "数组",
        "debugScore": 777.35,
        "firstConsScore": 179.25,
        "algorthmScore": 259.85
    },
    {
        "case_id": "2851",
        "case_type": "数组",
        "debugScore": 72.79,
        "firstConsScore": 280.69,
        "algorthmScore": 166.64
    },
    {
        "case_id": "2872",
        "case_type": "数组",
        "debugScore": 86.13,
        "firstConsScore": 329.05,
        "algorthmScore": 264.5
    },
    {
        "case_id": "2850",
        "case_type": "数组",
        "debugScore": 84.73,
        "firstConsScore": 362.23,
        "algorthmScore": 295.39
    },
    {
        "case_id": "2819",
        "case_type": "数组",
        "debugScore": 735.86,
        "firstConsScore": 214.57,
        "algorthmScore": 262.61
    },
    {
        "case_id": "2838",
        "case_type": "数组",
        "debugScore": 1454.3,
        "firstConsScore": 239.57,
        "algorthmScore": 277.02
    },
    {
        "case_id": "2859",
        "case_type": "数组",
        "debugScore": 83.97,
        "firstConsScore": 310.6,
        "algorthmScore": 339.97
    },
    {
        "case_id": "2837",
        "case_type": "数组",
        "debugScore": 822.81,
        "firstConsScore": 209.42,
        "algorthmScore": 233.4
    },
    {
        "case_id": "2815",
        "case_type": "数组",
        "debugScore": 82.82,
        "firstConsScore": 342.9,
        "algorthmScore": 275.72
    },
    {
        "case_id": "2836",
        "case_type": "数组",
        "debugScore": 97.01,
        "firstConsScore": 295.87,
        "algorthmScore": 223.92
    },
    {
        "case_id": "2858",
        "case_type": "数组",
        "debugScore": 1005.4,
        "firstConsScore": 225.6,
        "algorthmScore": 278.52
    },
    {
        "case_id": "2835",
        "case_type": "数组",
        "debugScore": 90.2,
        "firstConsScore": 345.42,
        "algorthmScore": 312.53
    },
    {
        "case_id": "2857",
        "case_type": "数组",
        "debugScore": 345.9,
        "firstConsScore": 184.85,
        "algorthmScore": 187.45
    }
]