[
    {
        "case_id": "2650",
        "case_type": "树结构",
        "debugScore": 103.37,
        "firstConsScore": 366.78,
        "algorthmScore": 305.21
    },
    {
        "case_id": "2397",
        "case_type": "树结构",
        "debugScore": 135.7,
        "firstConsScore": 366.69,
        "algorthmScore": 211.37
    },
    {
        "case_id": "2353",
        "case_type": "树结构",
        "debugScore": 95.88,
        "firstConsScore": 234.86,
        "algorthmScore": 328.13
    },
    {
        "case_id": "2524",
        "case_type": "树结构",
        "debugScore": 120.48,
        "firstConsScore": 397.91,
        "algorthmScore": 221.06
    },
    {
        "case_id": "2600",
        "case_type": "树结构",
        "debugScore": 114.11,
        "firstConsScore": 356.89,
        "algorthmScore": 335.34
    },
    {
        "case_id": "2400",
        "case_type": "树结构",
        "debugScore": 133.94,
        "firstConsScore": 457.15,
        "algorthmScore": 236.8
    },
    {
        "case_id": "2509",
        "case_type": "树结构",
        "debugScore": 89.65,
        "firstConsScore": 326.83,
        "algorthmScore": 287.62
    },
    {
        "case_id": "2605",
        "case_type": "树结构",
        "debugScore": 86.96,
        "firstConsScore": 293.55,
        "algorthmScore": 224.24
    },
    {
        "case_id": "2549",
        "case_type": "树结构",
        "debugScore": 95.72,
        "firstConsScore": 424.86,
        "algorthmScore": 305.19
    },
    {
        "case_id": "2648",
        "case_type": "树结构",
        "debugScore": 101.08,
        "firstConsScore": 356.49,
        "algorthmScore": 274.34
    },
    {
        "case_id": "2540",
        "case_type": "树结构",
        "debugScore": 139.08,
        "firstConsScore": 431.91,
        "algorthmScore": 299.28
    },
    {
        "case_id": "2660",
        "case_type": "树结构",
        "debugScore": 107.68,
        "firstConsScore": 396.89,
        "algorthmScore": 306.52
    },
    {
        "case_id": "2382",
        "case_type": "树结构",
        "debugScore": 94.56,
        "firstConsScore": 309.52,
        "algorthmScore": 240.58
    },
    {
        "case_id": "2416",
        "case_type": "树结构",
        "debugScore": 136.26,
        "firstConsScore": 346.09,
        "algorthmScore": 331.41
    },
    {
        "case_id": "2636",
        "case_type": "树结构",
        "debugScore": 109.29,
        "firstConsScore": 376.15,
        "algorthmScore": 162.88
    },
    {
        "case_id": "2657",
        "case_type": "树结构",
        "debugScore": 100.79,
        "firstConsScore": 340.98,
        "algorthmScore": 346.87
    },
    {
        "case_id": "2633",
        "case_type": "树结构",
        "debugScore": 154.13,
        "firstConsScore": 366.3,
        "algorthmScore": 295.15
    },
    {
        "case_id": "2699",
        "case_type": "树结构",
        "debugScore": 119.51,
        "firstConsScore": 324.84,
        "algorthmScore": 153.48
    },
    {
        "case_id": "2599",
        "case_type": "树结构",
        "debugScore": 99.8,
        "firstConsScore": 401.08,
        "algorthmScore": 244.42
    },
    {
        "case_id": "2654",
        "case_type": "树结构",
        "debugScore": 110.29,
        "firstConsScore": 396.45,
        "algorthmScore": 184.12
    },
    {
        "case_id": "2632",
        "case_type": "树结构",
        "debugScore": 116.46,
        "firstConsScore": 353.63,
        "algorthmScore": 239.5
    },
    {
        "case_id": "2598",
        "case_type": "树结构",
        "debugScore": 95.29,
        "firstConsScore": 360.76,
        "algorthmScore": 313.06
    },
    {
        "case_id": "2631",
        "case_type": "树结构",
        "debugScore": 90.08,
        "firstConsScore": 399.18,
        "algorthmScore": 166.77
    },
    {
        "case_id": "2697",
        "case_type": "树结构",
        "debugScore": 96.64,
        "firstConsScore": 321.61,
        "algorthmScore": 199.27
    },
    {
        "case_id": "2355",
        "case_type": "树结构",
        "debugScore": 713.41,
        "firstConsScore": 281.14,
        "algorthmScore": 319.11
    },
    {
        "case_id": "2696",
        "case_type": "树结构",
        "debugScore": 95.8,
        "firstConsScore": 335.26,
        "algorthmScore": 271.88
    },
    {
        "case_id": "2695",
        "case_type": "树结构",
        "debugScore": 113.57,
        "firstConsScore": 359.02,
        "algorthmScore": 320.81
    },
    {
        "case_id": "2398",
        "case_type": "树结构",
        "debugScore": 90.55,
        "firstConsScore": 351.6,
        "algorthmScore": 96.4
    },
    {
        "case_id": "2638",
        "case_type": "树结构",
        "debugScore": 103.09,
        "firstConsScore": 353.78,
        "algorthmScore": 311.49
    }
]