[
    {
        "case_id": "2870",
        "case_type": "数组",
        "debugScore": 102.62,
        "firstConsScore": 262.82,
        "algorthmScore": 264.89
    },
    {
        "case_id": "2374",
        "case_type": "数组",
        "debugScore": 468.77,
        "firstConsScore": 155.62,
        "algorthmScore": 243.49
    },
    {
        "case_id": "2393",
        "case_type": "数组",
        "debugScore": 96.59,
        "firstConsScore": 359.72,
        "algorthmScore": 347.36
    },
    {
        "case_id": "2470",
        "case_type": "数组",
        "debugScore": 554.45,
        "firstConsScore": 170.25,
        "algorthmScore": 188.16
    },
    {
        "case_id": "2867",
        "case_type": "数组",
        "debugScore": 79.5,
        "firstConsScore": 280.07,
        "algorthmScore": 287.26
    },
    {
        "case_id": "2845",
        "case_type": "数组",
        "debugScore": 159.14,
        "firstConsScore": 275.06,
        "algorthmScore": 252.9
    },
    {
        "case_id": "2823",
        "case_type": "数组",
        "debugScore": 111.08,
        "firstConsScore": 325.88,
        "algorthmScore": 287.42
    },
    {
        "case_id": "2844",
        "case_type": "数组",
        "debugScore": 111.52,
        "firstConsScore": 298.65,
        "algorthmScore": 279.19
    },
    {
        "case_id": "2866",
        "case_type": "数组",
        "debugScore": 82.82,
        "firstConsScore": 315.62,
        "algorthmScore": 272.22
    },
    {
        "case_id": "2865",
        "case_type": "数组",
        "debugScore": 75.41,
        "firstConsScore": 268.29,
        "algorthmScore": 162.91
    },
    {
        "case_id": "2843",
        "case_type": "数组",
        "debugScore": 77.99,
        "firstConsScore": 282.79,
        "algorthmScore": 266.29
    },
    {
        "case_id": "2469",
        "case_type": "数组",
        "debugScore": 858.63,
        "firstConsScore": 224.73,
        "algorthmScore": 392.73
    },
    {
        "case_id": "2864",
        "case_type": "数组",
        "debugScore": 625.78,
        "firstConsScore": 203.61,
        "algorthmScore": 290.4
    },
    {
        "case_id": "2842",
        "case_type": "数组",
        "debugScore": 108.29,
        "firstConsScore": 381.22,
        "algorthmScore": 278.47
    },
    {
        "case_id": "2863",
        "case_type": "数组",
        "debugScore": 84.28,
        "firstConsScore": 267.47,
        "algorthmScore": 277.66
    },
    {
        "case_id": "2840",
        "case_type": "数组",
        "debugScore": 80.88,
        "firstConsScore": 286.47,
        "algorthmScore": 287.08
    },
    {
        "case_id": "2861",
        "case_type": "数组",
        "debugScore": 79.57,
        "firstConsScore": 287.64,
        "algorthmScore": 293.87
    },
    {
        "case_id": "2849",
        "case_type": "数组",
        "debugScore": 90.72,
        "firstConsScore": 304.72,
        "algorthmScore": 351.86
    },
    {
        "case_id": "2848",
        "case_type": "数组",
        "debugScore": 85.23,
        "firstConsScore": 245.31,
        "algorthmScore": 235.09
    },
    {
        "case_id": "2868",
        "case_type": "数组",
        "debugScore": 88.1,
        "firstConsScore": 299.21,
        "algorthmScore": 256.94
    },
    {
        "case_id": "2824",
        "case_type": "数组",
        "debugScore": 89.12,
        "firstConsScore": 315.17,
        "algorthmScore": 294.49
    },
    {
        "case_id": "2384",
        "case_type": "数组",
        "debugScore": 97.01,
        "firstConsScore": 283.91,
        "algorthmScore": 160.72
    },
    {
        "case_id": "2834",
        "case_type": "数组",
        "debugScore": 82.17,
        "firstConsScore": 307.69,
        "algorthmScore": 305.53
    },
    {
        "case_id": "2877",
        "case_type": "数组",
        "debugScore": 81.19,
        "firstConsScore": 256.25,
        "algorthmScore": 242.4
    },
    {
        "case_id": "2855",
        "case_type": "数组",
        "debugScore": 79.92,
        "firstConsScore": 235.4,
        "algorthmScore": 292.69
    },
    {
        "case_id": "2854",
        "case_type": "数组",
        "debugScore": 127.92,
        "firstConsScore": 196.63,
        "algorthmScore": 165.5
    },
    {
        "case_id": "2832",
        "case_type": "数组",
        "debugScore": 276.87,
        "firstConsScore": 275.9,
        "algorthmScore": 287.66
    },
    {
        "case_id": "2875",
        "case_type": "数组",
        "debugScore": 957.19,
        "firstConsScore": 217.3,
        "algorthmScore": 237.26
    },
    {
        "case_id": "2831",
        "case_type": "数组",
        "debugScore": 89.78,
        "firstConsScore": 315.59,
        "algorthmScore": 325.38
    },
    {
        "case_id": "2853",
        "case_type": "数组",
        "debugScore": 1088.34,
        "firstConsScore": 205.95,
        "algorthmScore": 270.83
    },
    {
        "case_id": "2830",
        "case_type": "数组",
        "debugScore": 84.13,
        "firstConsScore": 305.66,
        "algorthmScore": 306.61
    },
    {
        "case_id": "2852",
        "case_type": "数组",
        "debugScore": 388.56,
        "firstConsScore": 284.6,
        "algorthmScore": 284.55
    },
    {
        "case_id": "2873",
        "case_type": "数组",
        "debugScore": 81.47,
        "firstConsScore": 287.47,
        "algorthmScore": 251.46
    },
    {
        "case_id": "2851",
        "case_type": "数组",
        "debugScore": 367.58,
        "firstConsScore": 168.91,
        "algorthmScore": 184.72
    },
    {
        "case_id": "2872",
        "case_type": "数组",
        "debugScore": 86.13,
        "firstConsScore": 278.79,
        "algorthmScore": 254.62
    },
    {
        "case_id": "2850",
        "case_type": "数组",
        "debugScore": 584.51,
        "firstConsScore": 143.9,
        "algorthmScore": 280.08
    },
    {
        "case_id": "2819",
        "case_type": "数组",
        "debugScore": 109.67,
        "firstConsScore": 287.92,
        "algorthmScore": 233.47
    },
    {
        "case_id": "2838",
        "case_type": "数组",
        "debugScore": 77.66,
        "firstConsScore": 286.2,
        "algorthmScore": 257.61
    },
    {
        "case_id": "2859",
        "case_type": "数组",
        "debugScore": 83.97,
        "firstConsScore": 285.5,
        "algorthmScore": 323.61
    },
    {
        "case_id": "2837",
        "case_type": "数组",
        "debugScore": 79.15,
        "firstConsScore": 305.21,
        "algorthmScore": 321.2
    },
    {
        "case_id": "2815",
        "case_type": "数组",
        "debugScore": 82.82,
        "firstConsScore": 279.46,
        "algorthmScore": 235.21
    },
    {
        "case_id": "2836",
        "case_type": "数组",
        "debugScore": 97.01,
        "firstConsScore": 188.13,
        "algorthmScore": 138.76
    },
    {
        "case_id": "2858",
        "case_type": "数组",
        "debugScore": 118.89,
        "firstConsScore": 282.65,
        "algorthmScore": 269.34
    },
    {
        "case_id": "2835",
        "case_type": "数组",
        "debugScore": 90.2,
        "firstConsScore": 302.29,
        "algorthmScore": 290.15
    },
    {
        "case_id": "2857",
        "case_type": "数组",
        "debugScore": 370.86,
        "firstConsScore": 141.68,
        "algorthmScore": 311.76
    }
]