[
    {
        "case_id": "2092",
        "case_type": "数字操作",
        "debugScore": 121.66,
        "firstConsScore": 105.16,
        "algorthmScore": 188.44
    },
    {
        "case_id": "2276",
        "case_type": "数字操作",
        "debugScore": 103.29,
        "firstConsScore": 175.32,
        "algorthmScore": 306.28
    },
    {
        "case_id": "2275",
        "case_type": "数字操作",
        "debugScore": 192.24,
        "firstConsScore": 157.02,
        "algorthmScore": 332.33
    },
    {
        "case_id": "2330",
        "case_type": "数字操作",
        "debugScore": 87.82,
        "firstConsScore": 193.19,
        "algorthmScore": 354.04
    },
    {
        "case_id": "2250",
        "case_type": "数字操作",
        "debugScore": 91.5,
        "firstConsScore": 188.99,
        "algorthmScore": 192.57
    },
    {
        "case_id": "2370",
        "case_type": "数字操作",
        "debugScore": 98.06,
        "firstConsScore": 332.63,
        "algorthmScore": 183.35
    },
    {
        "case_id": "2403",
        "case_type": "数字操作",
        "debugScore": 97.27,
        "firstConsScore": 270.6,
        "algorthmScore": 307.46
    },
    {
        "case_id": "2326",
        "case_type": "数字操作",
        "debugScore": 239.2,
        "firstConsScore": 200.28,
        "algorthmScore": 150.72
    },
    {
        "case_id": "2402",
        "case_type": "数字操作",
        "debugScore": 115.64,
        "firstConsScore": 159.36,
        "algorthmScore": 182.17
    },
    {
        "case_id": "2401",
        "case_type": "数字操作",
        "debugScore": 88.98,
        "firstConsScore": 260.42,
        "algorthmScore": 277.09
    },
    {
        "case_id": "2324",
        "case_type": "数字操作",
        "debugScore": 104.1,
        "firstConsScore": 237.37,
        "algorthmScore": 238.57
    },
    {
        "case_id": "2367",
        "case_type": "数字操作",
        "debugScore": 91.57,
        "firstConsScore": 284.83,
        "algorthmScore": 218.37
    },
    {
        "case_id": "2421",
        "case_type": "数字操作",
        "debugScore": 77.62,
        "firstConsScore": 243.19,
        "algorthmScore": 248.66
    },
    {
        "case_id": "2322",
        "case_type": "数字操作",
        "debugScore": 332.02,
        "firstConsScore": 209.41,
        "algorthmScore": 196.56
    },
    {
        "case_id": "2442",
        "case_type": "数字操作",
        "debugScore": 80.59,
        "firstConsScore": 220.51,
        "algorthmScore": 180.19
    },
    {
        "case_id": "2420",
        "case_type": "数字操作",
        "debugScore": 68.03,
        "firstConsScore": 185.36,
        "algorthmScore": 204.7
    },
    {
        "case_id": "2321",
        "case_type": "数字操作",
        "debugScore": 101.51,
        "firstConsScore": 279.04,
        "algorthmScore": 237.32
    },
    {
        "case_id": "2409",
        "case_type": "数字操作",
        "debugScore": 73.83,
        "firstConsScore": 227.41,
        "algorthmScore": 126.69
    },
    {
        "case_id": "2408",
        "case_type": "数字操作",
        "debugScore": 76.42,
        "firstConsScore": 189.73,
        "algorthmScore": 174.88
    },
    {
        "case_id": "2407",
        "case_type": "数字操作",
        "debugScore": 76.67,
        "firstConsScore": 265.68,
        "algorthmScore": 264.25
    },
    {
        "case_id": "2329",
        "case_type": "数字操作",
        "debugScore": 112.07,
        "firstConsScore": 276.63,
        "algorthmScore": 211.22
    },
    {
        "case_id": "2364",
        "case_type": "数字操作",
        "debugScore": 96.03,
        "firstConsScore": 215.94,
        "algorthmScore": 191.77
    },
    {
        "case_id": "2363",
        "case_type": "数字操作",
        "debugScore": 86.27,
        "firstConsScore": 238.26,
        "algorthmScore": 237.43
    },
    {
        "case_id": "2362",
        "case_type": "数字操作",
        "debugScore": 82.97,
        "firstConsScore": 220.68,
        "algorthmScore": 269.82
    },
    {
        "case_id": "2162",
        "case_type": "数字操作",
        "debugScore": 89.14,
        "firstConsScore": 321.43,
        "algorthmScore": 251.18
    },
    {
        "case_id": "2360",
        "case_type": "数字操作",
        "debugScore": 105.44,
        "firstConsScore": 238.15,
        "algorthmScore": 237.56
    },
    {
        "case_id": "2381",
        "case_type": "数字操作",
        "debugScore": 77.8,
        "firstConsScore": 274.51,
        "algorthmScore": 237.62
    },
    {
        "case_id": "2239",
        "case_type": "数字操作",
        "debugScore": 88.57,
        "firstConsScore": 218.31,
        "algorthmScore": 160.03
    },
    {
        "case_id": "2216",
        "case_type": "数字操作",
        "debugScore": 111.64,
        "firstConsScore": 210.35,
        "algorthmScore": 234.04
    },
    {
        "case_id": "2379",
        "case_type": "数字操作",
        "debugScore": 570.61,
        "firstConsScore": 307.62,
        "algorthmScore": 253.9
    },
    {
        "case_id": "2411",
        "case_type": "数字操作",
        "debugScore": 74.09,
        "firstConsScore": 171.8,
        "algorthmScore": 105.65
    },
    {
        "case_id": "2377",
        "case_type": "数字操作",
        "debugScore": 66.45,
        "firstConsScore": 198.62,
        "algorthmScore": 243.41
    },
    {
        "case_id": "2332",
        "case_type": "数字操作",
        "debugScore": 103.86,
        "firstConsScore": 224.41,
        "algorthmScore": 236.94
    },
    {
        "case_id": "2419",
        "case_type": "数字操作",
        "debugScore": 1006.23,
        "firstConsScore": 139.37,
        "algorthmScore": 202.44
    },
    {
        "case_id": "2518",
        "case_type": "数字操作",
        "debugScore": 75.59,
        "firstConsScore": 178.89,
        "algorthmScore": 121.6
    }
]