[
    {
        "case_id": "2305",
        "case_type": "图结构",
        "debugScore": 151.47,
        "firstConsScore": 275.38,
        "algorthmScore": 263.29
    },
    {
        "case_id": "2316",
        "case_type": "图结构",
        "debugScore": 161.56,
        "firstConsScore": 401.39,
        "algorthmScore": 317.73
    },
    {
        "case_id": "2536",
        "case_type": "图结构",
        "debugScore": 115.41,
        "firstConsScore": 251.29,
        "algorthmScore": 322.62
    },
    {
        "case_id": "2348",
        "case_type": "图结构",
        "debugScore": 125.51,
        "firstConsScore": 302.83,
        "algorthmScore": 284.97
    },
    {
        "case_id": "2347",
        "case_type": "图结构",
        "debugScore": 204.4,
        "firstConsScore": 283.76,
        "algorthmScore": 257.29
    },
    {
        "case_id": "2235",
        "case_type": "图结构",
        "debugScore": 164.61,
        "firstConsScore": 854.59,
        "algorthmScore": 276.68
    },
    {
        "case_id": "2444",
        "case_type": "图结构",
        "debugScore": 89.46,
        "firstConsScore": 250.27,
        "algorthmScore": 357.44
    },
    {
        "case_id": "2343",
        "case_type": "图结构",
        "debugScore": 159.91,
        "firstConsScore": 227.05,
        "algorthmScore": 339.03
    },
    {
        "case_id": "2354",
        "case_type": "图结构",
        "debugScore": 501.06,
        "firstConsScore": 208.89,
        "algorthmScore": 335.85
    },
    {
        "case_id": "2331",
        "case_type": "图结构",
        "debugScore": 130.47,
        "firstConsScore": 282.72,
        "algorthmScore": 354.83
    },
    {
        "case_id": "2352",
        "case_type": "图结构",
        "debugScore": 125.91,
        "firstConsScore": 237.66,
        "algorthmScore": 306.6
    },
    {
        "case_id": "2704",
        "case_type": "图结构",
        "debugScore": 115.53,
        "firstConsScore": 215.51,
        "algorthmScore": 310.97
    }
]