[
    {
        "case_id": "2694",
        "case_type": "查找算法",
        "debugScore": 106.82,
        "firstConsScore": 200.94,
        "algorthmScore": 347.45
    },
    {
        "case_id": "2570",
        "case_type": "查找算法",
        "debugScore": 106.26,
        "firstConsScore": 186.93,
        "algorthmScore": 281.82
    },
    {
        "case_id": "2701",
        "case_type": "查找算法",
        "debugScore": 98.47,
        "firstConsScore": 167.73,
        "algorthmScore": 270.78
    },
    {
        "case_id": "2745",
        "case_type": "查找算法",
        "debugScore": 103.02,
        "firstConsScore": 166.99,
        "algorthmScore": 252.02
    },
    {
        "case_id": "2711",
        "case_type": "查找算法",
        "debugScore": 109.95,
        "firstConsScore": 167.68,
        "algorthmScore": 214.75
    },
    {
        "case_id": "2567",
        "case_type": "查找算法",
        "debugScore": 468.07,
        "firstConsScore": 71.08,
        "algorthmScore": 284.76
    },
    {
        "case_id": "2720",
        "case_type": "查找算法",
        "debugScore": 95.1,
        "firstConsScore": 157.29,
        "algorthmScore": 261.2
    },
    {
        "case_id": "2729",
        "case_type": "查找算法",
        "debugScore": 857.54,
        "firstConsScore": 84.89,
        "algorthmScore": 217.41
    },
    {
        "case_id": "2707",
        "case_type": "查找算法",
        "debugScore": 82.37,
        "firstConsScore": 169.24,
        "algorthmScore": 227.58
    },
    {
        "case_id": "2718",
        "case_type": "查找算法",
        "debugScore": 114.84,
        "firstConsScore": 157.14,
        "algorthmScore": 231.16
    },
    {
        "case_id": "2706",
        "case_type": "查找算法",
        "debugScore": 98.66,
        "firstConsScore": 256.12,
        "algorthmScore": 272.45
    },
    {
        "case_id": "2717",
        "case_type": "查找算法",
        "debugScore": 89.71,
        "firstConsScore": 198.21,
        "algorthmScore": 259.82
    },
    {
        "case_id": "2606",
        "case_type": "查找算法",
        "debugScore": 698.49,
        "firstConsScore": 183.85,
        "algorthmScore": 234.81
    },
    {
        "case_id": "2716",
        "case_type": "查找算法",
        "debugScore": 130.92,
        "firstConsScore": 258.69,
        "algorthmScore": 244.31
    },
    {
        "case_id": "2639",
        "case_type": "查找算法",
        "debugScore": 586.15,
        "firstConsScore": 104.13,
        "algorthmScore": 256.13
    },
    {
        "case_id": "2705",
        "case_type": "查找算法",
        "debugScore": 86.41,
        "firstConsScore": 173.41,
        "algorthmScore": 273.95
    },
    {
        "case_id": "2737",
        "case_type": "查找算法",
        "debugScore": 77.12,
        "firstConsScore": 164.54,
        "algorthmScore": 276.68
    },
    {
        "case_id": "2715",
        "case_type": "查找算法",
        "debugScore": 169.82,
        "firstConsScore": 145.71,
        "algorthmScore": 222.4
    },
    {
        "case_id": "2726",
        "case_type": "查找算法",
        "debugScore": 101.13,
        "firstConsScore": 168.1,
        "algorthmScore": 296.08
    },
    {
        "case_id": "2703",
        "case_type": "查找算法",
        "debugScore": 92.62,
        "firstConsScore": 179.92,
        "algorthmScore": 250.61
    }
]